{
    "teacher_grad_norm_mean": 0.0016292836517095566,
    "teacher_grad_norm_std": 0.0004310162621550262,
    "teacher_logit_mean": 5.733017921447754,
    "teacher_logit_std": 1.5752094984054565,
    "teacher_lipschitz_mean": 0.876528799533844,
    "teacher_lipschitz_std": 0.32920193672180176,
    "teacher_robustness/noise_0.0_mean": -27.938084956029442,
    "teacher_robustness/noise_0.0_std": 182.44380332328558,
    "student_1_grad_norm_mean": 0.0008308790856972337,
    "student_1_grad_norm_std": 0.00031383964233100414,
    "student_1_logit_mean": 4.924780368804932,
    "student_1_logit_std": 1.298388957977295,
    "student_1_lipschitz_mean": 0.43601730465888977,
    "student_1_lipschitz_std": 0.19875125586986542,
    "student_1_robustness/noise_0.0_mean": -27.431877780927238,
    "student_1_robustness/noise_0.0_std": 147.83469782810388,
    "student_2_grad_norm_mean": 0.0007246421882882714,
    "student_2_grad_norm_std": 0.0004052169679198414,
    "student_2_logit_mean": 3.218021869659424,
    "student_2_logit_std": 1.123086929321289,
    "student_2_lipschitz_mean": 0.27527159452438354,
    "student_2_lipschitz_std": 0.18909640610218048,
    "student_2_robustness/noise_0.0_mean": -14.479739196841257,
    "student_2_robustness/noise_0.0_std": 11.255189914521033,
    "student_3_grad_norm_mean": 0.00044065358815714717,
    "student_3_grad_norm_std": 0.00035407673567533493,
    "student_3_logit_mean": 2.46624755859375,
    "student_3_logit_std": 0.7891780734062195,
    "student_3_lipschitz_mean": 0.13579046726226807,
    "student_3_lipschitz_std": 0.12777261435985565,
    "student_3_robustness/noise_0.0_mean": -12.921647127339133,
    "student_3_robustness/noise_0.0_std": 11.867299857434258,
    "student_4_grad_norm_mean": 0.0011345160892233253,
    "student_4_grad_norm_std": 0.0003554253198672086,
    "student_4_logit_mean": 5.549643516540527,
    "student_4_logit_std": 1.5035978555679321,
    "student_4_lipschitz_mean": 0.6574063897132874,
    "student_4_lipschitz_std": 0.252085417509079,
    "student_4_robustness/noise_0.0_mean": -12.895260131532744,
    "student_4_robustness/noise_0.0_std": 13.44494168666517,
    "student_5_grad_norm_mean": 0.0009727535070851445,
    "student_5_grad_norm_std": 0.00036078362609259784,
    "student_5_logit_mean": 5.110558986663818,
    "student_5_logit_std": 1.331937313079834,
    "student_5_lipschitz_mean": 0.5743306279182434,
    "student_5_lipschitz_std": 0.2524081766605377,
    "student_5_robustness/noise_0.0_mean": -10.458282211571731,
    "student_5_robustness/noise_0.0_std": 8.552697272754624,
    "student_6_grad_norm_mean": 0.0007899857591837645,
    "student_6_grad_norm_std": 0.0004138904332648963,
    "student_6_logit_mean": 4.444267272949219,
    "student_6_logit_std": 1.255789041519165,
    "student_6_lipschitz_mean": 0.38856789469718933,
    "student_6_lipschitz_std": 0.24487611651420593,
    "student_6_robustness/noise_0.0_mean": -13.450807005660444,
    "student_6_robustness/noise_0.0_std": 8.978230818112896,
    "student_7_grad_norm_mean": 0.0012604000512510538,
    "student_7_grad_norm_std": 0.00038247377960942686,
    "student_7_logit_mean": 5.311838150024414,
    "student_7_logit_std": 1.448750615119934,
    "student_7_lipschitz_mean": 0.7053766250610352,
    "student_7_lipschitz_std": 0.2732747495174408,
    "student_7_robustness/noise_0.0_mean": -30.319375395352512,
    "student_7_robustness/noise_0.0_std": 180.08411079702427,
    "student_8_grad_norm_mean": 0.0011363475350663066,
    "student_8_grad_norm_std": 0.0003609770501498133,
    "student_8_logit_mean": 5.41437292098999,
    "student_8_logit_std": 1.439957618713379,
    "student_8_lipschitz_mean": 0.6607986092567444,
    "student_8_lipschitz_std": 0.26502737402915955,
    "student_8_robustness/noise_0.0_mean": -31.69704672343208,
    "student_8_robustness/noise_0.0_std": 180.471573194004,
    "student_9_grad_norm_mean": 0.0010009943507611752,
    "student_9_grad_norm_std": 0.0003998993197456002,
    "student_9_logit_mean": 5.068732261657715,
    "student_9_logit_std": 1.337385654449463,
    "student_9_lipschitz_mean": 0.5722355842590332,
    "student_9_lipschitz_std": 0.26683875918388367,
    "student_9_robustness/noise_0.0_mean": -18.1523404844974,
    "student_9_robustness/noise_0.0_std": 44.300318989324055,
    "student_10_grad_norm_mean": 0.0012943206820636988,
    "student_10_grad_norm_std": 0.00038244802271947265,
    "student_10_logit_mean": 5.273216724395752,
    "student_10_logit_std": 1.4527466297149658,
    "student_10_lipschitz_mean": 0.7178156971931458,
    "student_10_lipschitz_std": 0.2789359390735626,
    "student_10_robustness/noise_0.0_mean": -12.703054818148365,
    "student_10_robustness/noise_0.0_std": 22.152699734443637,
    "student_11_grad_norm_mean": 0.0012222465593367815,
    "student_11_grad_norm_std": 0.0004122462123632431,
    "student_11_logit_mean": 5.137879848480225,
    "student_11_logit_std": 1.3238186836242676,
    "student_11_lipschitz_mean": 0.6887273788452148,
    "student_11_lipschitz_std": 0.2827725112438202,
    "student_11_robustness/noise_0.0_mean": -10.190020751252272,
    "student_11_robustness/noise_0.0_std": 9.166625613909174,
    "student_12_grad_norm_mean": 0.0011251737596467137,
    "student_12_grad_norm_std": 0.0003764344728551805,
    "student_12_logit_mean": 5.359013557434082,
    "student_12_logit_std": 1.4115065336227417,
    "student_12_lipschitz_mean": 0.6498088836669922,
    "student_12_lipschitz_std": 0.2609595060348511,
    "student_12_robustness/noise_0.0_mean": -11.786018510569114,
    "student_12_robustness/noise_0.0_std": 16.017315209309324,
    "seed": 1129
}