{
    "teacher_grad_norm_mean": 0.0008205191697925329,
    "teacher_grad_norm_std": 0.0002937541576102376,
    "teacher_logit_mean": 1.1780569553375244,
    "teacher_logit_std": 0.7365478277206421,
    "teacher_lipschitz_mean": 0.9252793788909912,
    "teacher_lipschitz_std": 0.42424848675727844,
    "teacher_robustness/noise_0.0_mean": 1363.8618584104047,
    "teacher_robustness/noise_0.0_std": 312.46968475280346,
    "student_1_grad_norm_mean": 0.0005595112452283502,
    "student_1_grad_norm_std": 0.0002178015565732494,
    "student_1_logit_mean": 1.1282817125320435,
    "student_1_logit_std": 0.7215708494186401,
    "student_1_lipschitz_mean": 0.6150497794151306,
    "student_1_lipschitz_std": 0.2894471287727356,
    "student_1_robustness/noise_0.0_mean": 702.2321756202671,
    "student_1_robustness/noise_0.0_std": 13.545505135713693,
    "student_2_grad_norm_mean": 0.00036934419767931104,
    "student_2_grad_norm_std": 0.00015994295245036483,
    "student_2_logit_mean": 1.1033787727355957,
    "student_2_logit_std": 0.6843934655189514,
    "student_2_lipschitz_mean": 0.4291980266571045,
    "student_2_lipschitz_std": 0.22177012264728546,
    "student_2_robustness/noise_0.0_mean": 655.2207435429802,
    "student_2_robustness/noise_0.0_std": 3.6338656434700995,
    "student_3_grad_norm_mean": 0.00024372611369471997,
    "student_3_grad_norm_std": 0.00013300759019330144,
    "student_3_logit_mean": 0.955681324005127,
    "student_3_logit_std": 0.5225727558135986,
    "student_3_lipschitz_mean": 0.2498713582754135,
    "student_3_lipschitz_std": 0.16127026081085205,
    "student_3_robustness/noise_0.0_mean": 61.24985818800742,
    "student_3_robustness/noise_0.0_std": 2.215474943647494,
    "student_4_grad_norm_mean": 0.000807735079433769,
    "student_4_grad_norm_std": 0.00029500064556486905,
    "student_4_logit_mean": 1.14384126663208,
    "student_4_logit_std": 0.740332841873169,
    "student_4_lipschitz_mean": 0.8542468547821045,
    "student_4_lipschitz_std": 0.42068997025489807,
    "student_4_robustness/noise_0.0_mean": 1135.6818085370223,
    "student_4_robustness/noise_0.0_std": 196.75100899655263,
    "student_5_grad_norm_mean": 0.000719357980415225,
    "student_5_grad_norm_std": 0.00029140786500647664,
    "student_5_logit_mean": 1.1698482036590576,
    "student_5_logit_std": 0.7312113642692566,
    "student_5_lipschitz_mean": 0.8087080121040344,
    "student_5_lipschitz_std": 0.4055117964744568,
    "student_5_robustness/noise_0.0_mean": 865.8964890000556,
    "student_5_robustness/noise_0.0_std": 28.896075569473208,
    "student_6_grad_norm_mean": 0.0005964691517874599,
    "student_6_grad_norm_std": 0.0002459185488987714,
    "student_6_logit_mean": 1.1524749994277954,
    "student_6_logit_std": 0.7126825451850891,
    "student_6_lipschitz_mean": 0.6699256300926208,
    "student_6_lipschitz_std": 0.3704189956188202,
    "student_6_robustness/noise_0.0_mean": 799.9205550651997,
    "student_6_robustness/noise_0.0_std": 11.104967970059162,
    "student_7_grad_norm_mean": 0.0007980905938893557,
    "student_7_grad_norm_std": 0.0002875506761483848,
    "student_7_logit_mean": 1.1703778505325317,
    "student_7_logit_std": 0.7297939658164978,
    "student_7_lipschitz_mean": 0.892634928226471,
    "student_7_lipschitz_std": 0.42160630226135254,
    "student_7_robustness/noise_0.0_mean": 1260.2077830928588,
    "student_7_robustness/noise_0.0_std": 182.86676261507154,
    "student_8_grad_norm_mean": 0.0008232159889303148,
    "student_8_grad_norm_std": 0.0003127984527964145,
    "student_8_logit_mean": 1.1702122688293457,
    "student_8_logit_std": 0.7270870804786682,
    "student_8_lipschitz_mean": 0.8926287889480591,
    "student_8_lipschitz_std": 0.43553876876831055,
    "student_8_robustness/noise_0.0_mean": 1342.910362006322,
    "student_8_robustness/noise_0.0_std": 226.3100603599235,
    "student_9_grad_norm_mean": 0.0007603918784298003,
    "student_9_grad_norm_std": 0.00032333433046005666,
    "student_9_logit_mean": 1.1741654872894287,
    "student_9_logit_std": 0.7461873292922974,
    "student_9_lipschitz_mean": 0.8396221399307251,
    "student_9_lipschitz_std": 0.43053606152534485,
    "student_9_robustness/noise_0.0_mean": 928.8326679697587,
    "student_9_robustness/noise_0.0_std": 59.99844456473627,
    "student_10_grad_norm_mean": 0.0008178113494068384,
    "student_10_grad_norm_std": 0.0002916374069172889,
    "student_10_logit_mean": 1.18275785446167,
    "student_10_logit_std": 0.7333838939666748,
    "student_10_lipschitz_mean": 0.9142748713493347,
    "student_10_lipschitz_std": 0.42378315329551697,
    "student_10_robustness/noise_0.0_mean": 1365.1696417782514,
    "student_10_robustness/noise_0.0_std": 282.5220655098619,
    "student_11_grad_norm_mean": 0.0008042848203331232,
    "student_11_grad_norm_std": 0.00031503188074566424,
    "student_11_logit_mean": 1.153388261795044,
    "student_11_logit_std": 0.7218002080917358,
    "student_11_lipschitz_mean": 0.8976408243179321,
    "student_11_lipschitz_std": 0.43357354402542114,
    "student_11_robustness/noise_0.0_mean": 1334.582978694888,
    "student_11_robustness/noise_0.0_std": 447.66662513359256,
    "student_12_grad_norm_mean": 0.0007914102170616388,
    "student_12_grad_norm_std": 0.0003173926961608231,
    "student_12_logit_mean": 1.1767382621765137,
    "student_12_logit_std": 0.7238147854804993,
    "student_12_lipschitz_mean": 0.847360372543335,
    "student_12_lipschitz_std": 0.42465150356292725,
    "student_12_robustness/noise_0.0_mean": 1399.585333757598,
    "student_12_robustness/noise_0.0_std": 156.88225418087134,
    "seed": 0
}