{
    "teacher_grad_norm_mean": 0.0003344742872286588,
    "teacher_grad_norm_std": 0.00013296661200001836,
    "teacher_logit_mean": 0.5304704308509827,
    "teacher_logit_std": 0.3993246257305145,
    "teacher_lipschitz_mean": 0.35698196291923523,
    "teacher_lipschitz_std": 0.19548672437667847,
    "teacher_robustness/noise_0.0_mean": 611.7094789435175,
    "teacher_robustness/noise_0.0_std": 4.298127922940279,
    "student_1_grad_norm_mean": 0.0003123666683677584,
    "student_1_grad_norm_std": 0.00010185436258325353,
    "student_1_logit_mean": 0.5226579308509827,
    "student_1_logit_std": 0.3886986970901489,
    "student_1_lipschitz_mean": 0.28582635521888733,
    "student_1_lipschitz_std": 0.14970973134040833,
    "student_1_robustness/noise_0.0_mean": 579.2562895391799,
    "student_1_robustness/noise_0.0_std": 68.74059653103133,
    "student_2_grad_norm_mean": 0.00027928734198212624,
    "student_2_grad_norm_std": 0.00010335136903449893,
    "student_2_logit_mean": 0.5184856653213501,
    "student_2_logit_std": 0.3753099739551544,
    "student_2_lipschitz_mean": 0.2542046010494232,
    "student_2_lipschitz_std": 0.14855626225471497,
    "student_2_robustness/noise_0.0_mean": 664.4128923218661,
    "student_2_robustness/noise_0.0_std": 25.991222806312255,
    "student_3_grad_norm_mean": 0.0002072493953164667,
    "student_3_grad_norm_std": 0.00010198248492088169,
    "student_3_logit_mean": 0.5223883390426636,
    "student_3_logit_std": 0.35186269879341125,
    "student_3_lipschitz_mean": 0.20192836225032806,
    "student_3_lipschitz_std": 0.12634217739105225,
    "student_3_robustness/noise_0.0_mean": 545.507329276826,
    "student_3_robustness/noise_0.0_std": 76.52836906772696,
    "student_4_grad_norm_mean": 0.0003143755893688649,
    "student_4_grad_norm_std": 0.0001117441279347986,
    "student_4_logit_mean": 0.5243579745292664,
    "student_4_logit_std": 0.39470142126083374,
    "student_4_lipschitz_mean": 0.32851582765579224,
    "student_4_lipschitz_std": 0.17056569457054138,
    "student_4_robustness/noise_0.0_mean": 602.6637384577535,
    "student_4_robustness/noise_0.0_std": 2.7611377738975533,
    "student_5_grad_norm_mean": 0.0002837585052475333,
    "student_5_grad_norm_std": 0.00010027250391431153,
    "student_5_logit_mean": 0.5276724696159363,
    "student_5_logit_std": 0.39920946955680847,
    "student_5_lipschitz_mean": 0.29622769355773926,
    "student_5_lipschitz_std": 0.1564798802137375,
    "student_5_robustness/noise_0.0_mean": 594.15789080075,
    "student_5_robustness/noise_0.0_std": 3.9310505614069253,
    "student_6_grad_norm_mean": 0.0002751975553110242,
    "student_6_grad_norm_std": 0.00011557474499568343,
    "student_6_logit_mean": 0.5353188514709473,
    "student_6_logit_std": 0.39356666803359985,
    "student_6_lipschitz_mean": 0.2737036943435669,
    "student_6_lipschitz_std": 0.15833662450313568,
    "student_6_robustness/noise_0.0_mean": 427.99907206566223,
    "student_6_robustness/noise_0.0_std": 47.807745558328676,
    "student_7_grad_norm_mean": 0.000333887932356447,
    "student_7_grad_norm_std": 0.00012173116556368768,
    "student_7_logit_mean": 0.5280467867851257,
    "student_7_logit_std": 0.3917759656906128,
    "student_7_lipschitz_mean": 0.3452420234680176,
    "student_7_lipschitz_std": 0.1817198246717453,
    "student_7_robustness/noise_0.0_mean": 610.0904073632821,
    "student_7_robustness/noise_0.0_std": 2.9552824938786895,
    "student_8_grad_norm_mean": 0.00032888606074266136,
    "student_8_grad_norm_std": 0.00013881151971872896,
    "student_8_logit_mean": 0.5234428644180298,
    "student_8_logit_std": 0.39233583211898804,
    "student_8_lipschitz_mean": 0.32786092162132263,
    "student_8_lipschitz_std": 0.1799275279045105,
    "student_8_robustness/noise_0.0_mean": 618.3511410339667,
    "student_8_robustness/noise_0.0_std": 3.606545723210266,
    "student_9_grad_norm_mean": 0.0003044927434530109,
    "student_9_grad_norm_std": 0.00010381950414739549,
    "student_9_logit_mean": 0.5240423679351807,
    "student_9_logit_std": 0.3920923173427582,
    "student_9_lipschitz_mean": 0.3275390863418579,
    "student_9_lipschitz_std": 0.1922253519296646,
    "student_9_robustness/noise_0.0_mean": 582.9929168772229,
    "student_9_robustness/noise_0.0_std": 3.2368109899495634,
    "student_10_grad_norm_mean": 0.00033270748099312186,
    "student_10_grad_norm_std": 0.00013216958905104548,
    "student_10_logit_mean": 0.5307393670082092,
    "student_10_logit_std": 0.39892199635505676,
    "student_10_lipschitz_mean": 0.35330748558044434,
    "student_10_lipschitz_std": 0.18955108523368835,
    "student_10_robustness/noise_0.0_mean": 606.471666263142,
    "student_10_robustness/noise_0.0_std": 4.958489254490952,
    "student_11_grad_norm_mean": 0.00032980518881231546,
    "student_11_grad_norm_std": 0.00013652809138875455,
    "student_11_logit_mean": 0.5225015878677368,
    "student_11_logit_std": 0.39855000376701355,
    "student_11_lipschitz_mean": 0.3486459255218506,
    "student_11_lipschitz_std": 0.19546930491924286,
    "student_11_robustness/noise_0.0_mean": 604.7215299675271,
    "student_11_robustness/noise_0.0_std": 5.91110081360316,
    "student_12_grad_norm_mean": 0.0003214337630197406,
    "student_12_grad_norm_std": 0.0001337643334409222,
    "student_12_logit_mean": 0.5299830436706543,
    "student_12_logit_std": 0.396849662065506,
    "student_12_lipschitz_mean": 0.33466485142707825,
    "student_12_lipschitz_std": 0.18135152757167816,
    "student_12_robustness/noise_0.0_mean": 626.1195761918268,
    "student_12_robustness/noise_0.0_std": 2.3987778899849865,
    "seed": 1
}