{
    "teacher_grad_norm_mean": 0.0017316662706434727,
    "teacher_grad_norm_std": 0.0005243054474703968,
    "teacher_logit_mean": 6.275580406188965,
    "teacher_logit_std": 1.8984979391098022,
    "teacher_lipschitz_mean": 0.9519794583320618,
    "teacher_lipschitz_std": 0.4123319387435913,
    "teacher_robustness/noise_0.0_mean": -27.20849021084442,
    "teacher_robustness/noise_0.0_std": 96.0103322035286,
    "student_1_grad_norm_mean": 0.0011820134241133928,
    "student_1_grad_norm_std": 0.00039824689156375825,
    "student_1_logit_mean": 5.810632228851318,
    "student_1_logit_std": 1.821880578994751,
    "student_1_lipschitz_mean": 0.63825923204422,
    "student_1_lipschitz_std": 0.2758029103279114,
    "student_1_robustness/noise_0.0_mean": -17.588384680201496,
    "student_1_robustness/noise_0.0_std": 12.14761741520441,
    "student_2_grad_norm_mean": 0.0010615958599373698,
    "student_2_grad_norm_std": 0.0003675248008221388,
    "student_2_logit_mean": 5.638128757476807,
    "student_2_logit_std": 1.6207683086395264,
    "student_2_lipschitz_mean": 0.6099241971969604,
    "student_2_lipschitz_std": 0.25753703713417053,
    "student_2_robustness/noise_0.0_mean": -17.424735450348585,
    "student_2_robustness/noise_0.0_std": 13.185856640132805,
    "student_3_grad_norm_mean": 0.000865544134285301,
    "student_3_grad_norm_std": 0.00034269088064320385,
    "student_3_logit_mean": 4.800742149353027,
    "student_3_logit_std": 1.2415742874145508,
    "student_3_lipschitz_mean": 0.4979454278945923,
    "student_3_lipschitz_std": 0.23655599355697632,
    "student_3_robustness/noise_0.0_mean": -15.014820229547038,
    "student_3_robustness/noise_0.0_std": 13.82726766972629,
    "student_4_grad_norm_mean": 0.0013653818750753999,
    "student_4_grad_norm_std": 0.0004267293552402407,
    "student_4_logit_mean": 6.062345504760742,
    "student_4_logit_std": 1.9560203552246094,
    "student_4_lipschitz_mean": 0.7327311635017395,
    "student_4_lipschitz_std": 0.32567161321640015,
    "student_4_robustness/noise_0.0_mean": -25.64741830012697,
    "student_4_robustness/noise_0.0_std": 100.78959605814784,
    "student_5_grad_norm_mean": 0.0012577970046550035,
    "student_5_grad_norm_std": 0.00040434623952023685,
    "student_5_logit_mean": 6.062201023101807,
    "student_5_logit_std": 1.7445002794265747,
    "student_5_lipschitz_mean": 0.7002622485160828,
    "student_5_lipschitz_std": 0.28945761919021606,
    "student_5_robustness/noise_0.0_mean": -36.6067628395415,
    "student_5_robustness/noise_0.0_std": 148.3288167940437,
    "student_6_grad_norm_mean": 0.001241031801328063,
    "student_6_grad_norm_std": 0.00044256143155507743,
    "student_6_logit_mean": 5.937780380249023,
    "student_6_logit_std": 1.777078628540039,
    "student_6_lipschitz_mean": 0.7004850506782532,
    "student_6_lipschitz_std": 0.31635144352912903,
    "student_6_robustness/noise_0.0_mean": -25.096507412519536,
    "student_6_robustness/noise_0.0_std": 115.79518306261686,
    "student_7_grad_norm_mean": 0.0014350665733218193,
    "student_7_grad_norm_std": 0.0004068646812811494,
    "student_7_logit_mean": 6.150385856628418,
    "student_7_logit_std": 1.8880478143692017,
    "student_7_lipschitz_mean": 0.784026026725769,
    "student_7_lipschitz_std": 0.3639426827430725,
    "student_7_robustness/noise_0.0_mean": -18.384956106949225,
    "student_7_robustness/noise_0.0_std": 12.603522874040042,
    "student_8_grad_norm_mean": 0.00134099496062845,
    "student_8_grad_norm_std": 0.0004000556073151529,
    "student_8_logit_mean": 6.287722110748291,
    "student_8_logit_std": 1.7340257167816162,
    "student_8_lipschitz_mean": 0.7325220108032227,
    "student_8_lipschitz_std": 0.292632520198822,
    "student_8_robustness/noise_0.0_mean": -15.807993539749855,
    "student_8_robustness/noise_0.0_std": 11.242435971056615,
    "student_9_grad_norm_mean": 0.0013502899091690779,
    "student_9_grad_norm_std": 0.0004366049251984805,
    "student_9_logit_mean": 6.031404972076416,
    "student_9_logit_std": 1.8361295461654663,
    "student_9_lipschitz_mean": 0.7440893054008484,
    "student_9_lipschitz_std": 0.3324315845966339,
    "student_9_robustness/noise_0.0_mean": -27.151257974439332,
    "student_9_robustness/noise_0.0_std": 86.15575675064254,
    "student_10_grad_norm_mean": 0.0014166039181873202,
    "student_10_grad_norm_std": 0.00038089993176981807,
    "student_10_logit_mean": 6.374415874481201,
    "student_10_logit_std": 1.8575752973556519,
    "student_10_lipschitz_mean": 0.7760886549949646,
    "student_10_lipschitz_std": 0.3182351291179657,
    "student_10_robustness/noise_0.0_mean": -15.211546178087918,
    "student_10_robustness/noise_0.0_std": 8.890040990258456,
    "student_11_grad_norm_mean": 0.0014617429114878178,
    "student_11_grad_norm_std": 0.00040088201058097184,
    "student_11_logit_mean": 6.187126636505127,
    "student_11_logit_std": 1.8619279861450195,
    "student_11_lipschitz_mean": 0.7987220287322998,
    "student_11_lipschitz_std": 0.34068429470062256,
    "student_11_robustness/noise_0.0_mean": -19.10357051015116,
    "student_11_robustness/noise_0.0_std": 24.437180869512417,
    "student_12_grad_norm_mean": 0.0013801050372421741,
    "student_12_grad_norm_std": 0.00043466113856993616,
    "student_12_logit_mean": 6.107972621917725,
    "student_12_logit_std": 1.8071829080581665,
    "student_12_lipschitz_mean": 0.7698298692703247,
    "student_12_lipschitz_std": 0.33223631978034973,
    "student_12_robustness/noise_0.0_mean": -17.568894957212596,
    "student_12_robustness/noise_0.0_std": 11.963632952836269,
    "seed": 784025
}