{
    "teacher_grad_norm_mean": 0.001068084267899394,
    "teacher_grad_norm_std": 0.00033521323348395526,
    "teacher_logit_mean": 4.546785831451416,
    "teacher_logit_std": 1.3650349378585815,
    "teacher_lipschitz_mean": 1.2680245637893677,
    "teacher_lipschitz_std": 0.5419689416885376,
    "teacher_robustness/noise_0.0_mean": 537.0997324867313,
    "teacher_robustness/noise_0.0_std": 183.08677696958654,
    "student_1_grad_norm_mean": 0.0006848017801530659,
    "student_1_grad_norm_std": 0.000257300358498469,
    "student_1_logit_mean": 4.1473917961120605,
    "student_1_logit_std": 1.1638432741165161,
    "student_1_lipschitz_mean": 0.8901198506355286,
    "student_1_lipschitz_std": 0.4180871248245239,
    "student_1_robustness/noise_0.0_mean": 426.9568992406738,
    "student_1_robustness/noise_0.0_std": 135.02017375808708,
    "student_2_grad_norm_mean": 0.000516931526362896,
    "student_2_grad_norm_std": 0.00026000544312410057,
    "student_2_logit_mean": 3.2527356147766113,
    "student_2_logit_std": 0.7530055642127991,
    "student_2_lipschitz_mean": 0.6642754673957825,
    "student_2_lipschitz_std": 0.3923942744731903,
    "student_2_robustness/noise_0.0_mean": 358.73715508785887,
    "student_2_robustness/noise_0.0_std": 155.34746456537917,
    "student_3_grad_norm_mean": 0.0003421670407988131,
    "student_3_grad_norm_std": 0.00020049815066158772,
    "student_3_logit_mean": 1.8894673585891724,
    "student_3_logit_std": 0.6327929496765137,
    "student_3_lipschitz_mean": 0.31323203444480896,
    "student_3_lipschitz_std": 0.24830089509487152,
    "student_3_robustness/noise_0.0_mean": 234.8900658725905,
    "student_3_robustness/noise_0.0_std": 192.9006006415717,
    "student_4_grad_norm_mean": 0.0008716876618564129,
    "student_4_grad_norm_std": 0.0002601372543722391,
    "student_4_logit_mean": 4.365077018737793,
    "student_4_logit_std": 1.3696900606155396,
    "student_4_lipschitz_mean": 1.0502955913543701,
    "student_4_lipschitz_std": 0.45809370279312134,
    "student_4_robustness/noise_0.0_mean": 426.0323214690016,
    "student_4_robustness/noise_0.0_std": 192.85667410096872,
    "student_5_grad_norm_mean": 0.0007567087304778397,
    "student_5_grad_norm_std": 0.0002868182782549411,
    "student_5_logit_mean": 4.217561721801758,
    "student_5_logit_std": 1.2189502716064453,
    "student_5_lipschitz_mean": 0.9803212881088257,
    "student_5_lipschitz_std": 0.4588741660118103,
    "student_5_robustness/noise_0.0_mean": 484.25193633421,
    "student_5_robustness/noise_0.0_std": 132.63731001838514,
    "student_6_grad_norm_mean": 0.0006095911958254874,
    "student_6_grad_norm_std": 0.0003343070566188544,
    "student_6_logit_mean": 3.8575525283813477,
    "student_6_logit_std": 0.9236020445823669,
    "student_6_lipschitz_mean": 0.8645591139793396,
    "student_6_lipschitz_std": 0.5211682915687561,
    "student_6_robustness/noise_0.0_mean": 431.1865386652039,
    "student_6_robustness/noise_0.0_std": 134.63294035689955,
    "student_7_grad_norm_mean": 0.0009624959784559906,
    "student_7_grad_norm_std": 0.0002918877580668777,
    "student_7_logit_mean": 4.433054447174072,
    "student_7_logit_std": 1.355211853981018,
    "student_7_lipschitz_mean": 1.1301478147506714,
    "student_7_lipschitz_std": 0.46250119805336,
    "student_7_robustness/noise_0.0_mean": 519.3283192913653,
    "student_7_robustness/noise_0.0_std": 145.48849046930314,
    "student_8_grad_norm_mean": 0.000896044890396297,
    "student_8_grad_norm_std": 0.00030318720382638276,
    "student_8_logit_mean": 4.2751569747924805,
    "student_8_logit_std": 1.3185174465179443,
    "student_8_lipschitz_mean": 1.0720510482788086,
    "student_8_lipschitz_std": 0.473667174577713,
    "student_8_robustness/noise_0.0_mean": 526.0538037737844,
    "student_8_robustness/noise_0.0_std": 99.78439694672807,
    "student_9_grad_norm_mean": 0.0007236488745547831,
    "student_9_grad_norm_std": 0.0003035057452507317,
    "student_9_logit_mean": 4.182310104370117,
    "student_9_logit_std": 1.1976292133331299,
    "student_9_lipschitz_mean": 0.9757040739059448,
    "student_9_lipschitz_std": 0.49819403886795044,
    "student_9_robustness/noise_0.0_mean": 405.15146131171946,
    "student_9_robustness/noise_0.0_std": 225.42477273866035,
    "student_10_grad_norm_mean": 0.0009984178468585014,
    "student_10_grad_norm_std": 0.00030201769550330937,
    "student_10_logit_mean": 4.485541820526123,
    "student_10_logit_std": 1.3906170129776,
    "student_10_lipschitz_mean": 1.1829791069030762,
    "student_10_lipschitz_std": 0.4875859320163727,
    "student_10_robustness/noise_0.0_mean": 470.1629835821542,
    "student_10_robustness/noise_0.0_std": 249.48770140321994,
    "student_11_grad_norm_mean": 0.0008950509363785386,
    "student_11_grad_norm_std": 0.0002729887783061713,
    "student_11_logit_mean": 4.342838764190674,
    "student_11_logit_std": 1.3202662467956543,
    "student_11_lipschitz_mean": 1.1085083484649658,
    "student_11_lipschitz_std": 0.46530643105506897,
    "student_11_robustness/noise_0.0_mean": 468.132466109886,
    "student_11_robustness/noise_0.0_std": 159.3084045359051,
    "student_12_grad_norm_mean": 0.0008419295772910118,
    "student_12_grad_norm_std": 0.00029602512950077653,
    "student_12_logit_mean": 4.231588363647461,
    "student_12_logit_std": 1.314186453819275,
    "student_12_lipschitz_mean": 1.0309512615203857,
    "student_12_lipschitz_std": 0.4747585952281952,
    "student_12_robustness/noise_0.0_mean": 408.55754796881985,
    "student_12_robustness/noise_0.0_std": 193.72227204831242,
    "seed": 813018
}