{
    "teacher_grad_norm_mean": 0.003153688507154584,
    "teacher_grad_norm_std": 0.0007525421096943319,
    "teacher_logit_mean": 2.4023935794830322,
    "teacher_logit_std": 0.11028630286455154,
    "teacher_lipschitz_mean": 4.514618396759033,
    "teacher_lipschitz_std": 2.272155284881592,
    "teacher_robustness/noise_0.0_mean": -176.7324065352394,
    "teacher_robustness/noise_0.0_std": 33.22703110700175,
    "student_1_grad_norm_mean": 0.004111243411898613,
    "student_1_grad_norm_std": 0.0002661513281054795,
    "student_1_logit_mean": 2.578963279724121,
    "student_1_logit_std": 0.19055883586406708,
    "student_1_lipschitz_mean": 3.3336949348449707,
    "student_1_lipschitz_std": 1.8165302276611328,
    "student_1_robustness/noise_0.0_mean": -436.2515518029028,
    "student_1_robustness/noise_0.0_std": 196.55343075715817,
    "student_2_grad_norm_mean": 0.0027538063004612923,
    "student_2_grad_norm_std": 0.00034007042995654047,
    "student_2_logit_mean": 1.9502654075622559,
    "student_2_logit_std": 0.22885574400424957,
    "student_2_lipschitz_mean": 2.1692118644714355,
    "student_2_lipschitz_std": 1.2920618057250977,
    "student_2_robustness/noise_0.0_mean": -937.3412123808776,
    "student_2_robustness/noise_0.0_std": 336.55400854146205,
    "student_3_grad_norm_mean": 0.0007685558521188796,
    "student_3_grad_norm_std": 0.00015850835188757628,
    "student_3_logit_mean": 1.9708561897277832,
    "student_3_logit_std": 0.0653800293803215,
    "student_3_lipschitz_mean": 0.46727487444877625,
    "student_3_lipschitz_std": 0.2409062683582306,
    "student_3_robustness/noise_0.0_mean": -923.8259770140772,
    "student_3_robustness/noise_0.0_std": 725.2371390398755,
    "student_4_grad_norm_mean": 0.0031850100494921207,
    "student_4_grad_norm_std": 0.0004126131534576416,
    "student_4_logit_mean": 2.5548694133758545,
    "student_4_logit_std": 0.09513894468545914,
    "student_4_lipschitz_mean": 3.997545003890991,
    "student_4_lipschitz_std": 2.0643341541290283,
    "student_4_robustness/noise_0.0_mean": -217.7666203351495,
    "student_4_robustness/noise_0.0_std": 60.71796245522443,
    "student_5_grad_norm_mean": 0.00267029763199389,
    "student_5_grad_norm_std": 0.0006157675525173545,
    "student_5_logit_mean": 2.392451047897339,
    "student_5_logit_std": 0.21121320128440857,
    "student_5_lipschitz_mean": 3.804387092590332,
    "student_5_lipschitz_std": 1.8624022006988525,
    "student_5_robustness/noise_0.0_mean": -247.00103318226348,
    "student_5_robustness/noise_0.0_std": 86.66267231461488,
    "student_6_grad_norm_mean": 0.00449785590171814,
    "student_6_grad_norm_std": 0.00042345342808403075,
    "student_6_logit_mean": 2.343923568725586,
    "student_6_logit_std": 0.11837007850408554,
    "student_6_lipschitz_mean": 2.9432387351989746,
    "student_6_lipschitz_std": 1.5347001552581787,
    "student_6_robustness/noise_0.0_mean": -1032.7256734900632,
    "student_6_robustness/noise_0.0_std": 149.1435447266311,
    "student_7_grad_norm_mean": 0.002990615088492632,
    "student_7_grad_norm_std": 0.0006360737606883049,
    "student_7_logit_mean": 2.5399816036224365,
    "student_7_logit_std": 0.27733349800109863,
    "student_7_lipschitz_mean": 4.430408477783203,
    "student_7_lipschitz_std": 2.1880812644958496,
    "student_7_robustness/noise_0.0_mean": -200.22156337419017,
    "student_7_robustness/noise_0.0_std": 44.64563408207731,
    "student_8_grad_norm_mean": 0.003534266259521246,
    "student_8_grad_norm_std": 0.00046427224879153073,
    "student_8_logit_mean": 2.555271625518799,
    "student_8_logit_std": 0.06207777559757233,
    "student_8_lipschitz_mean": 4.120378017425537,
    "student_8_lipschitz_std": 2.1200644969940186,
    "student_8_robustness/noise_0.0_mean": -202.12440222206817,
    "student_8_robustness/noise_0.0_std": 60.1673110442357,
    "student_9_grad_norm_mean": 0.0025075466837733984,
    "student_9_grad_norm_std": 0.0009977738372981548,
    "student_9_logit_mean": 2.390056610107422,
    "student_9_logit_std": 0.23636344075202942,
    "student_9_lipschitz_mean": 3.9057910442352295,
    "student_9_lipschitz_std": 2.0568130016326904,
    "student_9_robustness/noise_0.0_mean": -366.1186480066276,
    "student_9_robustness/noise_0.0_std": 142.53252920135512,
    "student_10_grad_norm_mean": 0.003177952952682972,
    "student_10_grad_norm_std": 0.0007643034332431853,
    "student_10_logit_mean": 2.528164863586426,
    "student_10_logit_std": 0.2849172353744507,
    "student_10_lipschitz_mean": 4.3981547355651855,
    "student_10_lipschitz_std": 2.1931774616241455,
    "student_10_robustness/noise_0.0_mean": -192.75088429980548,
    "student_10_robustness/noise_0.0_std": 31.61209190985096,
    "student_11_grad_norm_mean": 0.003413050901144743,
    "student_11_grad_norm_std": 0.0007488653645850718,
    "student_11_logit_mean": 2.4728004932403564,
    "student_11_logit_std": 0.1997435837984085,
    "student_11_lipschitz_mean": 4.410547256469727,
    "student_11_lipschitz_std": 2.2322723865509033,
    "student_11_robustness/noise_0.0_mean": -178.02413514581872,
    "student_11_robustness/noise_0.0_std": 32.045397914985884,
    "student_12_grad_norm_mean": 0.002437109360471368,
    "student_12_grad_norm_std": 0.0009004509192891419,
    "student_12_logit_mean": 2.390565872192383,
    "student_12_logit_std": 0.1452314704656601,
    "student_12_lipschitz_mean": 3.9126904010772705,
    "student_12_lipschitz_std": 2.058652400970459,
    "student_12_robustness/noise_0.0_mean": -170.73220227184135,
    "student_12_robustness/noise_0.0_std": 41.956523579048394,
    "seed": 762076
}