{
    "teacher_grad_norm_mean": 0.008135300129652023,
    "teacher_grad_norm_std": 0.002409643493592739,
    "teacher_logit_mean": 0.8443637490272522,
    "teacher_logit_std": 0.5678894519805908,
    "teacher_lipschitz_mean": 6.328088760375977,
    "teacher_lipschitz_std": 2.9805097579956055,
    "teacher_robustness/noise_0.0_mean": -158.33864199319063,
    "teacher_robustness/noise_0.0_std": 23.64827009508463,
    "student_1_grad_norm_mean": 0.009165296331048012,
    "student_1_grad_norm_std": 0.0015208936529234052,
    "student_1_logit_mean": 0.8918772339820862,
    "student_1_logit_std": 0.5324273109436035,
    "student_1_lipschitz_mean": 5.832907676696777,
    "student_1_lipschitz_std": 2.659008026123047,
    "student_1_robustness/noise_0.0_mean": -207.72441439110528,
    "student_1_robustness/noise_0.0_std": 31.015194936362242,
    "student_2_grad_norm_mean": 0.0052607241086661816,
    "student_2_grad_norm_std": 0.0011435856577008963,
    "student_2_logit_mean": 1.1190648078918457,
    "student_2_logit_std": 0.5730329155921936,
    "student_2_lipschitz_mean": 3.585758686065674,
    "student_2_lipschitz_std": 2.157608985900879,
    "student_2_robustness/noise_0.0_mean": -505.56756905007046,
    "student_2_robustness/noise_0.0_std": 105.69987054971497,
    "student_3_grad_norm_mean": 0.002843505470082164,
    "student_3_grad_norm_std": 0.000226105737965554,
    "student_3_logit_mean": 1.157012939453125,
    "student_3_logit_std": 0.17345555126667023,
    "student_3_lipschitz_mean": 1.3032715320587158,
    "student_3_lipschitz_std": 0.7563290596008301,
    "student_3_robustness/noise_0.0_mean": -768.5960175096652,
    "student_3_robustness/noise_0.0_std": 199.33227827737463,
    "student_4_grad_norm_mean": 0.008012316189706326,
    "student_4_grad_norm_std": 0.00215112860314548,
    "student_4_logit_mean": 0.8610870242118835,
    "student_4_logit_std": 0.5745820999145508,
    "student_4_lipschitz_mean": 5.965279579162598,
    "student_4_lipschitz_std": 2.847893238067627,
    "student_4_robustness/noise_0.0_mean": -157.1441055261791,
    "student_4_robustness/noise_0.0_std": 24.444569969584496,
    "student_5_grad_norm_mean": 0.007926348596811295,
    "student_5_grad_norm_std": 0.002379016950726509,
    "student_5_logit_mean": 0.7439806461334229,
    "student_5_logit_std": 0.24124102294445038,
    "student_5_lipschitz_mean": 6.21429443359375,
    "student_5_lipschitz_std": 2.8647403717041016,
    "student_5_robustness/noise_0.0_mean": -148.7243312172342,
    "student_5_robustness/noise_0.0_std": 23.11663627495931,
    "student_6_grad_norm_mean": 0.009611775167286396,
    "student_6_grad_norm_std": 0.0016667938325554132,
    "student_6_logit_mean": 0.9431667327880859,
    "student_6_logit_std": 0.49528950452804565,
    "student_6_lipschitz_mean": 5.7833709716796875,
    "student_6_lipschitz_std": 2.687747001647949,
    "student_6_robustness/noise_0.0_mean": -168.87389502522134,
    "student_6_robustness/noise_0.0_std": 22.77554947429375,
    "student_7_grad_norm_mean": 0.008310339413583279,
    "student_7_grad_norm_std": 0.002245652722194791,
    "student_7_logit_mean": 0.8446406722068787,
    "student_7_logit_std": 0.41624537110328674,
    "student_7_lipschitz_mean": 6.376396656036377,
    "student_7_lipschitz_std": 2.9940292835235596,
    "student_7_robustness/noise_0.0_mean": -157.68378652273137,
    "student_7_robustness/noise_0.0_std": 23.784092123849113,
    "student_8_grad_norm_mean": 0.008244967088103294,
    "student_8_grad_norm_std": 0.0022892476990818977,
    "student_8_logit_mean": 0.8369888663291931,
    "student_8_logit_std": 0.17670713365077972,
    "student_8_lipschitz_mean": 6.3755035400390625,
    "student_8_lipschitz_std": 2.9414470195770264,
    "student_8_robustness/noise_0.0_mean": -155.24825270566632,
    "student_8_robustness/noise_0.0_std": 23.551270395235395,
    "student_9_grad_norm_mean": 0.007960688322782516,
    "student_9_grad_norm_std": 0.0026190155185759068,
    "student_9_logit_mean": 0.8176249861717224,
    "student_9_logit_std": 0.5617116093635559,
    "student_9_lipschitz_mean": 6.342350006103516,
    "student_9_lipschitz_std": 2.952399492263794,
    "student_9_robustness/noise_0.0_mean": -149.11864835980964,
    "student_9_robustness/noise_0.0_std": 21.346453628479797,
    "student_10_grad_norm_mean": 0.007821799255907536,
    "student_10_grad_norm_std": 0.0022964689414948225,
    "student_10_logit_mean": 0.8686028122901917,
    "student_10_logit_std": 0.25132492184638977,
    "student_10_lipschitz_mean": 6.444109916687012,
    "student_10_lipschitz_std": 2.9704396724700928,
    "student_10_robustness/noise_0.0_mean": -155.9146619826319,
    "student_10_robustness/noise_0.0_std": 24.81880663291373,
    "student_11_grad_norm_mean": 0.00808787252753973,
    "student_11_grad_norm_std": 0.0023231736849993467,
    "student_11_logit_mean": 0.8728327751159668,
    "student_11_logit_std": 0.47265419363975525,
    "student_11_lipschitz_mean": 6.327237129211426,
    "student_11_lipschitz_std": 2.9820163249969482,
    "student_11_robustness/noise_0.0_mean": -157.4530778023556,
    "student_11_robustness/noise_0.0_std": 27.47764481636335,
    "student_12_grad_norm_mean": 0.008132480084896088,
    "student_12_grad_norm_std": 0.0024502493906766176,
    "student_12_logit_mean": 0.7773932218551636,
    "student_12_logit_std": 0.3021965026855469,
    "student_12_lipschitz_mean": 6.522922039031982,
    "student_12_lipschitz_std": 2.9163174629211426,
    "student_12_robustness/noise_0.0_mean": -147.34907138553143,
    "student_12_robustness/noise_0.0_std": 24.990734899939866,
    "seed": 134233
}