{
    "teacher_grad_norm_mean": 0.0037412343081086874,
    "teacher_grad_norm_std": 0.0009377169189974666,
    "teacher_logit_mean": 0.5468898415565491,
    "teacher_logit_std": 0.5027265548706055,
    "teacher_lipschitz_mean": 3.2785654067993164,
    "teacher_lipschitz_std": 2.2456233501434326,
    "student_grad_norm_mean": 0.003686603158712387,
    "student_grad_norm_std": 0.0008518066024407744,
    "student_logit_mean": 0.5387746691703796,
    "student_logit_std": 0.49584484100341797,
    "student_lipschitz_mean": 3.2616257667541504,
    "student_lipschitz_std": 2.152027130126953,
    "teacher_robustness/noise_0.0_mean": 462.15,
    "teacher_robustness/noise_0.0_std": 53.47642003724633,
    "teacher_robustness/noise_0.01_mean": 466.85,
    "teacher_robustness/noise_0.01_std": 56.59706264462847,
    "teacher_robustness/noise_0.05_mean": 389.75,
    "teacher_robustness/noise_0.05_std": 70.53004678858508,
    "teacher_robustness/noise_0.1_mean": 363.75,
    "teacher_robustness/noise_0.1_std": 84.754277178205,
    "student_robustness/noise_0.0_mean": 489.45,
    "student_robustness/noise_0.0_std": 26.12943742218726,
    "student_robustness/noise_0.01_mean": 448.2,
    "student_robustness/noise_0.01_std": 68.74198135055464,
    "student_robustness/noise_0.05_mean": 388.95,
    "student_robustness/noise_0.05_std": 80.64519514515419,
    "student_robustness/noise_0.1_mean": 374.8,
    "student_robustness/noise_0.1_std": 78.33556025203369,
    "seed": 0
}