{
    "teacher_grad_norm_mean": 0.00033618626184761524,
    "teacher_grad_norm_std": 8.621103916084394e-05,
    "teacher_logit_mean": 0.9938681125640869,
    "teacher_logit_std": 0.29617586731910706,
    "teacher_lipschitz_mean": 0.18393774330615997,
    "teacher_lipschitz_std": 0.06616410613059998,
    "teacher_robustness/noise_0.0_mean": 734.7739581358737,
    "teacher_robustness/noise_0.0_std": 437.40813425336984,
    "student_1_grad_norm_mean": 0.00018946232739835978,
    "student_1_grad_norm_std": 5.35780745849479e-05,
    "student_1_logit_mean": 0.7030332088470459,
    "student_1_logit_std": 0.18160533905029297,
    "student_1_lipschitz_mean": 0.10962565243244171,
    "student_1_lipschitz_std": 0.04097883030772209,
    "student_1_robustness/noise_0.0_mean": 1085.1368323991203,
    "student_1_robustness/noise_0.0_std": 463.49896241283034,
    "student_2_grad_norm_mean": 0.000176964356796816,
    "student_2_grad_norm_std": 5.700132533092983e-05,
    "student_2_logit_mean": 0.6648619174957275,
    "student_2_logit_std": 0.1763170212507248,
    "student_2_lipschitz_mean": 0.10599784553050995,
    "student_2_lipschitz_std": 0.04185573011636734,
    "student_2_robustness/noise_0.0_mean": 1227.8953561910207,
    "student_2_robustness/noise_0.0_std": 334.6055784244311,
    "student_3_grad_norm_mean": 0.0001517812634119764,
    "student_3_grad_norm_std": 5.842883183504455e-05,
    "student_3_logit_mean": 0.5898998379707336,
    "student_3_logit_std": 0.14673566818237305,
    "student_3_lipschitz_mean": 0.0869450643658638,
    "student_3_lipschitz_std": 0.039896946400403976,
    "student_3_robustness/noise_0.0_mean": 1204.918232972743,
    "student_3_robustness/noise_0.0_std": 295.4909752949011,
    "student_4_grad_norm_mean": 0.00025289339828304946,
    "student_4_grad_norm_std": 6.387315079336986e-05,
    "student_4_logit_mean": 0.9006067514419556,
    "student_4_logit_std": 0.24309158325195312,
    "student_4_lipschitz_mean": 0.1381954550743103,
    "student_4_lipschitz_std": 0.0516301691532135,
    "student_4_robustness/noise_0.0_mean": 952.1108199379487,
    "student_4_robustness/noise_0.0_std": 482.87062371448474,
    "student_5_grad_norm_mean": 0.00023435591720044613,
    "student_5_grad_norm_std": 6.269504228839651e-05,
    "student_5_logit_mean": 0.7183502912521362,
    "student_5_logit_std": 0.21893973648548126,
    "student_5_lipschitz_mean": 0.13137683272361755,
    "student_5_lipschitz_std": 0.049472443759441376,
    "student_5_robustness/noise_0.0_mean": 1115.5869991178186,
    "student_5_robustness/noise_0.0_std": 485.9174640369384,
    "student_6_grad_norm_mean": 0.0001995927159441635,
    "student_6_grad_norm_std": 6.789038161514327e-05,
    "student_6_logit_mean": 0.7173253297805786,
    "student_6_logit_std": 0.19547325372695923,
    "student_6_lipschitz_mean": 0.11972592025995255,
    "student_6_lipschitz_std": 0.04832383990287781,
    "student_6_robustness/noise_0.0_mean": 1244.6179841167911,
    "student_6_robustness/noise_0.0_std": 368.97344408677606,
    "student_7_grad_norm_mean": 0.0002791917067952454,
    "student_7_grad_norm_std": 6.41699371044524e-05,
    "student_7_logit_mean": 0.8451979756355286,
    "student_7_logit_std": 0.2917747497558594,
    "student_7_lipschitz_mean": 0.15068325400352478,
    "student_7_lipschitz_std": 0.05405295640230179,
    "student_7_robustness/noise_0.0_mean": 818.2983365226735,
    "student_7_robustness/noise_0.0_std": 477.1535064656432,
    "student_8_grad_norm_mean": 0.0002556533145252615,
    "student_8_grad_norm_std": 6.641622167080641e-05,
    "student_8_logit_mean": 0.752840518951416,
    "student_8_logit_std": 0.23793703317642212,
    "student_8_lipschitz_mean": 0.13791567087173462,
    "student_8_lipschitz_std": 0.051741454750299454,
    "student_8_robustness/noise_0.0_mean": 915.5898877981133,
    "student_8_robustness/noise_0.0_std": 516.654950886176,
    "student_9_grad_norm_mean": 0.00020891695749014616,
    "student_9_grad_norm_std": 6.522169860545546e-05,
    "student_9_logit_mean": 0.7434843182563782,
    "student_9_logit_std": 0.2092759609222412,
    "student_9_lipschitz_mean": 0.12031907588243484,
    "student_9_lipschitz_std": 0.04827138036489487,
    "student_9_robustness/noise_0.0_mean": 1098.52791167658,
    "student_9_robustness/noise_0.0_std": 480.75436339572855,
    "student_10_grad_norm_mean": 0.0002945330925285816,
    "student_10_grad_norm_std": 6.583265349036083e-05,
    "student_10_logit_mean": 0.9026263952255249,
    "student_10_logit_std": 0.3148895800113678,
    "student_10_lipschitz_mean": 0.15891075134277344,
    "student_10_lipschitz_std": 0.05525964871048927,
    "student_10_robustness/noise_0.0_mean": 738.4211193438874,
    "student_10_robustness/noise_0.0_std": 482.2918794841871,
    "student_11_grad_norm_mean": 0.000257242179941386,
    "student_11_grad_norm_std": 6.957993900869042e-05,
    "student_11_logit_mean": 0.800391435623169,
    "student_11_logit_std": 0.26765257120132446,
    "student_11_lipschitz_mean": 0.1385965347290039,
    "student_11_lipschitz_std": 0.05263661965727806,
    "student_11_robustness/noise_0.0_mean": 920.7693976001611,
    "student_11_robustness/noise_0.0_std": 453.82436395975856,
    "student_12_grad_norm_mean": 0.00021800061222165823,
    "student_12_grad_norm_std": 6.45988475298509e-05,
    "student_12_logit_mean": 0.8014224171638489,
    "student_12_logit_std": 0.2513579726219177,
    "student_12_lipschitz_mean": 0.1265026330947876,
    "student_12_lipschitz_std": 0.04809998348355293,
    "student_12_robustness/noise_0.0_mean": 891.422608847917,
    "student_12_robustness/noise_0.0_std": 449.29956321723785,
    "seed": 526292
}