{
    "teacher_grad_norm_mean": 0.0016609744634479284,
    "teacher_grad_norm_std": 0.00044598584645427763,
    "teacher_logit_mean": 5.839938163757324,
    "teacher_logit_std": 1.8600654602050781,
    "teacher_lipschitz_mean": 0.858048141002655,
    "teacher_lipschitz_std": 0.32280847430229187,
    "teacher_robustness/noise_0.0_mean": -5.938300346871498,
    "teacher_robustness/noise_0.0_std": 5.114305029199059,
    "student_1_grad_norm_mean": 0.0007878397591412067,
    "student_1_grad_norm_std": 0.0003180641506332904,
    "student_1_logit_mean": 4.767250061035156,
    "student_1_logit_std": 0.9735037088394165,
    "student_1_lipschitz_mean": 0.531121015548706,
    "student_1_lipschitz_std": 0.24365518987178802,
    "student_1_robustness/noise_0.0_mean": -11.310840480377387,
    "student_1_robustness/noise_0.0_std": 10.493353513606738,
    "student_2_grad_norm_mean": 0.0006642304360866547,
    "student_2_grad_norm_std": 0.0003128472890239209,
    "student_2_logit_mean": 3.2292985916137695,
    "student_2_logit_std": 0.9018651247024536,
    "student_2_lipschitz_mean": 0.31198829412460327,
    "student_2_lipschitz_std": 0.1855461150407791,
    "student_2_robustness/noise_0.0_mean": -38.59585219168029,
    "student_2_robustness/noise_0.0_std": 228.99707355906946,
    "student_3_grad_norm_mean": 0.0006814076914452016,
    "student_3_grad_norm_std": 0.000344607891747728,
    "student_3_logit_mean": 1.8947986364364624,
    "student_3_logit_std": 0.7566494345664978,
    "student_3_lipschitz_mean": 0.2096627950668335,
    "student_3_lipschitz_std": 0.15343254804611206,
    "student_3_robustness/noise_0.0_mean": -803.5028160788846,
    "student_3_robustness/noise_0.0_std": 839.980768630534,
    "student_4_grad_norm_mean": 0.0011497173691168427,
    "student_4_grad_norm_std": 0.00033720670035108924,
    "student_4_logit_mean": 5.559311866760254,
    "student_4_logit_std": 1.6612660884857178,
    "student_4_lipschitz_mean": 0.7284275889396667,
    "student_4_lipschitz_std": 0.26449477672576904,
    "student_4_robustness/noise_0.0_mean": -48.76541808829972,
    "student_4_robustness/noise_0.0_std": 276.9183883503595,
    "student_5_grad_norm_mean": 0.0009281804086640477,
    "student_5_grad_norm_std": 0.0003750671457964927,
    "student_5_logit_mean": 5.1993021965026855,
    "student_5_logit_std": 1.2760593891143799,
    "student_5_lipschitz_mean": 0.6541098356246948,
    "student_5_lipschitz_std": 0.28854504227638245,
    "student_5_robustness/noise_0.0_mean": -21.445195692813595,
    "student_5_robustness/noise_0.0_std": 96.48160395957629,
    "student_6_grad_norm_mean": 0.0007655794615857303,
    "student_6_grad_norm_std": 0.00039100731373764575,
    "student_6_logit_mean": 4.010626792907715,
    "student_6_logit_std": 0.9090452194213867,
    "student_6_lipschitz_mean": 0.46467798948287964,
    "student_6_lipschitz_std": 0.269549697637558,
    "student_6_robustness/noise_0.0_mean": -8.364937422983289,
    "student_6_robustness/noise_0.0_std": 5.2539250929547405,
    "student_7_grad_norm_mean": 0.0012804276775568724,
    "student_7_grad_norm_std": 0.00036347040440887213,
    "student_7_logit_mean": 5.637743949890137,
    "student_7_logit_std": 1.695333480834961,
    "student_7_lipschitz_mean": 0.7274112701416016,
    "student_7_lipschitz_std": 0.2779868543148041,
    "student_7_robustness/noise_0.0_mean": -24.514189667821185,
    "student_7_robustness/noise_0.0_std": 172.62474242137006,
    "student_8_grad_norm_mean": 0.0010734094539657235,
    "student_8_grad_norm_std": 0.00036454893415793777,
    "student_8_logit_mean": 5.610832691192627,
    "student_8_logit_std": 1.4191110134124756,
    "student_8_lipschitz_mean": 0.6926899552345276,
    "student_8_lipschitz_std": 0.289724200963974,
    "student_8_robustness/noise_0.0_mean": -18.33076151916913,
    "student_8_robustness/noise_0.0_std": 97.77965746025093,
    "student_9_grad_norm_mean": 0.000961316516622901,
    "student_9_grad_norm_std": 0.00036409019958227873,
    "student_9_logit_mean": 5.094394683837891,
    "student_9_logit_std": 1.1812770366668701,
    "student_9_lipschitz_mean": 0.6410902142524719,
    "student_9_lipschitz_std": 0.2920067310333252,
    "student_9_robustness/noise_0.0_mean": -8.545875549264116,
    "student_9_robustness/noise_0.0_std": 7.809876659980104,
    "student_10_grad_norm_mean": 0.0012655587634071708,
    "student_10_grad_norm_std": 0.00035436314647085965,
    "student_10_logit_mean": 5.682891368865967,
    "student_10_logit_std": 1.5981115102767944,
    "student_10_lipschitz_mean": 0.7270132303237915,
    "student_10_lipschitz_std": 0.27570369839668274,
    "student_10_robustness/noise_0.0_mean": -7.473333166886183,
    "student_10_robustness/noise_0.0_std": 6.277844198239159,
    "student_11_grad_norm_mean": 0.0012871155049651861,
    "student_11_grad_norm_std": 0.00036952528171241283,
    "student_11_logit_mean": 5.533649921417236,
    "student_11_logit_std": 1.7585638761520386,
    "student_11_lipschitz_mean": 0.7509788274765015,
    "student_11_lipschitz_std": 0.2892291247844696,
    "student_11_robustness/noise_0.0_mean": -7.622118509186165,
    "student_11_robustness/noise_0.0_std": 6.934196128637087,
    "student_12_grad_norm_mean": 0.0011708841193467379,
    "student_12_grad_norm_std": 0.0003256092604715377,
    "student_12_logit_mean": 5.258412837982178,
    "student_12_logit_std": 1.4684436321258545,
    "student_12_lipschitz_mean": 0.6992136836051941,
    "student_12_lipschitz_std": 0.25933313369750977,
    "student_12_robustness/noise_0.0_mean": -9.083319170743378,
    "student_12_robustness/noise_0.0_std": 11.674779529510095,
    "seed": 694168
}