{
    "teacher_grad_norm_mean": 0.006343346554785967,
    "teacher_grad_norm_std": 0.000659493962302804,
    "teacher_logit_mean": 1.847810983657837,
    "teacher_logit_std": 0.4597994387149811,
    "teacher_lipschitz_mean": 5.321073055267334,
    "teacher_lipschitz_std": 2.3785507678985596,
    "teacher_robustness/noise_0.0_mean": -44.2466250899367,
    "teacher_robustness/noise_0.0_std": 63.01923892892048,
    "student_1_grad_norm_mean": 0.006213866639882326,
    "student_1_grad_norm_std": 0.0006520195165649056,
    "student_1_logit_mean": 1.8536899089813232,
    "student_1_logit_std": 0.4509184658527374,
    "student_1_lipschitz_mean": 5.022478103637695,
    "student_1_lipschitz_std": 2.2441799640655518,
    "student_1_robustness/noise_0.0_mean": -41.51703487985688,
    "student_1_robustness/noise_0.0_std": 42.05221716403809,
    "student_2_grad_norm_mean": 0.006406694184988737,
    "student_2_grad_norm_std": 0.0007911950233392417,
    "student_2_logit_mean": 2.0200791358947754,
    "student_2_logit_std": 0.6771243214607239,
    "student_2_lipschitz_mean": 5.069783687591553,
    "student_2_lipschitz_std": 2.244607448577881,
    "student_2_robustness/noise_0.0_mean": -43.508871141993325,
    "student_2_robustness/noise_0.0_std": 68.74696435814906,
    "student_3_grad_norm_mean": 0.006721173878759146,
    "student_3_grad_norm_std": 0.0008654359844513237,
    "student_3_logit_mean": 1.8486305475234985,
    "student_3_logit_std": 0.40160900354385376,
    "student_3_lipschitz_mean": 4.992095947265625,
    "student_3_lipschitz_std": 2.251366376876831,
    "student_3_robustness/noise_0.0_mean": -91.98772518638178,
    "student_3_robustness/noise_0.0_std": 40.28050766816939,
    "student_4_grad_norm_mean": 0.006262554787099361,
    "student_4_grad_norm_std": 0.0006979057216085494,
    "student_4_logit_mean": 2.191758155822754,
    "student_4_logit_std": 0.6902627944946289,
    "student_4_lipschitz_mean": 5.021714687347412,
    "student_4_lipschitz_std": 2.267364263534546,
    "student_4_robustness/noise_0.0_mean": -31.95646062691557,
    "student_4_robustness/noise_0.0_std": 45.66955401578303,
    "student_5_grad_norm_mean": 0.006370676681399345,
    "student_5_grad_norm_std": 0.000740364717785269,
    "student_5_logit_mean": 1.8639262914657593,
    "student_5_logit_std": 0.4343942403793335,
    "student_5_lipschitz_mean": 5.3781890869140625,
    "student_5_lipschitz_std": 2.384720802307129,
    "student_5_robustness/noise_0.0_mean": -41.724051127615645,
    "student_5_robustness/noise_0.0_std": 55.00571245126538,
    "student_6_grad_norm_mean": 0.006428841035813093,
    "student_6_grad_norm_std": 0.0007689040503464639,
    "student_6_logit_mean": 1.8814444541931152,
    "student_6_logit_std": 0.416486531496048,
    "student_6_lipschitz_mean": 5.32613468170166,
    "student_6_lipschitz_std": 2.318347215652466,
    "student_6_robustness/noise_0.0_mean": -45.49348642943632,
    "student_6_robustness/noise_0.0_std": 59.51634050756903,
    "student_7_grad_norm_mean": 0.006463357247412205,
    "student_7_grad_norm_std": 0.0007685781456530094,
    "student_7_logit_mean": 1.792353630065918,
    "student_7_logit_std": 0.42884957790374756,
    "student_7_lipschitz_mean": 5.251600742340088,
    "student_7_lipschitz_std": 2.3532986640930176,
    "student_7_robustness/noise_0.0_mean": -41.36210822744234,
    "student_7_robustness/noise_0.0_std": 61.06014781864299,
    "student_8_grad_norm_mean": 0.006617902312427759,
    "student_8_grad_norm_std": 0.0011996222892776132,
    "student_8_logit_mean": 2.2818191051483154,
    "student_8_logit_std": 0.6788036823272705,
    "student_8_lipschitz_mean": 5.200394630432129,
    "student_8_lipschitz_std": 2.2806034088134766,
    "student_8_robustness/noise_0.0_mean": -38.355737650366144,
    "student_8_robustness/noise_0.0_std": 66.91969045756376,
    "student_9_grad_norm_mean": 0.006436128634959459,
    "student_9_grad_norm_std": 0.0008664809865877032,
    "student_9_logit_mean": 1.8369648456573486,
    "student_9_logit_std": 0.49870020151138306,
    "student_9_lipschitz_mean": 5.418870449066162,
    "student_9_lipschitz_std": 2.3890771865844727,
    "student_9_robustness/noise_0.0_mean": -18.1575712701454,
    "student_9_robustness/noise_0.0_std": 70.485407555423,
    "student_10_grad_norm_mean": 0.006412561982870102,
    "student_10_grad_norm_std": 0.0006906533963046968,
    "student_10_logit_mean": 1.7747902870178223,
    "student_10_logit_std": 0.5785146951675415,
    "student_10_lipschitz_mean": 5.32461404800415,
    "student_10_lipschitz_std": 2.2992489337921143,
    "student_10_robustness/noise_0.0_mean": -40.110835504908835,
    "student_10_robustness/noise_0.0_std": 64.21193065177067,
    "student_11_grad_norm_mean": 0.006437924690544605,
    "student_11_grad_norm_std": 0.0006775886286050081,
    "student_11_logit_mean": 1.8179816007614136,
    "student_11_logit_std": 0.5872806310653687,
    "student_11_lipschitz_mean": 5.441601753234863,
    "student_11_lipschitz_std": 2.3533034324645996,
    "student_11_robustness/noise_0.0_mean": -38.97920939017214,
    "student_11_robustness/noise_0.0_std": 64.0129236044853,
    "student_12_grad_norm_mean": 0.006420950870960951,
    "student_12_grad_norm_std": 0.0007927129045128822,
    "student_12_logit_mean": 1.957106351852417,
    "student_12_logit_std": 0.6448045969009399,
    "student_12_lipschitz_mean": 5.395086288452148,
    "student_12_lipschitz_std": 2.319974660873413,
    "student_12_robustness/noise_0.0_mean": -39.39981847585043,
    "student_12_robustness/noise_0.0_std": 71.16819762924551,
    "seed": 865027
}