{
    "teacher_grad_norm_mean": 0.0006131682894192636,
    "teacher_grad_norm_std": 0.00014420221850741655,
    "teacher_logit_mean": 3.093679428100586,
    "teacher_logit_std": 0.2920050323009491,
    "teacher_lipschitz_mean": 1.2332504987716675,
    "teacher_lipschitz_std": 0.4418329894542694,
    "teacher_robustness/noise_0.0_mean": 409.6792177583929,
    "teacher_robustness/noise_0.0_std": 714.5557850287469,
    "student_1_grad_norm_mean": 0.0005372273735702038,
    "student_1_grad_norm_std": 6.132398266345263e-05,
    "student_1_logit_mean": 3.2822837829589844,
    "student_1_logit_std": 0.2351292073726654,
    "student_1_lipschitz_mean": 0.7718432545661926,
    "student_1_lipschitz_std": 0.32143697142601013,
    "student_1_robustness/noise_0.0_mean": -420.68745209643276,
    "student_1_robustness/noise_0.0_std": 34.31909848953416,
    "student_2_grad_norm_mean": 0.000436845060903579,
    "student_2_grad_norm_std": 0.00017223649774678051,
    "student_2_logit_mean": 3.425171136856079,
    "student_2_logit_std": 0.746711790561676,
    "student_2_lipschitz_mean": 0.5289772152900696,
    "student_2_lipschitz_std": 0.3122011125087738,
    "student_2_robustness/noise_0.0_mean": -73.02128907455818,
    "student_2_robustness/noise_0.0_std": 241.1535368535457,
    "student_3_grad_norm_mean": 0.00039466950693167746,
    "student_3_grad_norm_std": 0.0002297203172929585,
    "student_3_logit_mean": 1.7028999328613281,
    "student_3_logit_std": 0.5977065563201904,
    "student_3_lipschitz_mean": 0.30483153462409973,
    "student_3_lipschitz_std": 0.24090303480625153,
    "student_3_robustness/noise_0.0_mean": -187.7631085263339,
    "student_3_robustness/noise_0.0_std": 1.1065947226450696,
    "student_4_grad_norm_mean": 0.0008587985066697001,
    "student_4_grad_norm_std": 0.00023794300795998424,
    "student_4_logit_mean": 4.1680216789245605,
    "student_4_logit_std": 1.264535903930664,
    "student_4_lipschitz_mean": 0.944575309753418,
    "student_4_lipschitz_std": 0.3729114830493927,
    "student_4_robustness/noise_0.0_mean": 345.7381438831476,
    "student_4_robustness/noise_0.0_std": 633.3440194216821,
    "student_5_grad_norm_mean": 0.0006744809215888381,
    "student_5_grad_norm_std": 0.0002618728904053569,
    "student_5_logit_mean": 4.2682600021362305,
    "student_5_logit_std": 1.0713063478469849,
    "student_5_lipschitz_mean": 0.788831353187561,
    "student_5_lipschitz_std": 0.3624250292778015,
    "student_5_robustness/noise_0.0_mean": -433.9233158941372,
    "student_5_robustness/noise_0.0_std": 587.5362663519592,
    "student_6_grad_norm_mean": 0.0005519663682207465,
    "student_6_grad_norm_std": 0.00021291928715072572,
    "student_6_logit_mean": 4.021688938140869,
    "student_6_logit_std": 0.8646188974380493,
    "student_6_lipschitz_mean": 0.682278573513031,
    "student_6_lipschitz_std": 0.37135735154151917,
    "student_6_robustness/noise_0.0_mean": -419.0108220227453,
    "student_6_robustness/noise_0.0_std": 7.6827991099609525,
    "student_7_grad_norm_mean": 0.0007779115112498403,
    "student_7_grad_norm_std": 0.0003048315120395273,
    "student_7_logit_mean": 4.062923908233643,
    "student_7_logit_std": 1.4226901531219482,
    "student_7_lipschitz_mean": 1.0226538181304932,
    "student_7_lipschitz_std": 0.39193299412727356,
    "student_7_robustness/noise_0.0_mean": 766.9841688011214,
    "student_7_robustness/noise_0.0_std": 499.6904499345023,
    "student_8_grad_norm_mean": 0.0007852137787267566,
    "student_8_grad_norm_std": 0.000284498994005844,
    "student_8_logit_mean": 3.974522829055786,
    "student_8_logit_std": 1.4256722927093506,
    "student_8_lipschitz_mean": 1.0003920793533325,
    "student_8_lipschitz_std": 0.4091947674751282,
    "student_8_robustness/noise_0.0_mean": -182.1745631518178,
    "student_8_robustness/noise_0.0_std": 516.4107355171889,
    "student_9_grad_norm_mean": 0.0008558789268136024,
    "student_9_grad_norm_std": 0.00035802749334834516,
    "student_9_logit_mean": 4.92124605178833,
    "student_9_logit_std": 1.092214584350586,
    "student_9_lipschitz_mean": 0.9170708656311035,
    "student_9_lipschitz_std": 0.456613153219223,
    "student_9_robustness/noise_0.0_mean": -352.62361459973573,
    "student_9_robustness/noise_0.0_std": 77.31987769107735,
    "student_10_grad_norm_mean": 0.001040380448102951,
    "student_10_grad_norm_std": 0.00031457393197342753,
    "student_10_logit_mean": 5.171704292297363,
    "student_10_logit_std": 1.2192068099975586,
    "student_10_lipschitz_mean": 1.0809835195541382,
    "student_10_lipschitz_std": 0.45358774065971375,
    "student_10_robustness/noise_0.0_mean": 345.3692612986059,
    "student_10_robustness/noise_0.0_std": 737.3867148809868,
    "student_11_grad_norm_mean": 0.0008679212769493461,
    "student_11_grad_norm_std": 0.00025869268574751914,
    "student_11_logit_mean": 4.305813312530518,
    "student_11_logit_std": 1.2378770112991333,
    "student_11_lipschitz_mean": 1.0077546834945679,
    "student_11_lipschitz_std": 0.3943997621536255,
    "student_11_robustness/noise_0.0_mean": 644.1094708663828,
    "student_11_robustness/noise_0.0_std": 570.008676755755,
    "student_12_grad_norm_mean": 0.000718850817065686,
    "student_12_grad_norm_std": 0.0003595457528717816,
    "student_12_logit_mean": 4.311135768890381,
    "student_12_logit_std": 1.1376745700836182,
    "student_12_lipschitz_mean": 0.9874334335327148,
    "student_12_lipschitz_std": 0.46039360761642456,
    "student_12_robustness/noise_0.0_mean": 512.3694604466272,
    "student_12_robustness/noise_0.0_std": 593.0330531142448,
    "seed": 180538
}