{
    "teacher_grad_norm_mean": 0.020023848861455917,
    "teacher_grad_norm_std": 0.006644976790994406,
    "teacher_logit_mean": 0.9695371389389038,
    "teacher_logit_std": 0.8755394816398621,
    "teacher_lipschitz_mean": 11.393747329711914,
    "teacher_lipschitz_std": 6.030876636505127,
    "teacher_robustness/noise_0.0_mean": -47.333571828338926,
    "teacher_robustness/noise_0.0_std": 90.47221373329849,
    "student_1_grad_norm_mean": 0.019341569393873215,
    "student_1_grad_norm_std": 0.005809893365949392,
    "student_1_logit_mean": 0.9755744338035583,
    "student_1_logit_std": 0.8651404976844788,
    "student_1_lipschitz_mean": 11.117294311523438,
    "student_1_lipschitz_std": 5.58843469619751,
    "student_1_robustness/noise_0.0_mean": -60.010449819970944,
    "student_1_robustness/noise_0.0_std": 91.89322370692484,
    "student_2_grad_norm_mean": 0.018307948485016823,
    "student_2_grad_norm_std": 0.005756429862231016,
    "student_2_logit_mean": 1.1899871826171875,
    "student_2_logit_std": 1.623009204864502,
    "student_2_lipschitz_mean": 11.135381698608398,
    "student_2_lipschitz_std": 5.682116985321045,
    "student_2_robustness/noise_0.0_mean": -41.49005121223581,
    "student_2_robustness/noise_0.0_std": 107.89404493803333,
    "student_3_grad_norm_mean": 0.015232264995574951,
    "student_3_grad_norm_std": 0.004973967559635639,
    "student_3_logit_mean": 1.2162137031555176,
    "student_3_logit_std": 1.1402839422225952,
    "student_3_lipschitz_mean": 8.825580596923828,
    "student_3_lipschitz_std": 5.075026512145996,
    "student_3_robustness/noise_0.0_mean": -116.88777986723231,
    "student_3_robustness/noise_0.0_std": 47.88170703542119,
    "student_4_grad_norm_mean": 0.02144812047481537,
    "student_4_grad_norm_std": 0.006362643092870712,
    "student_4_logit_mean": 1.2059930562973022,
    "student_4_logit_std": 0.8955820202827454,
    "student_4_lipschitz_mean": 11.1757173538208,
    "student_4_lipschitz_std": 5.44875431060791,
    "student_4_robustness/noise_0.0_mean": -50.00337133117495,
    "student_4_robustness/noise_0.0_std": 102.05350743015174,
    "student_5_grad_norm_mean": 0.023504819720983505,
    "student_5_grad_norm_std": 0.0059577603824436665,
    "student_5_logit_mean": 1.0133253335952759,
    "student_5_logit_std": 0.6910601854324341,
    "student_5_lipschitz_mean": 11.257428169250488,
    "student_5_lipschitz_std": 5.681398868560791,
    "student_5_robustness/noise_0.0_mean": -31.578169543612294,
    "student_5_robustness/noise_0.0_std": 105.41124641937652,
    "student_6_grad_norm_mean": 0.02294774539768696,
    "student_6_grad_norm_std": 0.00586713757365942,
    "student_6_logit_mean": 1.332449197769165,
    "student_6_logit_std": 1.032960057258606,
    "student_6_lipschitz_mean": 11.412814140319824,
    "student_6_lipschitz_std": 5.876787185668945,
    "student_6_robustness/noise_0.0_mean": -33.73364340623342,
    "student_6_robustness/noise_0.0_std": 110.70518960721475,
    "student_7_grad_norm_mean": 0.02089758962392807,
    "student_7_grad_norm_std": 0.006393489893525839,
    "student_7_logit_mean": 0.9465529322624207,
    "student_7_logit_std": 0.9393178224563599,
    "student_7_lipschitz_mean": 11.282207489013672,
    "student_7_lipschitz_std": 5.6593194007873535,
    "student_7_robustness/noise_0.0_mean": -32.884864989630515,
    "student_7_robustness/noise_0.0_std": 105.18491927584101,
    "student_8_grad_norm_mean": 0.019795695319771767,
    "student_8_grad_norm_std": 0.006717836018651724,
    "student_8_logit_mean": 0.8140696883201599,
    "student_8_logit_std": 0.7697859406471252,
    "student_8_lipschitz_mean": 11.708459854125977,
    "student_8_lipschitz_std": 5.890433311462402,
    "student_8_robustness/noise_0.0_mean": -62.77473096032698,
    "student_8_robustness/noise_0.0_std": 95.3649906296331,
    "student_9_grad_norm_mean": 0.021394187584519386,
    "student_9_grad_norm_std": 0.006945302244275808,
    "student_9_logit_mean": 0.7744154930114746,
    "student_9_logit_std": 0.7167850136756897,
    "student_9_lipschitz_mean": 11.626285552978516,
    "student_9_lipschitz_std": 5.826087951660156,
    "student_9_robustness/noise_0.0_mean": -50.32053962982518,
    "student_9_robustness/noise_0.0_std": 102.13832653600103,
    "student_10_grad_norm_mean": 0.018130507320165634,
    "student_10_grad_norm_std": 0.005975811276584864,
    "student_10_logit_mean": 1.2400312423706055,
    "student_10_logit_std": 1.7556902170181274,
    "student_10_lipschitz_mean": 11.467007637023926,
    "student_10_lipschitz_std": 5.952696323394775,
    "student_10_robustness/noise_0.0_mean": -42.873823326864105,
    "student_10_robustness/noise_0.0_std": 99.66642170668625,
    "student_11_grad_norm_mean": 0.019255489110946655,
    "student_11_grad_norm_std": 0.006202478427439928,
    "student_11_logit_mean": 0.9686276316642761,
    "student_11_logit_std": 1.1049312353134155,
    "student_11_lipschitz_mean": 11.707097053527832,
    "student_11_lipschitz_std": 6.112630367279053,
    "student_11_robustness/noise_0.0_mean": -33.71241833741615,
    "student_11_robustness/noise_0.0_std": 112.56082450493393,
    "student_12_grad_norm_mean": 0.019667934626340866,
    "student_12_grad_norm_std": 0.00613907678052783,
    "student_12_logit_mean": 0.9253580570220947,
    "student_12_logit_std": 1.0685811042785645,
    "student_12_lipschitz_mean": 11.333513259887695,
    "student_12_lipschitz_std": 5.939289093017578,
    "student_12_robustness/noise_0.0_mean": -40.05469175260963,
    "student_12_robustness/noise_0.0_std": 104.96885818124109,
    "seed": 621364
}