{
    "teacher_grad_norm_mean": 0.0065095615573227406,
    "teacher_grad_norm_std": 0.0012441787403076887,
    "teacher_logit_mean": 1.1664402484893799,
    "teacher_logit_std": 0.22712081670761108,
    "teacher_lipschitz_mean": 5.976278781890869,
    "teacher_lipschitz_std": 3.0570318698883057,
    "teacher_robustness/noise_0.0_mean": -249.47810225076827,
    "teacher_robustness/noise_0.0_std": 24.75348106709385,
    "student_1_grad_norm_mean": 0.007413696963340044,
    "student_1_grad_norm_std": 0.0010185610735788941,
    "student_1_logit_mean": 1.043367624282837,
    "student_1_logit_std": 0.22054941952228546,
    "student_1_lipschitz_mean": 5.293292999267578,
    "student_1_lipschitz_std": 2.650275468826294,
    "student_1_robustness/noise_0.0_mean": -357.39641304152815,
    "student_1_robustness/noise_0.0_std": 116.70761785188851,
    "student_2_grad_norm_mean": 0.005753029603511095,
    "student_2_grad_norm_std": 0.0010915853781625628,
    "student_2_logit_mean": 0.731445848941803,
    "student_2_logit_std": 0.6307528018951416,
    "student_2_lipschitz_mean": 2.872751474380493,
    "student_2_lipschitz_std": 1.3993514776229858,
    "student_2_robustness/noise_0.0_mean": -322.8836526179803,
    "student_2_robustness/noise_0.0_std": 146.49038816315814,
    "student_3_grad_norm_mean": 0.00214485265314579,
    "student_3_grad_norm_std": 0.0003425434115342796,
    "student_3_logit_mean": 1.7206546068191528,
    "student_3_logit_std": 0.08795645087957382,
    "student_3_lipschitz_mean": 0.6978792548179626,
    "student_3_lipschitz_std": 0.4677072763442993,
    "student_3_robustness/noise_0.0_mean": -799.3174039472626,
    "student_3_robustness/noise_0.0_std": 639.9800234697266,
    "student_4_grad_norm_mean": 0.006922440137714148,
    "student_4_grad_norm_std": 0.0009487407514825463,
    "student_4_logit_mean": 1.1483279466629028,
    "student_4_logit_std": 0.20132020115852356,
    "student_4_lipschitz_mean": 5.771910190582275,
    "student_4_lipschitz_std": 2.8355865478515625,
    "student_4_robustness/noise_0.0_mean": -286.0454170288342,
    "student_4_robustness/noise_0.0_std": 29.48341717066484,
    "student_5_grad_norm_mean": 0.007056613452732563,
    "student_5_grad_norm_std": 0.0015517276478931308,
    "student_5_logit_mean": 0.9012848734855652,
    "student_5_logit_std": 0.6386294364929199,
    "student_5_lipschitz_mean": 5.795256614685059,
    "student_5_lipschitz_std": 2.9467241764068604,
    "student_5_robustness/noise_0.0_mean": -294.24691620667704,
    "student_5_robustness/noise_0.0_std": 26.67153396053525,
    "student_6_grad_norm_mean": 0.007827774621546268,
    "student_6_grad_norm_std": 0.0010752399684861302,
    "student_6_logit_mean": 1.2282811403274536,
    "student_6_logit_std": 0.596399188041687,
    "student_6_lipschitz_mean": 6.029242038726807,
    "student_6_lipschitz_std": 3.1915652751922607,
    "student_6_robustness/noise_0.0_mean": -352.59807960584527,
    "student_6_robustness/noise_0.0_std": 107.58430058666681,
    "student_7_grad_norm_mean": 0.007323417346924543,
    "student_7_grad_norm_std": 0.0012837997637689114,
    "student_7_logit_mean": 0.9259306788444519,
    "student_7_logit_std": 0.4346550703048706,
    "student_7_lipschitz_mean": 5.996478080749512,
    "student_7_lipschitz_std": 2.9504969120025635,
    "student_7_robustness/noise_0.0_mean": -289.7568232119673,
    "student_7_robustness/noise_0.0_std": 34.9327327259691,
    "student_8_grad_norm_mean": 0.007220535539090633,
    "student_8_grad_norm_std": 0.0016353781102225184,
    "student_8_logit_mean": 0.8442144989967346,
    "student_8_logit_std": 0.45478808879852295,
    "student_8_lipschitz_mean": 5.9330034255981445,
    "student_8_lipschitz_std": 3.018589496612549,
    "student_8_robustness/noise_0.0_mean": -272.2624347387094,
    "student_8_robustness/noise_0.0_std": 28.744642460518406,
    "student_9_grad_norm_mean": 0.007246837485581636,
    "student_9_grad_norm_std": 0.0009067714563570917,
    "student_9_logit_mean": 1.220410704612732,
    "student_9_logit_std": 0.47451257705688477,
    "student_9_lipschitz_mean": 5.8888726234436035,
    "student_9_lipschitz_std": 2.9228291511535645,
    "student_9_robustness/noise_0.0_mean": -319.1172224333368,
    "student_9_robustness/noise_0.0_std": 44.57937248769303,
    "student_10_grad_norm_mean": 0.006066075526177883,
    "student_10_grad_norm_std": 0.00121365487575531,
    "student_10_logit_mean": 1.4867132902145386,
    "student_10_logit_std": 0.6957074403762817,
    "student_10_lipschitz_mean": 5.775326251983643,
    "student_10_lipschitz_std": 2.9925177097320557,
    "student_10_robustness/noise_0.0_mean": -277.3837708450999,
    "student_10_robustness/noise_0.0_std": 28.361925194089704,
    "student_11_grad_norm_mean": 0.00667940080165863,
    "student_11_grad_norm_std": 0.0009165258961729705,
    "student_11_logit_mean": 1.1517128944396973,
    "student_11_logit_std": 0.2755360007286072,
    "student_11_lipschitz_mean": 5.817389011383057,
    "student_11_lipschitz_std": 2.9226484298706055,
    "student_11_robustness/noise_0.0_mean": -278.7145415625196,
    "student_11_robustness/noise_0.0_std": 26.87531673690671,
    "student_12_grad_norm_mean": 0.009783748537302017,
    "student_12_grad_norm_std": 0.0033100207801908255,
    "student_12_logit_mean": 0.6903579831123352,
    "student_12_logit_std": 0.997210681438446,
    "student_12_lipschitz_mean": 6.238411903381348,
    "student_12_lipschitz_std": 3.170363426208496,
    "student_12_robustness/noise_0.0_mean": -296.6146906723809,
    "student_12_robustness/noise_0.0_std": 41.222605995321494,
    "seed": 666341
}