{
    "teacher_grad_norm_mean": 0.009069246239960194,
    "teacher_grad_norm_std": 0.0021191583946347237,
    "teacher_logit_mean": 0.4660187363624573,
    "teacher_logit_std": 0.5494359731674194,
    "teacher_lipschitz_mean": 5.393394470214844,
    "teacher_lipschitz_std": 2.5039520263671875,
    "teacher_robustness/noise_0.0_mean": -262.02230906324473,
    "teacher_robustness/noise_0.0_std": 115.20318016539443,
    "student_1_grad_norm_mean": 0.008772655390202999,
    "student_1_grad_norm_std": 0.0019489218248054385,
    "student_1_logit_mean": 0.4588708281517029,
    "student_1_logit_std": 0.5580763220787048,
    "student_1_lipschitz_mean": 5.2959394454956055,
    "student_1_lipschitz_std": 2.438810348510742,
    "student_1_robustness/noise_0.0_mean": -259.1608664662383,
    "student_1_robustness/noise_0.0_std": 122.33344546205709,
    "student_2_grad_norm_mean": 0.008987094275653362,
    "student_2_grad_norm_std": 0.00195456319488585,
    "student_2_logit_mean": 0.3873407244682312,
    "student_2_logit_std": 0.4511321485042572,
    "student_2_lipschitz_mean": 5.302440166473389,
    "student_2_lipschitz_std": 2.500699758529663,
    "student_2_robustness/noise_0.0_mean": -273.96515373524375,
    "student_2_robustness/noise_0.0_std": 129.26365093500706,
    "student_3_grad_norm_mean": 0.004924744833260775,
    "student_3_grad_norm_std": 0.002153634326532483,
    "student_3_logit_mean": 0.5035964846611023,
    "student_3_logit_std": 0.4769519567489624,
    "student_3_lipschitz_mean": 4.566590309143066,
    "student_3_lipschitz_std": 2.2933835983276367,
    "student_3_robustness/noise_0.0_mean": -312.47734271651666,
    "student_3_robustness/noise_0.0_std": 67.10208438999251,
    "student_4_grad_norm_mean": 0.009250909090042114,
    "student_4_grad_norm_std": 0.0020355095621198416,
    "student_4_logit_mean": 0.3650507926940918,
    "student_4_logit_std": 0.430527001619339,
    "student_4_lipschitz_mean": 5.262785911560059,
    "student_4_lipschitz_std": 2.415221929550171,
    "student_4_robustness/noise_0.0_mean": -280.4050509216732,
    "student_4_robustness/noise_0.0_std": 119.39269362740662,
    "student_5_grad_norm_mean": 0.007170597091317177,
    "student_5_grad_norm_std": 0.0024082171730697155,
    "student_5_logit_mean": 0.386140912771225,
    "student_5_logit_std": 0.4034830927848816,
    "student_5_lipschitz_mean": 5.230263710021973,
    "student_5_lipschitz_std": 2.3634190559387207,
    "student_5_robustness/noise_0.0_mean": -262.6160510565567,
    "student_5_robustness/noise_0.0_std": 130.88845396747396,
    "student_6_grad_norm_mean": 0.007803536020219326,
    "student_6_grad_norm_std": 0.0018729764269664884,
    "student_6_logit_mean": 0.5575357675552368,
    "student_6_logit_std": 0.7020102739334106,
    "student_6_lipschitz_mean": 5.356957912445068,
    "student_6_lipschitz_std": 2.522599458694458,
    "student_6_robustness/noise_0.0_mean": -277.821126714968,
    "student_6_robustness/noise_0.0_std": 131.37542308664254,
    "student_7_grad_norm_mean": 0.008200799115002155,
    "student_7_grad_norm_std": 0.0024628457613289356,
    "student_7_logit_mean": 0.34138816595077515,
    "student_7_logit_std": 0.34214621782302856,
    "student_7_lipschitz_mean": 5.301455497741699,
    "student_7_lipschitz_std": 2.48569917678833,
    "student_7_robustness/noise_0.0_mean": -243.53519148555915,
    "student_7_robustness/noise_0.0_std": 122.60820899709276,
    "student_8_grad_norm_mean": 0.008392533287405968,
    "student_8_grad_norm_std": 0.0021229709964245558,
    "student_8_logit_mean": 0.43813979625701904,
    "student_8_logit_std": 0.4764372408390045,
    "student_8_lipschitz_mean": 5.140694618225098,
    "student_8_lipschitz_std": 2.3535661697387695,
    "student_8_robustness/noise_0.0_mean": -258.15626316471,
    "student_8_robustness/noise_0.0_std": 130.45267281451058,
    "student_9_grad_norm_mean": 0.008768830448389053,
    "student_9_grad_norm_std": 0.00235061370767653,
    "student_9_logit_mean": 0.37838324904441833,
    "student_9_logit_std": 0.5596362352371216,
    "student_9_lipschitz_mean": 5.152324199676514,
    "student_9_lipschitz_std": 2.437300682067871,
    "student_9_robustness/noise_0.0_mean": -270.76867362498274,
    "student_9_robustness/noise_0.0_std": 132.35877012754094,
    "student_10_grad_norm_mean": 0.008795075118541718,
    "student_10_grad_norm_std": 0.001995566301047802,
    "student_10_logit_mean": 0.44890096783638,
    "student_10_logit_std": 0.4746227264404297,
    "student_10_lipschitz_mean": 5.57314395904541,
    "student_10_lipschitz_std": 2.544294834136963,
    "student_10_robustness/noise_0.0_mean": -283.03452636443444,
    "student_10_robustness/noise_0.0_std": 110.02166613554796,
    "student_11_grad_norm_mean": 0.007593384012579918,
    "student_11_grad_norm_std": 0.002557395026087761,
    "student_11_logit_mean": 0.4284124970436096,
    "student_11_logit_std": 0.6197038292884827,
    "student_11_lipschitz_mean": 5.268801689147949,
    "student_11_lipschitz_std": 2.55179762840271,
    "student_11_robustness/noise_0.0_mean": -272.54546248614776,
    "student_11_robustness/noise_0.0_std": 112.56938200838444,
    "student_12_grad_norm_mean": 0.008607616648077965,
    "student_12_grad_norm_std": 0.002377996454015374,
    "student_12_logit_mean": 0.4458412230014801,
    "student_12_logit_std": 0.5711225271224976,
    "student_12_lipschitz_mean": 5.244743347167969,
    "student_12_lipschitz_std": 2.413752555847168,
    "student_12_robustness/noise_0.0_mean": -274.83187276098084,
    "student_12_robustness/noise_0.0_std": 114.76979888423656,
    "seed": 761621
}