{
    "teacher_grad_norm_mean": 0.00033849000465124846,
    "teacher_grad_norm_std": 8.354528108611703e-05,
    "teacher_logit_mean": 0.8196957111358643,
    "teacher_logit_std": 0.2938621938228607,
    "teacher_lipschitz_mean": 0.17981919646263123,
    "teacher_lipschitz_std": 0.06329453736543655,
    "teacher_robustness/noise_0.0_mean": 693.9285124006113,
    "teacher_robustness/noise_0.0_std": 292.89418496322793,
    "student_1_grad_norm_mean": 0.00022335615358315408,
    "student_1_grad_norm_std": 6.895632395753637e-05,
    "student_1_logit_mean": 0.6962615847587585,
    "student_1_logit_std": 0.23627623915672302,
    "student_1_lipschitz_mean": 0.12669630348682404,
    "student_1_lipschitz_std": 0.04764854162931442,
    "student_1_robustness/noise_0.0_mean": 926.8891938837666,
    "student_1_robustness/noise_0.0_std": 241.83647485516235,
    "student_2_grad_norm_mean": 0.00020328376558609307,
    "student_2_grad_norm_std": 7.644427387276664e-05,
    "student_2_logit_mean": 0.6529830098152161,
    "student_2_logit_std": 0.21441379189491272,
    "student_2_lipschitz_mean": 0.11545154452323914,
    "student_2_lipschitz_std": 0.04886588081717491,
    "student_2_robustness/noise_0.0_mean": 924.145146943124,
    "student_2_robustness/noise_0.0_std": 251.47219073224042,
    "student_3_grad_norm_mean": 0.00017642085731495172,
    "student_3_grad_norm_std": 6.89977387082763e-05,
    "student_3_logit_mean": 0.5770949721336365,
    "student_3_logit_std": 0.16958756744861603,
    "student_3_lipschitz_mean": 0.09954408556222916,
    "student_3_lipschitz_std": 0.04599931836128235,
    "student_3_robustness/noise_0.0_mean": 969.1296899573048,
    "student_3_robustness/noise_0.0_std": 151.46990446823776,
    "student_4_grad_norm_mean": 0.0002902309352066368,
    "student_4_grad_norm_std": 7.394492422463372e-05,
    "student_4_logit_mean": 0.7483969330787659,
    "student_4_logit_std": 0.26979121565818787,
    "student_4_lipschitz_mean": 0.1552702933549881,
    "student_4_lipschitz_std": 0.05519089847803116,
    "student_4_robustness/noise_0.0_mean": 945.9603588628978,
    "student_4_robustness/noise_0.0_std": 211.7555688501222,
    "student_5_grad_norm_mean": 0.00026270325179211795,
    "student_5_grad_norm_std": 7.795607234584168e-05,
    "student_5_logit_mean": 0.7217156291007996,
    "student_5_logit_std": 0.2525233030319214,
    "student_5_lipschitz_mean": 0.14313316345214844,
    "student_5_lipschitz_std": 0.053936365991830826,
    "student_5_robustness/noise_0.0_mean": 952.0372335666601,
    "student_5_robustness/noise_0.0_std": 209.0251873263534,
    "student_6_grad_norm_mean": 0.00022144765534903854,
    "student_6_grad_norm_std": 7.777907740091905e-05,
    "student_6_logit_mean": 0.6753320097923279,
    "student_6_logit_std": 0.23272274434566498,
    "student_6_lipschitz_mean": 0.13498063385486603,
    "student_6_lipschitz_std": 0.054534830152988434,
    "student_6_robustness/noise_0.0_mean": 1046.803492690234,
    "student_6_robustness/noise_0.0_std": 217.51051456530456,
    "student_7_grad_norm_mean": 0.0002949474728666246,
    "student_7_grad_norm_std": 7.282512524398044e-05,
    "student_7_logit_mean": 0.8018306493759155,
    "student_7_logit_std": 0.2799481451511383,
    "student_7_lipschitz_mean": 0.15735812485218048,
    "student_7_lipschitz_std": 0.05572652444243431,
    "student_7_robustness/noise_0.0_mean": 778.8572677291247,
    "student_7_robustness/noise_0.0_std": 310.1832186832705,
    "student_8_grad_norm_mean": 0.00026429895660839975,
    "student_8_grad_norm_std": 7.684781303396448e-05,
    "student_8_logit_mean": 0.7261542081832886,
    "student_8_logit_std": 0.2740841507911682,
    "student_8_lipschitz_mean": 0.13910681009292603,
    "student_8_lipschitz_std": 0.05371525511145592,
    "student_8_robustness/noise_0.0_mean": 891.5318827325449,
    "student_8_robustness/noise_0.0_std": 192.5644376987001,
    "student_9_grad_norm_mean": 0.00024016716633923352,
    "student_9_grad_norm_std": 7.178044324973598e-05,
    "student_9_logit_mean": 0.695957362651825,
    "student_9_logit_std": 0.25814756751060486,
    "student_9_lipschitz_mean": 0.13544625043869019,
    "student_9_lipschitz_std": 0.04956794157624245,
    "student_9_robustness/noise_0.0_mean": 913.4498600684904,
    "student_9_robustness/noise_0.0_std": 239.7927952643271,
    "student_10_grad_norm_mean": 0.00030119653092697263,
    "student_10_grad_norm_std": 7.378836016869172e-05,
    "student_10_logit_mean": 0.8126465082168579,
    "student_10_logit_std": 0.2859618663787842,
    "student_10_lipschitz_mean": 0.15954294800758362,
    "student_10_lipschitz_std": 0.0570363849401474,
    "student_10_robustness/noise_0.0_mean": 767.7179957397169,
    "student_10_robustness/noise_0.0_std": 296.6301181460906,
    "student_11_grad_norm_mean": 0.0002768905251286924,
    "student_11_grad_norm_std": 7.386798824882135e-05,
    "student_11_logit_mean": 0.7434975504875183,
    "student_11_logit_std": 0.28006863594055176,
    "student_11_lipschitz_mean": 0.14780960977077484,
    "student_11_lipschitz_std": 0.0546300932765007,
    "student_11_robustness/noise_0.0_mean": 830.2923035321744,
    "student_11_robustness/noise_0.0_std": 289.40064695384376,
    "student_12_grad_norm_mean": 0.000233799364650622,
    "student_12_grad_norm_std": 6.448605563491583e-05,
    "student_12_logit_mean": 0.7077721357345581,
    "student_12_logit_std": 0.277862548828125,
    "student_12_lipschitz_mean": 0.13095493614673615,
    "student_12_lipschitz_std": 0.05033571645617485,
    "student_12_robustness/noise_0.0_mean": 837.1455566819637,
    "student_12_robustness/noise_0.0_std": 211.41420313869722,
    "seed": 915184
}