{
    "teacher_grad_norm_mean": 0.0015952805988490582,
    "teacher_grad_norm_std": 0.0004893527366220951,
    "teacher_logit_mean": 5.779796123504639,
    "teacher_logit_std": 1.4419783353805542,
    "teacher_lipschitz_mean": 0.854451060295105,
    "teacher_lipschitz_std": 0.3395811915397644,
    "teacher_robustness/noise_0.0_mean": -10.703428389885387,
    "teacher_robustness/noise_0.0_std": 10.278480018460492,
    "student_1_grad_norm_mean": 0.0008989230263978243,
    "student_1_grad_norm_std": 0.00032953862682916224,
    "student_1_logit_mean": 4.575407981872559,
    "student_1_logit_std": 1.2748403549194336,
    "student_1_lipschitz_mean": 0.43650469183921814,
    "student_1_lipschitz_std": 0.2176198959350586,
    "student_1_robustness/noise_0.0_mean": -17.1873655597452,
    "student_1_robustness/noise_0.0_std": 57.469174423414664,
    "student_2_grad_norm_mean": 0.0005911293555982411,
    "student_2_grad_norm_std": 0.0003258800716139376,
    "student_2_logit_mean": 4.414020538330078,
    "student_2_logit_std": 0.9140278697013855,
    "student_2_lipschitz_mean": 0.240901917219162,
    "student_2_lipschitz_std": 0.1695300191640854,
    "student_2_robustness/noise_0.0_mean": -9.196399212888531,
    "student_2_robustness/noise_0.0_std": 8.213627366602463,
    "student_3_grad_norm_mean": 0.0003775408258661628,
    "student_3_grad_norm_std": 0.00034741259878501296,
    "student_3_logit_mean": 2.9629173278808594,
    "student_3_logit_std": 0.7610247135162354,
    "student_3_lipschitz_mean": 0.1148914098739624,
    "student_3_lipschitz_std": 0.12451883405447006,
    "student_3_robustness/noise_0.0_mean": -10.75534642347849,
    "student_3_robustness/noise_0.0_std": 7.938480703664597,
    "student_4_grad_norm_mean": 0.001242674421519041,
    "student_4_grad_norm_std": 0.0004213102802168578,
    "student_4_logit_mean": 5.671622276306152,
    "student_4_logit_std": 1.1911780834197998,
    "student_4_lipschitz_mean": 0.6641169190406799,
    "student_4_lipschitz_std": 0.26247742772102356,
    "student_4_robustness/noise_0.0_mean": -9.73444311702176,
    "student_4_robustness/noise_0.0_std": 7.291252396475563,
    "student_5_grad_norm_mean": 0.0010996672790497541,
    "student_5_grad_norm_std": 0.00039731847937218845,
    "student_5_logit_mean": 5.4172163009643555,
    "student_5_logit_std": 1.0639269351959229,
    "student_5_lipschitz_mean": 0.5707321763038635,
    "student_5_lipschitz_std": 0.25027498602867126,
    "student_5_robustness/noise_0.0_mean": -8.762598376648496,
    "student_5_robustness/noise_0.0_std": 7.694100734724431,
    "student_6_grad_norm_mean": 0.0008556830580346286,
    "student_6_grad_norm_std": 0.0003792262577917427,
    "student_6_logit_mean": 4.814489364624023,
    "student_6_logit_std": 0.9677897095680237,
    "student_6_lipschitz_mean": 0.3951876163482666,
    "student_6_lipschitz_std": 0.23876646161079407,
    "student_6_robustness/noise_0.0_mean": -10.574953950832782,
    "student_6_robustness/noise_0.0_std": 10.035323983858131,
    "student_7_grad_norm_mean": 0.0013169768499210477,
    "student_7_grad_norm_std": 0.0003971536352764815,
    "student_7_logit_mean": 5.779409885406494,
    "student_7_logit_std": 1.26067316532135,
    "student_7_lipschitz_mean": 0.7034423351287842,
    "student_7_lipschitz_std": 0.27409279346466064,
    "student_7_robustness/noise_0.0_mean": -9.967398755442806,
    "student_7_robustness/noise_0.0_std": 9.501177748774854,
    "student_8_grad_norm_mean": 0.0012389682233333588,
    "student_8_grad_norm_std": 0.00041953130858018994,
    "student_8_logit_mean": 5.656594276428223,
    "student_8_logit_std": 1.1907094717025757,
    "student_8_lipschitz_mean": 0.6883230209350586,
    "student_8_lipschitz_std": 0.28694096207618713,
    "student_8_robustness/noise_0.0_mean": -13.252040578294304,
    "student_8_robustness/noise_0.0_std": 47.33921252955406,
    "student_9_grad_norm_mean": 0.0011548950569704175,
    "student_9_grad_norm_std": 0.00039707025280222297,
    "student_9_logit_mean": 5.358006954193115,
    "student_9_logit_std": 1.065906047821045,
    "student_9_lipschitz_mean": 0.6000864505767822,
    "student_9_lipschitz_std": 0.26552116870880127,
    "student_9_robustness/noise_0.0_mean": -9.900065602813118,
    "student_9_robustness/noise_0.0_std": 8.6593901261977,
    "student_10_grad_norm_mean": 0.0013974423054605722,
    "student_10_grad_norm_std": 0.00042111173388548195,
    "student_10_logit_mean": 5.791284561157227,
    "student_10_logit_std": 1.3212237358093262,
    "student_10_lipschitz_mean": 0.7219650745391846,
    "student_10_lipschitz_std": 0.2778318524360657,
    "student_10_robustness/noise_0.0_mean": -9.4247679982567,
    "student_10_robustness/noise_0.0_std": 11.929058264645148,
    "student_11_grad_norm_mean": 0.0012247919803485274,
    "student_11_grad_norm_std": 0.0003883679455611855,
    "student_11_logit_mean": 5.585798263549805,
    "student_11_logit_std": 1.3472142219543457,
    "student_11_lipschitz_mean": 0.6852068901062012,
    "student_11_lipschitz_std": 0.274828165769577,
    "student_11_robustness/noise_0.0_mean": -8.238053790696963,
    "student_11_robustness/noise_0.0_std": 8.326705497745216,
    "student_12_grad_norm_mean": 0.001228347304277122,
    "student_12_grad_norm_std": 0.00038932295865379274,
    "student_12_logit_mean": 5.629137992858887,
    "student_12_logit_std": 1.123903751373291,
    "student_12_lipschitz_mean": 0.6650059819221497,
    "student_12_lipschitz_std": 0.27023035287857056,
    "student_12_robustness/noise_0.0_mean": -17.781002870402123,
    "student_12_robustness/noise_0.0_std": 86.39637422093811,
    "seed": 402979
}