{
    "teacher_grad_norm_mean": 0.00026956028887070715,
    "teacher_grad_norm_std": 8.230964158428833e-05,
    "teacher_logit_mean": 1.4319164752960205,
    "teacher_logit_std": 0.22743649780750275,
    "teacher_lipschitz_mean": 0.2961824834346771,
    "teacher_lipschitz_std": 0.11754543334245682,
    "teacher_robustness/noise_0.0_mean": 4453.376421593276,
    "teacher_robustness/noise_0.0_std": 489.3887144960213,
    "student_1_grad_norm_mean": 0.00016272295033559203,
    "student_1_grad_norm_std": 3.5242737794760615e-05,
    "student_1_logit_mean": 1.390899896621704,
    "student_1_logit_std": 0.19377683103084564,
    "student_1_lipschitz_mean": 0.17576514184474945,
    "student_1_lipschitz_std": 0.08225562423467636,
    "student_1_robustness/noise_0.0_mean": 1053.180416649629,
    "student_1_robustness/noise_0.0_std": 970.759375969109,
    "student_2_grad_norm_mean": 9.421638969797641e-05,
    "student_2_grad_norm_std": 4.113708564545959e-05,
    "student_2_logit_mean": 1.355804681777954,
    "student_2_logit_std": 0.15136510133743286,
    "student_2_lipschitz_mean": 0.13136103749275208,
    "student_2_lipschitz_std": 0.07038196921348572,
    "student_2_robustness/noise_0.0_mean": 702.3555202482092,
    "student_2_robustness/noise_0.0_std": 781.9004358788621,
    "student_3_grad_norm_mean": 8.590689685661346e-05,
    "student_3_grad_norm_std": 4.4663360313279554e-05,
    "student_3_logit_mean": 1.1070245504379272,
    "student_3_logit_std": 0.2858588397502899,
    "student_3_lipschitz_mean": 0.10526401549577713,
    "student_3_lipschitz_std": 0.07067862898111343,
    "student_3_robustness/noise_0.0_mean": 2990.7966985112075,
    "student_3_robustness/noise_0.0_std": 676.105082253606,
    "student_4_grad_norm_mean": 0.00023005538969300687,
    "student_4_grad_norm_std": 5.5877924751257524e-05,
    "student_4_logit_mean": 1.4187979698181152,
    "student_4_logit_std": 0.22439642250537872,
    "student_4_lipschitz_mean": 0.2431829422712326,
    "student_4_lipschitz_std": 0.09857521206140518,
    "student_4_robustness/noise_0.0_mean": 4254.119890180299,
    "student_4_robustness/noise_0.0_std": 818.1158916075118,
    "student_5_grad_norm_mean": 0.0001976337662199512,
    "student_5_grad_norm_std": 5.69452386116609e-05,
    "student_5_logit_mean": 1.4101676940917969,
    "student_5_logit_std": 0.2080332338809967,
    "student_5_lipschitz_mean": 0.2084370106458664,
    "student_5_lipschitz_std": 0.08990807086229324,
    "student_5_robustness/noise_0.0_mean": 2230.5406735573556,
    "student_5_robustness/noise_0.0_std": 1519.703040058072,
    "student_6_grad_norm_mean": 0.00016367388889193535,
    "student_6_grad_norm_std": 6.120841135270894e-05,
    "student_6_logit_mean": 1.3810700178146362,
    "student_6_logit_std": 0.17844872176647186,
    "student_6_lipschitz_mean": 0.18032167851924896,
    "student_6_lipschitz_std": 0.09756612777709961,
    "student_6_robustness/noise_0.0_mean": 1387.8334033005356,
    "student_6_robustness/noise_0.0_std": 1211.0624522676737,
    "student_7_grad_norm_mean": 0.0002446737780701369,
    "student_7_grad_norm_std": 6.648209819104522e-05,
    "student_7_logit_mean": 1.4265334606170654,
    "student_7_logit_std": 0.22294750809669495,
    "student_7_lipschitz_mean": 0.2718486189842224,
    "student_7_lipschitz_std": 0.10365121066570282,
    "student_7_robustness/noise_0.0_mean": 4466.343086027653,
    "student_7_robustness/noise_0.0_std": 442.45228537183505,
    "student_8_grad_norm_mean": 0.00018189213005825877,
    "student_8_grad_norm_std": 8.284160139737651e-05,
    "student_8_logit_mean": 1.2278869152069092,
    "student_8_logit_std": 0.27879148721694946,
    "student_8_lipschitz_mean": 0.2054031938314438,
    "student_8_lipschitz_std": 0.1066841334104538,
    "student_8_robustness/noise_0.0_mean": 4458.684350223015,
    "student_8_robustness/noise_0.0_std": 406.94072719921195,
    "student_9_grad_norm_mean": 0.00020442104141693562,
    "student_9_grad_norm_std": 6.69438304612413e-05,
    "student_9_logit_mean": 1.4134202003479004,
    "student_9_logit_std": 0.20416761934757233,
    "student_9_lipschitz_mean": 0.22933314740657806,
    "student_9_lipschitz_std": 0.10568691790103912,
    "student_9_robustness/noise_0.0_mean": 2273.7191721134627,
    "student_9_robustness/noise_0.0_std": 1725.3682699365745,
    "student_10_grad_norm_mean": 0.00025576946791261435,
    "student_10_grad_norm_std": 7.474252925021574e-05,
    "student_10_logit_mean": 1.4340643882751465,
    "student_10_logit_std": 0.23098598420619965,
    "student_10_lipschitz_mean": 0.28586941957473755,
    "student_10_lipschitz_std": 0.11116540431976318,
    "student_10_robustness/noise_0.0_mean": 4404.231087820768,
    "student_10_robustness/noise_0.0_std": 631.0434596058187,
    "student_11_grad_norm_mean": 0.0002471754851285368,
    "student_11_grad_norm_std": 6.78724973113276e-05,
    "student_11_logit_mean": 1.4294010400772095,
    "student_11_logit_std": 0.21945825219154358,
    "student_11_lipschitz_mean": 0.27207571268081665,
    "student_11_lipschitz_std": 0.11076609790325165,
    "student_11_robustness/noise_0.0_mean": 4447.282863201827,
    "student_11_robustness/noise_0.0_std": 477.0293987327716,
    "student_12_grad_norm_mean": 0.00023544450232293457,
    "student_12_grad_norm_std": 6.017766645527445e-05,
    "student_12_logit_mean": 1.4181774854660034,
    "student_12_logit_std": 0.22059489786624908,
    "student_12_lipschitz_mean": 0.25617870688438416,
    "student_12_lipschitz_std": 0.10943122953176498,
    "student_12_robustness/noise_0.0_mean": 3870.1762365371,
    "student_12_robustness/noise_0.0_std": 1130.1361585560112,
    "seed": 2
}