{
    "teacher_grad_norm_mean": 0.0003755142097361386,
    "teacher_grad_norm_std": 0.00011943972640438005,
    "teacher_logit_mean": 0.7830184102058411,
    "teacher_logit_std": 0.4123663008213043,
    "teacher_lipschitz_mean": 0.39814385771751404,
    "teacher_lipschitz_std": 0.20082876086235046,
    "teacher_robustness/noise_0.0_mean": 423.085742487154,
    "teacher_robustness/noise_0.0_std": 1.636993721029833,
    "student_1_grad_norm_mean": 0.00028994158492423594,
    "student_1_grad_norm_std": 8.503512071911246e-05,
    "student_1_logit_mean": 0.7587122321128845,
    "student_1_logit_std": 0.3892231583595276,
    "student_1_lipschitz_mean": 0.2680460810661316,
    "student_1_lipschitz_std": 0.13450779020786285,
    "student_1_robustness/noise_0.0_mean": 425.3014643964007,
    "student_1_robustness/noise_0.0_std": 1.2874417713117845,
    "student_2_grad_norm_mean": 0.00022657570661976933,
    "student_2_grad_norm_std": 9.448420314583927e-05,
    "student_2_logit_mean": 0.752273678779602,
    "student_2_logit_std": 0.35783010721206665,
    "student_2_lipschitz_mean": 0.20597201585769653,
    "student_2_lipschitz_std": 0.11907341331243515,
    "student_2_robustness/noise_0.0_mean": 148.23511980875858,
    "student_2_robustness/noise_0.0_std": 133.98668660224294,
    "student_3_grad_norm_mean": 0.00018685056420508772,
    "student_3_grad_norm_std": 9.063029574463144e-05,
    "student_3_logit_mean": 0.706437885761261,
    "student_3_logit_std": 0.28427746891975403,
    "student_3_lipschitz_mean": 0.15860262513160706,
    "student_3_lipschitz_std": 0.09707877039909363,
    "student_3_robustness/noise_0.0_mean": 55.28989842463161,
    "student_3_robustness/noise_0.0_std": 1.7041944810925178,
    "student_4_grad_norm_mean": 0.0003641802177298814,
    "student_4_grad_norm_std": 8.485450962325558e-05,
    "student_4_logit_mean": 0.7803926467895508,
    "student_4_logit_std": 0.40542060136795044,
    "student_4_lipschitz_mean": 0.3597066104412079,
    "student_4_lipschitz_std": 0.16566048562526703,
    "student_4_robustness/noise_0.0_mean": 420.9756844640783,
    "student_4_robustness/noise_0.0_std": 1.4801506389287862,
    "student_5_grad_norm_mean": 0.0003397143736947328,
    "student_5_grad_norm_std": 0.00011168897617608309,
    "student_5_logit_mean": 0.780860185623169,
    "student_5_logit_std": 0.40166109800338745,
    "student_5_lipschitz_mean": 0.3254627287387848,
    "student_5_lipschitz_std": 0.16239342093467712,
    "student_5_robustness/noise_0.0_mean": 419.1735745834963,
    "student_5_robustness/noise_0.0_std": 1.4634426375720055,
    "student_6_grad_norm_mean": 0.0002763165975920856,
    "student_6_grad_norm_std": 0.00011441025708336383,
    "student_6_logit_mean": 0.7704681158065796,
    "student_6_logit_std": 0.3915405571460724,
    "student_6_lipschitz_mean": 0.25545161962509155,
    "student_6_lipschitz_std": 0.1385922133922577,
    "student_6_robustness/noise_0.0_mean": 385.3815208307912,
    "student_6_robustness/noise_0.0_std": 7.348755399911773,
    "student_7_grad_norm_mean": 0.0003788188623730093,
    "student_7_grad_norm_std": 0.00010382243635831401,
    "student_7_logit_mean": 0.7805244326591492,
    "student_7_logit_std": 0.4111180603504181,
    "student_7_lipschitz_mean": 0.3751797080039978,
    "student_7_lipschitz_std": 0.18214820325374603,
    "student_7_robustness/noise_0.0_mean": 421.3018634144571,
    "student_7_robustness/noise_0.0_std": 1.5429990610260922,
    "student_8_grad_norm_mean": 0.00037146115209907293,
    "student_8_grad_norm_std": 0.00010270454367855564,
    "student_8_logit_mean": 0.7768562436103821,
    "student_8_logit_std": 0.405563622713089,
    "student_8_lipschitz_mean": 0.3688143491744995,
    "student_8_lipschitz_std": 0.17731010913848877,
    "student_8_robustness/noise_0.0_mean": 419.2153976020026,
    "student_8_robustness/noise_0.0_std": 1.4784844876603929,
    "student_9_grad_norm_mean": 0.00035798284807242453,
    "student_9_grad_norm_std": 0.00011268867092439905,
    "student_9_logit_mean": 0.787666916847229,
    "student_9_logit_std": 0.4033491313457489,
    "student_9_lipschitz_mean": 0.34553295373916626,
    "student_9_lipschitz_std": 0.17918789386749268,
    "student_9_robustness/noise_0.0_mean": 417.77982429312164,
    "student_9_robustness/noise_0.0_std": 1.3614204619820784,
    "student_10_grad_norm_mean": 0.00037075698492117226,
    "student_10_grad_norm_std": 0.0001131464377976954,
    "student_10_logit_mean": 0.7821513414382935,
    "student_10_logit_std": 0.4124172031879425,
    "student_10_lipschitz_mean": 0.3888370096683502,
    "student_10_lipschitz_std": 0.19715465605258942,
    "student_10_robustness/noise_0.0_mean": 423.14075504964785,
    "student_10_robustness/noise_0.0_std": 1.8161876403299293,
    "student_11_grad_norm_mean": 0.0003740206593647599,
    "student_11_grad_norm_std": 0.00011570350034162402,
    "student_11_logit_mean": 0.7853954434394836,
    "student_11_logit_std": 0.4112720489501953,
    "student_11_lipschitz_mean": 0.3821195960044861,
    "student_11_lipschitz_std": 0.1923464983701706,
    "student_11_robustness/noise_0.0_mean": 421.9679903739936,
    "student_11_robustness/noise_0.0_std": 1.644160247485956,
    "student_12_grad_norm_mean": 0.00036625529173761606,
    "student_12_grad_norm_std": 0.0001169985844171606,
    "student_12_logit_mean": 0.7784382104873657,
    "student_12_logit_std": 0.41028735041618347,
    "student_12_lipschitz_mean": 0.3612588047981262,
    "student_12_lipschitz_std": 0.1835625171661377,
    "student_12_robustness/noise_0.0_mean": 419.97387946396367,
    "student_12_robustness/noise_0.0_std": 1.3075800775587463,
    "seed": 0
}