{
    "teacher_grad_norm_mean": 0.0037314856890589,
    "teacher_grad_norm_std": 0.0006411724607460201,
    "teacher_logit_mean": 0.5261603593826294,
    "teacher_logit_std": 0.49948668479919434,
    "teacher_lipschitz_mean": 3.188488721847534,
    "teacher_lipschitz_std": 2.115590810775757,
    "student_grad_norm_mean": 0.003714541671797633,
    "student_grad_norm_std": 0.0006569544202648103,
    "student_logit_mean": 0.5252785086631775,
    "student_logit_std": 0.4986734688282013,
    "student_lipschitz_mean": 3.276996612548828,
    "student_lipschitz_std": 2.159416913986206,
    "teacher_robustness/noise_0.0_mean": 500.0,
    "teacher_robustness/noise_0.0_std": 0.0,
    "teacher_robustness/noise_0.01_mean": 500.0,
    "teacher_robustness/noise_0.01_std": 0.0,
    "teacher_robustness/noise_0.05_mean": 500.0,
    "teacher_robustness/noise_0.05_std": 0.0,
    "teacher_robustness/noise_0.1_mean": 500.0,
    "teacher_robustness/noise_0.1_std": 0.0,
    "student_robustness/noise_0.0_mean": 500.0,
    "student_robustness/noise_0.0_std": 0.0,
    "student_robustness/noise_0.01_mean": 500.0,
    "student_robustness/noise_0.01_std": 0.0,
    "student_robustness/noise_0.05_mean": 500.0,
    "student_robustness/noise_0.05_std": 0.0,
    "student_robustness/noise_0.1_mean": 500.0,
    "student_robustness/noise_0.1_std": 0.0,
    "seed": 0
}