{
    "teacher_grad_norm_mean": 0.00021394016221165657,
    "teacher_grad_norm_std": 5.272022826829925e-05,
    "teacher_logit_mean": 1.3866294622421265,
    "teacher_logit_std": 0.32655251026153564,
    "teacher_lipschitz_mean": 0.2709480822086334,
    "teacher_lipschitz_std": 0.10134442895650864,
    "teacher_robustness/noise_0.0_mean": 4195.079269767756,
    "teacher_robustness/noise_0.0_std": 798.9182090911014,
    "student_1_grad_norm_mean": 0.00013792818936053663,
    "student_1_grad_norm_std": 3.054535045521334e-05,
    "student_1_logit_mean": 1.3564088344573975,
    "student_1_logit_std": 0.31008657813072205,
    "student_1_lipschitz_mean": 0.15773454308509827,
    "student_1_lipschitz_std": 0.07006265223026276,
    "student_1_robustness/noise_0.0_mean": 1076.7931187554,
    "student_1_robustness/noise_0.0_std": 824.1009458902129,
    "student_2_grad_norm_mean": 0.00012122748739784583,
    "student_2_grad_norm_std": 3.113619823125191e-05,
    "student_2_logit_mean": 1.3431670665740967,
    "student_2_logit_std": 0.29990193247795105,
    "student_2_lipschitz_mean": 0.13014894723892212,
    "student_2_lipschitz_std": 0.06122838705778122,
    "student_2_robustness/noise_0.0_mean": 596.133763348668,
    "student_2_robustness/noise_0.0_std": 564.2965999748565,
    "student_3_grad_norm_mean": 0.0001046929755830206,
    "student_3_grad_norm_std": 4.013233046862297e-05,
    "student_3_logit_mean": 1.2272536754608154,
    "student_3_logit_std": 0.23329119384288788,
    "student_3_lipschitz_mean": 0.11624415218830109,
    "student_3_lipschitz_std": 0.07144609838724136,
    "student_3_robustness/noise_0.0_mean": 473.4514542541331,
    "student_3_robustness/noise_0.0_std": 536.666749956048,
    "student_4_grad_norm_mean": 0.0002025577414315194,
    "student_4_grad_norm_std": 4.2128984205191955e-05,
    "student_4_logit_mean": 1.3771777153015137,
    "student_4_logit_std": 0.3281117081642151,
    "student_4_lipschitz_mean": 0.22343386709690094,
    "student_4_lipschitz_std": 0.0831078365445137,
    "student_4_robustness/noise_0.0_mean": 4109.1782270677095,
    "student_4_robustness/noise_0.0_std": 698.9698678725483,
    "student_5_grad_norm_mean": 0.00018069705402012914,
    "student_5_grad_norm_std": 4.02193509216886e-05,
    "student_5_logit_mean": 1.3716453313827515,
    "student_5_logit_std": 0.3246827721595764,
    "student_5_lipschitz_mean": 0.19321779906749725,
    "student_5_lipschitz_std": 0.08129163086414337,
    "student_5_robustness/noise_0.0_mean": 3537.6076198402193,
    "student_5_robustness/noise_0.0_std": 1016.3240455437435,
    "student_6_grad_norm_mean": 0.00012045616313116625,
    "student_6_grad_norm_std": 4.161905962973833e-05,
    "student_6_logit_mean": 1.3562945127487183,
    "student_6_logit_std": 0.30520865321159363,
    "student_6_lipschitz_mean": 0.13554292917251587,
    "student_6_lipschitz_std": 0.06976047158241272,
    "student_6_robustness/noise_0.0_mean": 239.02144355193855,
    "student_6_robustness/noise_0.0_std": 370.65884849087115,
    "student_7_grad_norm_mean": 0.00020128126197960228,
    "student_7_grad_norm_std": 4.3213090975768864e-05,
    "student_7_logit_mean": 1.3882524967193604,
    "student_7_logit_std": 0.323239803314209,
    "student_7_lipschitz_mean": 0.24305754899978638,
    "student_7_lipschitz_std": 0.08860503137111664,
    "student_7_robustness/noise_0.0_mean": 4283.959123422436,
    "student_7_robustness/noise_0.0_std": 519.5999384653666,
    "student_8_grad_norm_mean": 0.00020465435227379203,
    "student_8_grad_norm_std": 4.841305053560063e-05,
    "student_8_logit_mean": 1.3795063495635986,
    "student_8_logit_std": 0.3291548788547516,
    "student_8_lipschitz_mean": 0.23075462877750397,
    "student_8_lipschitz_std": 0.08967766165733337,
    "student_8_robustness/noise_0.0_mean": 4284.657629514228,
    "student_8_robustness/noise_0.0_std": 348.1420155691524,
    "student_9_grad_norm_mean": 0.00015634828014299273,
    "student_9_grad_norm_std": 5.539914491237141e-05,
    "student_9_logit_mean": 1.3709732294082642,
    "student_9_logit_std": 0.31744566559791565,
    "student_9_lipschitz_mean": 0.1732066422700882,
    "student_9_lipschitz_std": 0.09673672169446945,
    "student_9_robustness/noise_0.0_mean": 3540.7598367493733,
    "student_9_robustness/noise_0.0_std": 1109.0941609011404,
    "student_10_grad_norm_mean": 0.00020758841128554195,
    "student_10_grad_norm_std": 4.5336269977269694e-05,
    "student_10_logit_mean": 1.3904887437820435,
    "student_10_logit_std": 0.32202425599098206,
    "student_10_lipschitz_mean": 0.25675827264785767,
    "student_10_lipschitz_std": 0.09452064335346222,
    "student_10_robustness/noise_0.0_mean": 4188.361004834878,
    "student_10_robustness/noise_0.0_std": 830.2764177499661,
    "student_11_grad_norm_mean": 0.00020984442380722612,
    "student_11_grad_norm_std": 4.868869291385636e-05,
    "student_11_logit_mean": 1.3848271369934082,
    "student_11_logit_std": 0.3245595693588257,
    "student_11_lipschitz_mean": 0.24458175897598267,
    "student_11_lipschitz_std": 0.08870690315961838,
    "student_11_robustness/noise_0.0_mean": 4241.673042318325,
    "student_11_robustness/noise_0.0_std": 521.58624681643,
    "student_12_grad_norm_mean": 0.00018222130893263966,
    "student_12_grad_norm_std": 6.810532795498148e-05,
    "student_12_logit_mean": 1.3587579727172852,
    "student_12_logit_std": 0.3184320628643036,
    "student_12_lipschitz_mean": 0.22260883450508118,
    "student_12_lipschitz_std": 0.09877695143222809,
    "student_12_robustness/noise_0.0_mean": 3966.397272605651,
    "student_12_robustness/noise_0.0_std": 1080.8931515113925,
    "seed": 197184
}