{
    "teacher_grad_norm_mean": 0.0005369454738683999,
    "teacher_grad_norm_std": 0.00011028095468645915,
    "teacher_logit_mean": 0.6242069005966187,
    "teacher_logit_std": 0.3882805407047272,
    "teacher_lipschitz_mean": 0.5493945479393005,
    "teacher_lipschitz_std": 0.23579041659832,
    "teacher_robustness/noise_0.0_mean": 2998.038324030016,
    "teacher_robustness/noise_0.0_std": 561.0061380183538,
    "student_1_grad_norm_mean": 0.000386800616979599,
    "student_1_grad_norm_std": 7.402167102554813e-05,
    "student_1_logit_mean": 0.6101281642913818,
    "student_1_logit_std": 0.3653302490711212,
    "student_1_lipschitz_mean": 0.3666468858718872,
    "student_1_lipschitz_std": 0.15163077414035797,
    "student_1_robustness/noise_0.0_mean": 1018.977381052523,
    "student_1_robustness/noise_0.0_std": 161.97182661025082,
    "student_2_grad_norm_mean": 0.00029696954879909754,
    "student_2_grad_norm_std": 6.65660118102096e-05,
    "student_2_logit_mean": 0.6156833171844482,
    "student_2_logit_std": 0.333622545003891,
    "student_2_lipschitz_mean": 0.319769024848938,
    "student_2_lipschitz_std": 0.1424734741449356,
    "student_2_robustness/noise_0.0_mean": 1300.7407793009313,
    "student_2_robustness/noise_0.0_std": 188.095789780954,
    "student_3_grad_norm_mean": 0.00018721166998147964,
    "student_3_grad_norm_std": 7.53995482227765e-05,
    "student_3_logit_mean": 0.5817347168922424,
    "student_3_logit_std": 0.2708199620246887,
    "student_3_lipschitz_mean": 0.2226840853691101,
    "student_3_lipschitz_std": 0.10959171503782272,
    "student_3_robustness/noise_0.0_mean": 342.24652963423557,
    "student_3_robustness/noise_0.0_std": 45.34607941083112,
    "student_4_grad_norm_mean": 0.000514018174726516,
    "student_4_grad_norm_std": 9.848800982581452e-05,
    "student_4_logit_mean": 0.6269749402999878,
    "student_4_logit_std": 0.38859695196151733,
    "student_4_lipschitz_mean": 0.5002111196517944,
    "student_4_lipschitz_std": 0.20241275429725647,
    "student_4_robustness/noise_0.0_mean": 848.3024721289855,
    "student_4_robustness/noise_0.0_std": 43.70539958368933,
    "student_5_grad_norm_mean": 0.0004837913438677788,
    "student_5_grad_norm_std": 0.00010105060209752992,
    "student_5_logit_mean": 0.6210484504699707,
    "student_5_logit_std": 0.36414480209350586,
    "student_5_lipschitz_mean": 0.46674439311027527,
    "student_5_lipschitz_std": 0.20072948932647705,
    "student_5_robustness/noise_0.0_mean": 1069.7087823607678,
    "student_5_robustness/noise_0.0_std": 141.2401936428778,
    "student_6_grad_norm_mean": 0.00037457485450431705,
    "student_6_grad_norm_std": 0.00012960960157215595,
    "student_6_logit_mean": 0.6235847473144531,
    "student_6_logit_std": 0.36530280113220215,
    "student_6_lipschitz_mean": 0.3788858950138092,
    "student_6_lipschitz_std": 0.19065947830677032,
    "student_6_robustness/noise_0.0_mean": 2194.617212805106,
    "student_6_robustness/noise_0.0_std": 496.1873757869137,
    "student_7_grad_norm_mean": 0.0005241135368123651,
    "student_7_grad_norm_std": 9.943945769919083e-05,
    "student_7_logit_mean": 0.6158766746520996,
    "student_7_logit_std": 0.380861759185791,
    "student_7_lipschitz_mean": 0.5132076740264893,
    "student_7_lipschitz_std": 0.21757322549819946,
    "student_7_robustness/noise_0.0_mean": 1500.2349285248804,
    "student_7_robustness/noise_0.0_std": 777.9223765322049,
    "student_8_grad_norm_mean": 0.0005154338432475924,
    "student_8_grad_norm_std": 0.00011071510380133986,
    "student_8_logit_mean": 0.6155588626861572,
    "student_8_logit_std": 0.39133816957473755,
    "student_8_lipschitz_mean": 0.49925586581230164,
    "student_8_lipschitz_std": 0.2165881246328354,
    "student_8_robustness/noise_0.0_mean": 1543.5037401940617,
    "student_8_robustness/noise_0.0_std": 491.1064897953251,
    "student_9_grad_norm_mean": 0.0005018769297748804,
    "student_9_grad_norm_std": 0.0001374074927298352,
    "student_9_logit_mean": 0.6143620610237122,
    "student_9_logit_std": 0.370543897151947,
    "student_9_lipschitz_mean": 0.4932129383087158,
    "student_9_lipschitz_std": 0.2262871414422989,
    "student_9_robustness/noise_0.0_mean": 1340.0284995491552,
    "student_9_robustness/noise_0.0_std": 608.4994720657385,
    "student_10_grad_norm_mean": 0.0005321807693690062,
    "student_10_grad_norm_std": 0.00010256017412757501,
    "student_10_logit_mean": 0.630683422088623,
    "student_10_logit_std": 0.3820607364177704,
    "student_10_lipschitz_mean": 0.530585527420044,
    "student_10_lipschitz_std": 0.2259494811296463,
    "student_10_robustness/noise_0.0_mean": 3110.3126831700215,
    "student_10_robustness/noise_0.0_std": 348.8749245113783,
    "student_11_grad_norm_mean": 0.000525100389495492,
    "student_11_grad_norm_std": 9.922842582454905e-05,
    "student_11_logit_mean": 0.6158175468444824,
    "student_11_logit_std": 0.37938621640205383,
    "student_11_lipschitz_mean": 0.5253639817237854,
    "student_11_lipschitz_std": 0.2277921885251999,
    "student_11_robustness/noise_0.0_mean": 3128.967090628871,
    "student_11_robustness/noise_0.0_std": 319.5377190343697,
    "student_12_grad_norm_mean": 0.0005020954995416105,
    "student_12_grad_norm_std": 0.00010333553655073047,
    "student_12_logit_mean": 0.6256937384605408,
    "student_12_logit_std": 0.3770783543586731,
    "student_12_lipschitz_mean": 0.49836307764053345,
    "student_12_lipschitz_std": 0.21222276985645294,
    "student_12_robustness/noise_0.0_mean": 2540.7840996632726,
    "student_12_robustness/noise_0.0_std": 867.4345166356272,
    "seed": 4
}