{
    "teacher_grad_norm_mean": 0.006252196617424488,
    "teacher_grad_norm_std": 0.0023147978354245424,
    "teacher_logit_mean": 1.2340093851089478,
    "teacher_logit_std": 0.5231931805610657,
    "teacher_lipschitz_mean": 6.093210697174072,
    "teacher_lipschitz_std": 2.8368639945983887,
    "teacher_robustness/noise_0.0_mean": -15.457870875750913,
    "teacher_robustness/noise_0.0_std": 63.627328198315915,
    "student_1_grad_norm_mean": 0.006612463388592005,
    "student_1_grad_norm_std": 0.0012757519725710154,
    "student_1_logit_mean": 1.3161767721176147,
    "student_1_logit_std": 0.5081630349159241,
    "student_1_lipschitz_mean": 5.309803009033203,
    "student_1_lipschitz_std": 2.51090407371521,
    "student_1_robustness/noise_0.0_mean": -350.55740686678934,
    "student_1_robustness/noise_0.0_std": 98.28965040765759,
    "student_2_grad_norm_mean": 0.004310030490159988,
    "student_2_grad_norm_std": 0.00044004712253808975,
    "student_2_logit_mean": 1.609546184539795,
    "student_2_logit_std": 0.21057912707328796,
    "student_2_lipschitz_mean": 2.1654229164123535,
    "student_2_lipschitz_std": 1.0058398246765137,
    "student_2_robustness/noise_0.0_mean": -562.4759717755311,
    "student_2_robustness/noise_0.0_std": 249.1378571250811,
    "student_3_grad_norm_mean": 0.0026918998919427395,
    "student_3_grad_norm_std": 0.000596333818975836,
    "student_3_logit_mean": 1.7882275581359863,
    "student_3_logit_std": 0.22317202389240265,
    "student_3_lipschitz_mean": 0.8689346313476562,
    "student_3_lipschitz_std": 0.5646159648895264,
    "student_3_robustness/noise_0.0_mean": -875.9941872222381,
    "student_3_robustness/noise_0.0_std": 501.53490587565244,
    "student_4_grad_norm_mean": 0.006670128088444471,
    "student_4_grad_norm_std": 0.0022592872846871614,
    "student_4_logit_mean": 1.397064208984375,
    "student_4_logit_std": 0.9325714111328125,
    "student_4_lipschitz_mean": 5.852019786834717,
    "student_4_lipschitz_std": 2.7380480766296387,
    "student_4_robustness/noise_0.0_mean": -64.71640508845839,
    "student_4_robustness/noise_0.0_std": 44.91949602182373,
    "student_5_grad_norm_mean": 0.00592286279425025,
    "student_5_grad_norm_std": 0.0015017412370070815,
    "student_5_logit_mean": 1.384379506111145,
    "student_5_logit_std": 0.40442362427711487,
    "student_5_lipschitz_mean": 5.801787853240967,
    "student_5_lipschitz_std": 2.7641549110412598,
    "student_5_robustness/noise_0.0_mean": -63.188101730129965,
    "student_5_robustness/noise_0.0_std": 42.032699860793294,
    "student_6_grad_norm_mean": 0.0067339930683374405,
    "student_6_grad_norm_std": 0.0015912653179839253,
    "student_6_logit_mean": 1.3809421062469482,
    "student_6_logit_std": 0.3787476420402527,
    "student_6_lipschitz_mean": 5.6486663818359375,
    "student_6_lipschitz_std": 2.680663824081421,
    "student_6_robustness/noise_0.0_mean": -162.50438996186924,
    "student_6_robustness/noise_0.0_std": 61.878035760071256,
    "student_7_grad_norm_mean": 0.005197781138122082,
    "student_7_grad_norm_std": 0.0013083824887871742,
    "student_7_logit_mean": 1.4872184991836548,
    "student_7_logit_std": 0.3045344948768616,
    "student_7_lipschitz_mean": 5.913763523101807,
    "student_7_lipschitz_std": 2.7984774112701416,
    "student_7_robustness/noise_0.0_mean": -42.251004383954566,
    "student_7_robustness/noise_0.0_std": 52.32037117061544,
    "student_8_grad_norm_mean": 0.006117184646427631,
    "student_8_grad_norm_std": 0.001949210767634213,
    "student_8_logit_mean": 1.3325285911560059,
    "student_8_logit_std": 0.5379372835159302,
    "student_8_lipschitz_mean": 6.05055046081543,
    "student_8_lipschitz_std": 2.7788186073303223,
    "student_8_robustness/noise_0.0_mean": -38.21525684401746,
    "student_8_robustness/noise_0.0_std": 54.83256736224663,
    "student_9_grad_norm_mean": 0.005839875899255276,
    "student_9_grad_norm_std": 0.0019190240418538451,
    "student_9_logit_mean": 1.367559790611267,
    "student_9_logit_std": 0.41057172417640686,
    "student_9_lipschitz_mean": 6.0785136222839355,
    "student_9_lipschitz_std": 2.7857911586761475,
    "student_9_robustness/noise_0.0_mean": -11.949322094025424,
    "student_9_robustness/noise_0.0_std": 69.4165690911193,
    "student_10_grad_norm_mean": 0.005745432805269957,
    "student_10_grad_norm_std": 0.0017687787767499685,
    "student_10_logit_mean": 1.3959193229675293,
    "student_10_logit_std": 0.46495527029037476,
    "student_10_lipschitz_mean": 5.895987510681152,
    "student_10_lipschitz_std": 2.8525197505950928,
    "student_10_robustness/noise_0.0_mean": -29.50084631491813,
    "student_10_robustness/noise_0.0_std": 46.52942822167894,
    "student_11_grad_norm_mean": 0.005220408551394939,
    "student_11_grad_norm_std": 0.0016061115311458707,
    "student_11_logit_mean": 1.468066692352295,
    "student_11_logit_std": 0.5773194432258606,
    "student_11_lipschitz_mean": 5.977724075317383,
    "student_11_lipschitz_std": 2.814859390258789,
    "student_11_robustness/noise_0.0_mean": -12.863240505803407,
    "student_11_robustness/noise_0.0_std": 70.71611492078836,
    "student_12_grad_norm_mean": 0.005693062208592892,
    "student_12_grad_norm_std": 0.0013534409226849675,
    "student_12_logit_mean": 1.6250033378601074,
    "student_12_logit_std": 0.4701920747756958,
    "student_12_lipschitz_mean": 5.991734504699707,
    "student_12_lipschitz_std": 2.888007640838623,
    "student_12_robustness/noise_0.0_mean": -34.789551474592805,
    "student_12_robustness/noise_0.0_std": 71.330573619556,
    "seed": 40287
}