{
    "teacher_grad_norm_mean": 0.00024819860118441284,
    "teacher_grad_norm_std": 6.472635141108185e-05,
    "teacher_logit_mean": 1.1086268424987793,
    "teacher_logit_std": 0.30336853861808777,
    "teacher_lipschitz_mean": 0.29896241426467896,
    "teacher_lipschitz_std": 0.10943179577589035,
    "teacher_robustness/noise_0.0_mean": 3041.867833134741,
    "teacher_robustness/noise_0.0_std": 230.32585283830966,
    "student_1_grad_norm_mean": 0.0001641137496335432,
    "student_1_grad_norm_std": 3.775563163799234e-05,
    "student_1_logit_mean": 1.0439873933792114,
    "student_1_logit_std": 0.28381505608558655,
    "student_1_lipschitz_mean": 0.19772113859653473,
    "student_1_lipschitz_std": 0.07327556610107422,
    "student_1_robustness/noise_0.0_mean": 2201.164396456907,
    "student_1_robustness/noise_0.0_std": 967.9296331694682,
    "student_2_grad_norm_mean": 0.00013310689246281981,
    "student_2_grad_norm_std": 3.8488287827931345e-05,
    "student_2_logit_mean": 0.8616495132446289,
    "student_2_logit_std": 0.25836604833602905,
    "student_2_lipschitz_mean": 0.17898371815681458,
    "student_2_lipschitz_std": 0.07260805368423462,
    "student_2_robustness/noise_0.0_mean": 390.67682926722586,
    "student_2_robustness/noise_0.0_std": 381.51952492565397,
    "student_3_grad_norm_mean": 0.00010950039722956717,
    "student_3_grad_norm_std": 4.174913192400709e-05,
    "student_3_logit_mean": 0.9206035137176514,
    "student_3_logit_std": 0.18483975529670715,
    "student_3_lipschitz_mean": 0.14002679288387299,
    "student_3_lipschitz_std": 0.07411578297615051,
    "student_3_robustness/noise_0.0_mean": 1012.9241229852468,
    "student_3_robustness/noise_0.0_std": 801.1577502714689,
    "student_4_grad_norm_mean": 0.0002082602004520595,
    "student_4_grad_norm_std": 4.95561289426405e-05,
    "student_4_logit_mean": 1.101527452468872,
    "student_4_logit_std": 0.30089816451072693,
    "student_4_lipschitz_mean": 0.24447034299373627,
    "student_4_lipschitz_std": 0.08948428928852081,
    "student_4_robustness/noise_0.0_mean": 2918.345445520341,
    "student_4_robustness/noise_0.0_std": 462.12649055089685,
    "student_5_grad_norm_mean": 0.00019055773736909032,
    "student_5_grad_norm_std": 4.971182715962641e-05,
    "student_5_logit_mean": 1.0805743932724,
    "student_5_logit_std": 0.30204853415489197,
    "student_5_lipschitz_mean": 0.2244899421930313,
    "student_5_lipschitz_std": 0.0875079333782196,
    "student_5_robustness/noise_0.0_mean": 1262.8788468076355,
    "student_5_robustness/noise_0.0_std": 969.0309605850592,
    "student_6_grad_norm_mean": 0.00014895739150233567,
    "student_6_grad_norm_std": 5.813374082208611e-05,
    "student_6_logit_mean": 1.05147123336792,
    "student_6_logit_std": 0.25844287872314453,
    "student_6_lipschitz_mean": 0.18773627281188965,
    "student_6_lipschitz_std": 0.09914746880531311,
    "student_6_robustness/noise_0.0_mean": 712.9361340743328,
    "student_6_robustness/noise_0.0_std": 710.795640882496,
    "student_7_grad_norm_mean": 0.0002248389064334333,
    "student_7_grad_norm_std": 5.3201769333099946e-05,
    "student_7_logit_mean": 1.1049576997756958,
    "student_7_logit_std": 0.29946964979171753,
    "student_7_lipschitz_mean": 0.2701038122177124,
    "student_7_lipschitz_std": 0.09761690348386765,
    "student_7_robustness/noise_0.0_mean": 3079.5705860744465,
    "student_7_robustness/noise_0.0_std": 72.4301637381096,
    "student_8_grad_norm_mean": 0.00020945435971952975,
    "student_8_grad_norm_std": 5.359978968044743e-05,
    "student_8_logit_mean": 1.092041254043579,
    "student_8_logit_std": 0.29543060064315796,
    "student_8_lipschitz_mean": 0.25475257635116577,
    "student_8_lipschitz_std": 0.0944514125585556,
    "student_8_robustness/noise_0.0_mean": 2893.9671432340815,
    "student_8_robustness/noise_0.0_std": 370.4185965388394,
    "student_9_grad_norm_mean": 0.00017512388876639307,
    "student_9_grad_norm_std": 6.619045598199591e-05,
    "student_9_logit_mean": 1.0712451934814453,
    "student_9_logit_std": 0.2906043529510498,
    "student_9_lipschitz_mean": 0.21786299347877502,
    "student_9_lipschitz_std": 0.09888603538274765,
    "student_9_robustness/noise_0.0_mean": 2117.4650413962013,
    "student_9_robustness/noise_0.0_std": 980.6305387424376,
    "student_10_grad_norm_mean": 0.00023234417312778533,
    "student_10_grad_norm_std": 5.817637065774761e-05,
    "student_10_logit_mean": 1.1171696186065674,
    "student_10_logit_std": 0.30813491344451904,
    "student_10_lipschitz_mean": 0.2770054042339325,
    "student_10_lipschitz_std": 0.09627620130777359,
    "student_10_robustness/noise_0.0_mean": 3090.5666242098227,
    "student_10_robustness/noise_0.0_std": 232.83655699907095,
    "student_11_grad_norm_mean": 0.0002093694929499179,
    "student_11_grad_norm_std": 5.349202183424495e-05,
    "student_11_logit_mean": 1.1045360565185547,
    "student_11_logit_std": 0.25000762939453125,
    "student_11_lipschitz_mean": 0.2799712121486664,
    "student_11_lipschitz_std": 0.09667719900608063,
    "student_11_robustness/noise_0.0_mean": 3005.5500743664124,
    "student_11_robustness/noise_0.0_std": 206.29902932021977,
    "student_12_grad_norm_mean": 0.0002079459954984486,
    "student_12_grad_norm_std": 5.6431359553243965e-05,
    "student_12_logit_mean": 1.0824893712997437,
    "student_12_logit_std": 0.29599955677986145,
    "student_12_lipschitz_mean": 0.2525016963481903,
    "student_12_lipschitz_std": 0.09973587840795517,
    "student_12_robustness/noise_0.0_mean": 2791.985874844015,
    "student_12_robustness/noise_0.0_std": 421.5424094974238,
    "seed": 0
}