{
    "teacher_grad_norm_mean": 0.00036959967110306025,
    "teacher_grad_norm_std": 9.27848886931315e-05,
    "teacher_logit_mean": 0.9111281633377075,
    "teacher_logit_std": 0.28225311636924744,
    "teacher_lipschitz_mean": 0.20038801431655884,
    "teacher_lipschitz_std": 0.06961182504892349,
    "teacher_robustness/noise_0.0_mean": 727.0074584954513,
    "teacher_robustness/noise_0.0_std": 278.47519717182286,
    "student_1_grad_norm_mean": 0.00022458301100414246,
    "student_1_grad_norm_std": 7.153535989345983e-05,
    "student_1_logit_mean": 0.7614346146583557,
    "student_1_logit_std": 0.21421486139297485,
    "student_1_lipschitz_mean": 0.1312127262353897,
    "student_1_lipschitz_std": 0.052035681903362274,
    "student_1_robustness/noise_0.0_mean": 919.3606516587963,
    "student_1_robustness/noise_0.0_std": 172.8105300816255,
    "student_2_grad_norm_mean": 0.00018233728769700974,
    "student_2_grad_norm_std": 6.628489791182801e-05,
    "student_2_logit_mean": 0.7073739767074585,
    "student_2_logit_std": 0.1817900687456131,
    "student_2_lipschitz_mean": 0.11103696376085281,
    "student_2_lipschitz_std": 0.050003860145807266,
    "student_2_robustness/noise_0.0_mean": 861.9310657445018,
    "student_2_robustness/noise_0.0_std": 147.47878104554104,
    "student_3_grad_norm_mean": 0.0001636989036342129,
    "student_3_grad_norm_std": 6.451146327890456e-05,
    "student_3_logit_mean": 0.6439611911773682,
    "student_3_logit_std": 0.1538204401731491,
    "student_3_lipschitz_mean": 0.10100849717855453,
    "student_3_lipschitz_std": 0.044668279588222504,
    "student_3_robustness/noise_0.0_mean": 941.8599979394604,
    "student_3_robustness/noise_0.0_std": 96.48744703115983,
    "student_4_grad_norm_mean": 0.00029282525065355003,
    "student_4_grad_norm_std": 7.941529474919662e-05,
    "student_4_logit_mean": 0.8038796186447144,
    "student_4_logit_std": 0.24654985964298248,
    "student_4_lipschitz_mean": 0.15865376591682434,
    "student_4_lipschitz_std": 0.05735281482338905,
    "student_4_robustness/noise_0.0_mean": 852.934415028037,
    "student_4_robustness/noise_0.0_std": 293.3188161751362,
    "student_5_grad_norm_mean": 0.000249612785410136,
    "student_5_grad_norm_std": 7.202774577308446e-05,
    "student_5_logit_mean": 0.7468335628509521,
    "student_5_logit_std": 0.2292746603488922,
    "student_5_lipschitz_mean": 0.14364151656627655,
    "student_5_lipschitz_std": 0.05385413393378258,
    "student_5_robustness/noise_0.0_mean": 924.9517149230655,
    "student_5_robustness/noise_0.0_std": 152.5981768148212,
    "student_6_grad_norm_mean": 0.00020905118435621262,
    "student_6_grad_norm_std": 7.361491589108482e-05,
    "student_6_logit_mean": 0.7462133169174194,
    "student_6_logit_std": 0.202083021402359,
    "student_6_lipschitz_mean": 0.1318579912185669,
    "student_6_lipschitz_std": 0.0563848614692688,
    "student_6_robustness/noise_0.0_mean": 929.3546061874208,
    "student_6_robustness/noise_0.0_std": 106.8825325267148,
    "student_7_grad_norm_mean": 0.0003010905929841101,
    "student_7_grad_norm_std": 7.986267155501992e-05,
    "student_7_logit_mean": 0.954045295715332,
    "student_7_logit_std": 0.3264985680580139,
    "student_7_lipschitz_mean": 0.1628372073173523,
    "student_7_lipschitz_std": 0.05984634533524513,
    "student_7_robustness/noise_0.0_mean": 700.4121253012809,
    "student_7_robustness/noise_0.0_std": 307.4590783274403,
    "student_8_grad_norm_mean": 0.0002736342721618712,
    "student_8_grad_norm_std": 7.677496614633128e-05,
    "student_8_logit_mean": 0.7768592238426208,
    "student_8_logit_std": 0.2534497380256653,
    "student_8_lipschitz_mean": 0.15035401284694672,
    "student_8_lipschitz_std": 0.056087031960487366,
    "student_8_robustness/noise_0.0_mean": 921.8501958806542,
    "student_8_robustness/noise_0.0_std": 226.45431074246554,
    "student_9_grad_norm_mean": 0.0002398857759544626,
    "student_9_grad_norm_std": 6.768016464775428e-05,
    "student_9_logit_mean": 0.7585904598236084,
    "student_9_logit_std": 0.22362497448921204,
    "student_9_lipschitz_mean": 0.1433483362197876,
    "student_9_lipschitz_std": 0.051184386014938354,
    "student_9_robustness/noise_0.0_mean": 907.0773843003095,
    "student_9_robustness/noise_0.0_std": 152.71059004334563,
    "student_10_grad_norm_mean": 0.00030744390096515417,
    "student_10_grad_norm_std": 7.545126572949812e-05,
    "student_10_logit_mean": 0.9517440795898438,
    "student_10_logit_std": 0.35195496678352356,
    "student_10_lipschitz_mean": 0.16336698830127716,
    "student_10_lipschitz_std": 0.057167813181877136,
    "student_10_robustness/noise_0.0_mean": 836.4646126046141,
    "student_10_robustness/noise_0.0_std": 227.13542121590118,
    "student_11_grad_norm_mean": 0.000274540827376768,
    "student_11_grad_norm_std": 7.54121647332795e-05,
    "student_11_logit_mean": 0.8885887265205383,
    "student_11_logit_std": 0.34195074439048767,
    "student_11_lipschitz_mean": 0.14883385598659515,
    "student_11_lipschitz_std": 0.05362451449036598,
    "student_11_robustness/noise_0.0_mean": 850.9065315207533,
    "student_11_robustness/noise_0.0_std": 265.5175051007592,
    "student_12_grad_norm_mean": 0.0002491263148840517,
    "student_12_grad_norm_std": 7.120659574866295e-05,
    "student_12_logit_mean": 0.7554631233215332,
    "student_12_logit_std": 0.24403104186058044,
    "student_12_lipschitz_mean": 0.14134253561496735,
    "student_12_lipschitz_std": 0.05310001224279404,
    "student_12_robustness/noise_0.0_mean": 873.1841145638593,
    "student_12_robustness/noise_0.0_std": 208.9732959399422,
    "seed": 469146
}