{
    "teacher_grad_norm_mean": 0.0008257826557382941,
    "teacher_grad_norm_std": 0.00026547920424491167,
    "teacher_logit_mean": 6.066301345825195,
    "teacher_logit_std": 1.0583263635635376,
    "teacher_lipschitz_mean": 1.045432209968567,
    "teacher_lipschitz_std": 0.3972155451774597,
    "teacher_robustness/noise_0.0_mean": 907.3621170008065,
    "teacher_robustness/noise_0.0_std": 77.95025353435763,
    "student_1_grad_norm_mean": 0.0004960892838425934,
    "student_1_grad_norm_std": 0.00016398685693275183,
    "student_1_logit_mean": 5.74378776550293,
    "student_1_logit_std": 1.0584334135055542,
    "student_1_lipschitz_mean": 0.5371717810630798,
    "student_1_lipschitz_std": 0.2687351405620575,
    "student_1_robustness/noise_0.0_mean": -338.6492922025564,
    "student_1_robustness/noise_0.0_std": 1.1159223813519414,
    "student_2_grad_norm_mean": 0.0002448026789352298,
    "student_2_grad_norm_std": 0.0001690528151812032,
    "student_2_logit_mean": 4.58104944229126,
    "student_2_logit_std": 0.6605910062789917,
    "student_2_lipschitz_mean": 0.23230166733264923,
    "student_2_lipschitz_std": 0.19854937493801117,
    "student_2_robustness/noise_0.0_mean": -658.3284773344789,
    "student_2_robustness/noise_0.0_std": 241.2523570878435,
    "student_3_grad_norm_mean": 0.00027403575950302184,
    "student_3_grad_norm_std": 0.00022389784862753004,
    "student_3_logit_mean": 2.81022310256958,
    "student_3_logit_std": 0.7964277267456055,
    "student_3_lipschitz_mean": 0.16160652041435242,
    "student_3_lipschitz_std": 0.1926029771566391,
    "student_3_robustness/noise_0.0_mean": -105.86342204469182,
    "student_3_robustness/noise_0.0_std": 1.187821794928524,
    "student_4_grad_norm_mean": 0.0007351277163252234,
    "student_4_grad_norm_std": 0.00021941262821201235,
    "student_4_logit_mean": 6.1616621017456055,
    "student_4_logit_std": 0.7726273536682129,
    "student_4_lipschitz_mean": 0.8529497385025024,
    "student_4_lipschitz_std": 0.3311816155910492,
    "student_4_robustness/noise_0.0_mean": -585.2667354382578,
    "student_4_robustness/noise_0.0_std": 310.91476488959734,
    "student_5_grad_norm_mean": 0.000587141199503094,
    "student_5_grad_norm_std": 0.00020728138042613864,
    "student_5_logit_mean": 5.967859745025635,
    "student_5_logit_std": 0.8968576788902283,
    "student_5_lipschitz_mean": 0.704569399356842,
    "student_5_lipschitz_std": 0.31322234869003296,
    "student_5_robustness/noise_0.0_mean": -302.62392992383474,
    "student_5_robustness/noise_0.0_std": 113.05085731465778,
    "student_6_grad_norm_mean": 0.00044020029599778354,
    "student_6_grad_norm_std": 0.00024519854923710227,
    "student_6_logit_mean": 5.050281047821045,
    "student_6_logit_std": 1.2541462182998657,
    "student_6_lipschitz_mean": 0.4453844130039215,
    "student_6_lipschitz_std": 0.3328459560871124,
    "student_6_robustness/noise_0.0_mean": -404.6924567549173,
    "student_6_robustness/noise_0.0_std": 1.7605021025647793,
    "student_7_grad_norm_mean": 0.0007627800805494189,
    "student_7_grad_norm_std": 0.00020861784287262708,
    "student_7_logit_mean": 6.1672587394714355,
    "student_7_logit_std": 0.8988980054855347,
    "student_7_lipschitz_mean": 0.9242852926254272,
    "student_7_lipschitz_std": 0.3462642431259155,
    "student_7_robustness/noise_0.0_mean": 875.168663304337,
    "student_7_robustness/noise_0.0_std": 217.95934467663187,
    "student_8_grad_norm_mean": 0.0007108482532203197,
    "student_8_grad_norm_std": 0.00022757322585675865,
    "student_8_logit_mean": 6.03018045425415,
    "student_8_logit_std": 0.9858272075653076,
    "student_8_lipschitz_mean": 0.8316919803619385,
    "student_8_lipschitz_std": 0.3266092836856842,
    "student_8_robustness/noise_0.0_mean": -28.72495248019095,
    "student_8_robustness/noise_0.0_std": 652.2622761729659,
    "student_9_grad_norm_mean": 0.0006356699159368873,
    "student_9_grad_norm_std": 0.00022806774359196424,
    "student_9_logit_mean": 5.833295822143555,
    "student_9_logit_std": 1.0093733072280884,
    "student_9_lipschitz_mean": 0.7225946187973022,
    "student_9_lipschitz_std": 0.3663381338119507,
    "student_9_robustness/noise_0.0_mean": -231.17881816477475,
    "student_9_robustness/noise_0.0_std": 41.18604169485113,
    "student_10_grad_norm_mean": 0.0007854208815842867,
    "student_10_grad_norm_std": 0.00024513850803487003,
    "student_10_logit_mean": 6.128140926361084,
    "student_10_logit_std": 0.9862055778503418,
    "student_10_lipschitz_mean": 0.9772336483001709,
    "student_10_lipschitz_std": 0.36483731865882874,
    "student_10_robustness/noise_0.0_mean": 813.8755488292284,
    "student_10_robustness/noise_0.0_std": 225.2786122809289,
    "student_11_grad_norm_mean": 0.0007283414015546441,
    "student_11_grad_norm_std": 0.00022415256535168737,
    "student_11_logit_mean": 5.977398872375488,
    "student_11_logit_std": 1.0715447664260864,
    "student_11_lipschitz_mean": 0.8963922262191772,
    "student_11_lipschitz_std": 0.3367486596107483,
    "student_11_robustness/noise_0.0_mean": 820.3306767230237,
    "student_11_robustness/noise_0.0_std": 229.87715968495982,
    "student_12_grad_norm_mean": 0.0006839859415777028,
    "student_12_grad_norm_std": 0.00023631268413737416,
    "student_12_logit_mean": 5.745074272155762,
    "student_12_logit_std": 1.2341617345809937,
    "student_12_lipschitz_mean": 0.8191715478897095,
    "student_12_lipschitz_std": 0.3316670060157776,
    "student_12_robustness/noise_0.0_mean": 476.8877962142831,
    "student_12_robustness/noise_0.0_std": 478.7261173001784,
    "seed": 689521
}