{
    "teacher_grad_norm_mean": 0.00036619362072087824,
    "teacher_grad_norm_std": 9.104233322432265e-05,
    "teacher_logit_mean": 0.8616019487380981,
    "teacher_logit_std": 0.2711908519268036,
    "teacher_lipschitz_mean": 0.1986156851053238,
    "teacher_lipschitz_std": 0.07043859362602234,
    "teacher_robustness/noise_0.0_mean": 962.9615704442673,
    "teacher_robustness/noise_0.0_std": 548.6704640384066,
    "student_1_grad_norm_mean": 0.00022743796580471098,
    "student_1_grad_norm_std": 6.379664409905672e-05,
    "student_1_logit_mean": 0.722489595413208,
    "student_1_logit_std": 0.240036278963089,
    "student_1_lipschitz_mean": 0.13266663253307343,
    "student_1_lipschitz_std": 0.04907813295722008,
    "student_1_robustness/noise_0.0_mean": 1342.0564863174413,
    "student_1_robustness/noise_0.0_std": 523.5096473284343,
    "student_2_grad_norm_mean": 0.00016135613259393722,
    "student_2_grad_norm_std": 6.02508953306824e-05,
    "student_2_logit_mean": 0.7014333009719849,
    "student_2_logit_std": 0.16949491202831268,
    "student_2_lipschitz_mean": 0.0944642648100853,
    "student_2_lipschitz_std": 0.04330286756157875,
    "student_2_robustness/noise_0.0_mean": 1408.7342960948317,
    "student_2_robustness/noise_0.0_std": 590.938373268496,
    "student_3_grad_norm_mean": 0.000172643645782955,
    "student_3_grad_norm_std": 6.482275057351217e-05,
    "student_3_logit_mean": 0.6223805546760559,
    "student_3_logit_std": 0.1744624376296997,
    "student_3_lipschitz_mean": 0.1020406112074852,
    "student_3_lipschitz_std": 0.0464666374027729,
    "student_3_robustness/noise_0.0_mean": 1649.4804446676085,
    "student_3_robustness/noise_0.0_std": 322.09677513130265,
    "student_4_grad_norm_mean": 0.00025254677166230977,
    "student_4_grad_norm_std": 7.078544877003878e-05,
    "student_4_logit_mean": 0.9112786054611206,
    "student_4_logit_std": 0.30763110518455505,
    "student_4_lipschitz_mean": 0.14247365295886993,
    "student_4_lipschitz_std": 0.053816940635442734,
    "student_4_robustness/noise_0.0_mean": 1088.564648181929,
    "student_4_robustness/noise_0.0_std": 603.4002515035411,
    "student_5_grad_norm_mean": 0.00024258439952973276,
    "student_5_grad_norm_std": 6.90168744768016e-05,
    "student_5_logit_mean": 0.7676364183425903,
    "student_5_logit_std": 0.23383577167987823,
    "student_5_lipschitz_mean": 0.13848015666007996,
    "student_5_lipschitz_std": 0.05257251113653183,
    "student_5_robustness/noise_0.0_mean": 1333.353689279127,
    "student_5_robustness/noise_0.0_std": 558.1364710976138,
    "student_6_grad_norm_mean": 0.00020935213251505047,
    "student_6_grad_norm_std": 7.319484575418755e-05,
    "student_6_logit_mean": 0.7426041960716248,
    "student_6_logit_std": 0.22755511105060577,
    "student_6_lipschitz_mean": 0.13099361956119537,
    "student_6_lipschitz_std": 0.05409136414527893,
    "student_6_robustness/noise_0.0_mean": 1516.7759393704182,
    "student_6_robustness/noise_0.0_std": 487.5027699757227,
    "student_7_grad_norm_mean": 0.0002687745145522058,
    "student_7_grad_norm_std": 7.496240868931636e-05,
    "student_7_logit_mean": 1.035007119178772,
    "student_7_logit_std": 0.3977794647216797,
    "student_7_lipschitz_mean": 0.1490744650363922,
    "student_7_lipschitz_std": 0.054410576820373535,
    "student_7_robustness/noise_0.0_mean": 926.178490067989,
    "student_7_robustness/noise_0.0_std": 642.497547205653,
    "student_8_grad_norm_mean": 0.00023936250363476574,
    "student_8_grad_norm_std": 7.536005432484671e-05,
    "student_8_logit_mean": 0.8998305797576904,
    "student_8_logit_std": 0.2925735414028168,
    "student_8_lipschitz_mean": 0.13116878271102905,
    "student_8_lipschitz_std": 0.052256956696510315,
    "student_8_robustness/noise_0.0_mean": 1232.0155494032056,
    "student_8_robustness/noise_0.0_std": 599.0156561238041,
    "student_9_grad_norm_mean": 0.0002320330386282876,
    "student_9_grad_norm_std": 6.816580571467057e-05,
    "student_9_logit_mean": 0.7446891069412231,
    "student_9_logit_std": 0.24660466611385345,
    "student_9_lipschitz_mean": 0.13951446115970612,
    "student_9_lipschitz_std": 0.052091334015131,
    "student_9_robustness/noise_0.0_mean": 1405.6247435501925,
    "student_9_robustness/noise_0.0_std": 546.1006661612271,
    "student_10_grad_norm_mean": 0.00030328394495882094,
    "student_10_grad_norm_std": 7.358537550317124e-05,
    "student_10_logit_mean": 0.8295917510986328,
    "student_10_logit_std": 0.2638232707977295,
    "student_10_lipschitz_mean": 0.16473273932933807,
    "student_10_lipschitz_std": 0.057713620364665985,
    "student_10_robustness/noise_0.0_mean": 1081.7493886536906,
    "student_10_robustness/noise_0.0_std": 558.4248834863693,
    "student_11_grad_norm_mean": 0.0002608104550745338,
    "student_11_grad_norm_std": 7.315539551200345e-05,
    "student_11_logit_mean": 0.8738449215888977,
    "student_11_logit_std": 0.32282495498657227,
    "student_11_lipschitz_mean": 0.1451425552368164,
    "student_11_lipschitz_std": 0.05400337278842926,
    "student_11_robustness/noise_0.0_mean": 1127.5138627425265,
    "student_11_robustness/noise_0.0_std": 617.4925286408145,
    "student_12_grad_norm_mean": 0.00024529790971428156,
    "student_12_grad_norm_std": 6.256532651605085e-05,
    "student_12_logit_mean": 0.7526711225509644,
    "student_12_logit_std": 0.24951675534248352,
    "student_12_lipschitz_mean": 0.14030934870243073,
    "student_12_lipschitz_std": 0.04973512887954712,
    "student_12_robustness/noise_0.0_mean": 1250.7594432090514,
    "student_12_robustness/noise_0.0_std": 574.0639603642841,
    "seed": 421623
}