{
    "teacher_grad_norm_mean": 0.005876792594790459,
    "teacher_grad_norm_std": 0.0018930878723040223,
    "teacher_logit_mean": 0.6731929779052734,
    "teacher_logit_std": 0.6331419944763184,
    "teacher_lipschitz_mean": 5.100704193115234,
    "teacher_lipschitz_std": 3.709103584289551,
    "teacher_robustness/noise_0.0_mean": 500.0,
    "teacher_robustness/noise_0.0_std": 0.0,
    "student_1_grad_norm_mean": 0.004138939548283815,
    "student_1_grad_norm_std": 0.0005394865875132382,
    "student_1_logit_mean": 0.4748535752296448,
    "student_1_logit_std": 0.4288334250450134,
    "student_1_lipschitz_mean": 3.6763148307800293,
    "student_1_lipschitz_std": 2.291591167449951,
    "student_1_robustness/noise_0.0_mean": 494.66,
    "student_1_robustness/noise_0.0_std": 21.773479280996867,
    "student_2_grad_norm_mean": 0.0031061964109539986,
    "student_2_grad_norm_std": 0.000377783173462376,
    "student_2_logit_mean": 0.44686728715896606,
    "student_2_logit_std": 0.38097846508026123,
    "student_2_lipschitz_mean": 2.6921303272247314,
    "student_2_lipschitz_std": 1.7309380769729614,
    "student_2_robustness/noise_0.0_mean": 450.9,
    "student_2_robustness/noise_0.0_std": 52.852152274055975,
    "student_3_grad_norm_mean": 0.0018302213866263628,
    "student_3_grad_norm_std": 0.00018229907436762005,
    "student_3_logit_mean": 0.452179878950119,
    "student_3_logit_std": 0.34891122579574585,
    "student_3_lipschitz_mean": 1.6242725849151611,
    "student_3_lipschitz_std": 1.0188826322555542,
    "student_3_robustness/noise_0.0_mean": 411.93,
    "student_3_robustness/noise_0.0_std": 104.5706703622005,
    "student_4_grad_norm_mean": 0.004771548323333263,
    "student_4_grad_norm_std": 0.0008719066972844303,
    "student_4_logit_mean": 0.5831255912780762,
    "student_4_logit_std": 0.5061207413673401,
    "student_4_lipschitz_mean": 4.131216526031494,
    "student_4_lipschitz_std": 2.710606813430786,
    "student_4_robustness/noise_0.0_mean": 498.25,
    "student_4_robustness/noise_0.0_std": 12.65652005884714,
    "student_5_grad_norm_mean": 0.004483538679778576,
    "student_5_grad_norm_std": 0.0007738452986814082,
    "student_5_logit_mean": 0.5278865694999695,
    "student_5_logit_std": 0.4654514789581299,
    "student_5_lipschitz_mean": 3.907968282699585,
    "student_5_lipschitz_std": 2.5154263973236084,
    "student_5_robustness/noise_0.0_mean": 498.27,
    "student_5_robustness/noise_0.0_std": 12.38939465833581,
    "student_6_grad_norm_mean": 0.004865516442805529,
    "student_6_grad_norm_std": 0.0006089462549425662,
    "student_6_logit_mean": 0.5732049942016602,
    "student_6_logit_std": 0.5085693001747131,
    "student_6_lipschitz_mean": 4.306141376495361,
    "student_6_lipschitz_std": 2.6955692768096924,
    "student_6_robustness/noise_0.0_mean": 497.65,
    "student_6_robustness/noise_0.0_std": 13.4241387060772,
    "student_7_grad_norm_mean": 0.005635600537061691,
    "student_7_grad_norm_std": 0.0019052703864872456,
    "student_7_logit_mean": 0.6597762107849121,
    "student_7_logit_std": 0.6152102947235107,
    "student_7_lipschitz_mean": 4.929245948791504,
    "student_7_lipschitz_std": 3.669362783432007,
    "student_7_robustness/noise_0.0_mean": 500.0,
    "student_7_robustness/noise_0.0_std": 0.0,
    "student_8_grad_norm_mean": 0.005376842804253101,
    "student_8_grad_norm_std": 0.001607703510671854,
    "student_8_logit_mean": 0.6482784748077393,
    "student_8_logit_std": 0.5786393880844116,
    "student_8_lipschitz_mean": 4.642943382263184,
    "student_8_lipschitz_std": 3.358319044113159,
    "student_8_robustness/noise_0.0_mean": 500.0,
    "student_8_robustness/noise_0.0_std": 0.0,
    "student_9_grad_norm_mean": 0.005122511647641659,
    "student_9_grad_norm_std": 0.0012290842132642865,
    "student_9_logit_mean": 0.60858154296875,
    "student_9_logit_std": 0.5473343133926392,
    "student_9_lipschitz_mean": 4.528101921081543,
    "student_9_lipschitz_std": 3.0347988605499268,
    "student_9_robustness/noise_0.0_mean": 500.0,
    "student_9_robustness/noise_0.0_std": 0.0,
    "student_10_grad_norm_mean": 0.0060621583834290504,
    "student_10_grad_norm_std": 0.001819972530938685,
    "student_10_logit_mean": 0.7083938121795654,
    "student_10_logit_std": 0.6410166621208191,
    "student_10_lipschitz_mean": 5.241246700286865,
    "student_10_lipschitz_std": 3.757280111312866,
    "student_10_robustness/noise_0.0_mean": 500.0,
    "student_10_robustness/noise_0.0_std": 0.0,
    "student_11_grad_norm_mean": 0.006274048704653978,
    "student_11_grad_norm_std": 0.0019344101892784238,
    "student_11_logit_mean": 0.7335188388824463,
    "student_11_logit_std": 0.6763163208961487,
    "student_11_lipschitz_mean": 5.520715713500977,
    "student_11_lipschitz_std": 3.9843833446502686,
    "student_11_robustness/noise_0.0_mean": 500.0,
    "student_11_robustness/noise_0.0_std": 0.0,
    "student_12_grad_norm_mean": 0.0058257002383470535,
    "student_12_grad_norm_std": 0.0020450695883482695,
    "student_12_logit_mean": 0.6850056052207947,
    "student_12_logit_std": 0.6237154006958008,
    "student_12_lipschitz_mean": 5.102744102478027,
    "student_12_lipschitz_std": 3.8799819946289062,
    "student_12_robustness/noise_0.0_mean": 500.0,
    "student_12_robustness/noise_0.0_std": 0.0,
    "seed": 4
}