{
    "teacher_grad_norm_mean": 3.5351947644812753e-06,
    "teacher_grad_norm_std": 2.846023505753692e-07,
    "teacher_logit_mean": 0.0036992421373724937,
    "teacher_logit_std": 0.0009967504302039742,
    "teacher_lipschitz_mean": 0.00206926790997386,
    "teacher_lipschitz_std": 0.0007336142007261515,
    "teacher_robustness/noise_0.0_mean": -186.17461544193168,
    "teacher_robustness/noise_0.0_std": 91.65313328014658,
    "student_1_grad_norm_mean": 3.569850150597631e-06,
    "student_1_grad_norm_std": 2.885846015487914e-07,
    "student_1_logit_mean": 0.003664946649223566,
    "student_1_logit_std": 0.0009777413215488195,
    "student_1_lipschitz_mean": 0.0020666655618697405,
    "student_1_lipschitz_std": 0.0007212286000140011,
    "student_1_robustness/noise_0.0_mean": -189.45573984826254,
    "student_1_robustness/noise_0.0_std": 85.95851976112523,
    "student_2_grad_norm_mean": 3.4820859582396224e-06,
    "student_2_grad_norm_std": 3.7415645692817634e-07,
    "student_2_logit_mean": 0.0036884192377328873,
    "student_2_logit_std": 0.0009068059735000134,
    "student_2_lipschitz_mean": 0.002004364039748907,
    "student_2_lipschitz_std": 0.0007472258294001222,
    "student_2_robustness/noise_0.0_mean": -185.22017960875345,
    "student_2_robustness/noise_0.0_std": 90.19836761744,
    "student_3_grad_norm_mean": 3.511024488034309e-06,
    "student_3_grad_norm_std": 3.7698012533837755e-07,
    "student_3_logit_mean": 0.004047463648021221,
    "student_3_logit_std": 0.0010388083755970001,
    "student_3_lipschitz_mean": 0.002046708483248949,
    "student_3_lipschitz_std": 0.00074469402898103,
    "student_3_robustness/noise_0.0_mean": -179.01435532583412,
    "student_3_robustness/noise_0.0_std": 79.01410289052052,
    "student_4_grad_norm_mean": 3.5575226320361253e-06,
    "student_4_grad_norm_std": 3.685248941565078e-07,
    "student_4_logit_mean": 0.0036775146145373583,
    "student_4_logit_std": 0.0008524614968337119,
    "student_4_lipschitz_mean": 0.0020577432587742805,
    "student_4_lipschitz_std": 0.0007135771447792649,
    "student_4_robustness/noise_0.0_mean": -175.95637026495183,
    "student_4_robustness/noise_0.0_std": 99.5321542403989,
    "student_5_grad_norm_mean": 3.413218792047701e-06,
    "student_5_grad_norm_std": 2.615142591366748e-07,
    "student_5_logit_mean": 0.0038368862587958574,
    "student_5_logit_std": 0.001022392651066184,
    "student_5_lipschitz_mean": 0.0020082101691514254,
    "student_5_lipschitz_std": 0.0007242262945510447,
    "student_5_robustness/noise_0.0_mean": -181.54594937470227,
    "student_5_robustness/noise_0.0_std": 85.40562989550492,
    "student_6_grad_norm_mean": 3.461269670879119e-06,
    "student_6_grad_norm_std": 2.9787452149321325e-07,
    "student_6_logit_mean": 0.004094613250344992,
    "student_6_logit_std": 0.0009365153382532299,
    "student_6_lipschitz_mean": 0.0020368611440062523,
    "student_6_lipschitz_std": 0.0007234423537738621,
    "student_6_robustness/noise_0.0_mean": -199.62757187039384,
    "student_6_robustness/noise_0.0_std": 92.77128520166995,
    "student_7_grad_norm_mean": 3.4770530419336865e-06,
    "student_7_grad_norm_std": 3.3486460893072945e-07,
    "student_7_logit_mean": 0.0037814213428646326,
    "student_7_logit_std": 0.0007888675900176167,
    "student_7_lipschitz_mean": 0.002048010705038905,
    "student_7_lipschitz_std": 0.0007189078023657203,
    "student_7_robustness/noise_0.0_mean": -180.4753689449735,
    "student_7_robustness/noise_0.0_std": 90.31744599878739,
    "student_8_grad_norm_mean": 3.4682984733080957e-06,
    "student_8_grad_norm_std": 4.257738908108877e-07,
    "student_8_logit_mean": 0.00396721251308918,
    "student_8_logit_std": 0.0009837307734414935,
    "student_8_lipschitz_mean": 0.002034153090789914,
    "student_8_lipschitz_std": 0.0007038914482109249,
    "student_8_robustness/noise_0.0_mean": -196.41450756076136,
    "student_8_robustness/noise_0.0_std": 95.79112548077933,
    "student_9_grad_norm_mean": 3.4070303627231624e-06,
    "student_9_grad_norm_std": 4.134591335969162e-07,
    "student_9_logit_mean": 0.003901889082044363,
    "student_9_logit_std": 0.0009032076923176646,
    "student_9_lipschitz_mean": 0.0019988124258816242,
    "student_9_lipschitz_std": 0.0007177592488005757,
    "student_9_robustness/noise_0.0_mean": -179.6277600757207,
    "student_9_robustness/noise_0.0_std": 80.05926501875685,
    "student_10_grad_norm_mean": 3.53243467543507e-06,
    "student_10_grad_norm_std": 3.791848257606034e-07,
    "student_10_logit_mean": 0.0037775503005832434,
    "student_10_logit_std": 0.0008945215377025306,
    "student_10_lipschitz_mean": 0.0020395030733197927,
    "student_10_lipschitz_std": 0.0007139106164686382,
    "student_10_robustness/noise_0.0_mean": -188.68603899367818,
    "student_10_robustness/noise_0.0_std": 98.78630254695348,
    "student_11_grad_norm_mean": 3.5043522075284272e-06,
    "student_11_grad_norm_std": 4.1393749938833935e-07,
    "student_11_logit_mean": 0.004050545860081911,
    "student_11_logit_std": 0.0009308639564551413,
    "student_11_lipschitz_mean": 0.0020614885725080967,
    "student_11_lipschitz_std": 0.0006930310628376901,
    "student_11_robustness/noise_0.0_mean": -198.4303627495682,
    "student_11_robustness/noise_0.0_std": 87.8624842506282,
    "student_12_grad_norm_mean": 3.4830668482754845e-06,
    "student_12_grad_norm_std": 3.549118332557555e-07,
    "student_12_logit_mean": 0.0036598965525627136,
    "student_12_logit_std": 0.001036540954373777,
    "student_12_lipschitz_mean": 0.0020506875589489937,
    "student_12_lipschitz_std": 0.0007373671396635473,
    "student_12_robustness/noise_0.0_mean": -185.09652165508703,
    "student_12_robustness/noise_0.0_std": 81.21967315502437,
    "seed": 66891
}