{
    "teacher_grad_norm_mean": 6.858807637399877e-07,
    "teacher_grad_norm_std": 2.6505486516725796e-07,
    "teacher_logit_mean": 0.013598818331956863,
    "teacher_logit_std": 0.0041220844723284245,
    "teacher_lipschitz_mean": 0.0006725548300892115,
    "teacher_lipschitz_std": 0.000361422571586445,
    "teacher_robustness/noise_0.0_mean": 56.95131065200198,
    "teacher_robustness/noise_0.0_std": 3.0520597601722654,
    "student_1_grad_norm_mean": 7.032139137663762e-07,
    "student_1_grad_norm_std": 2.2469481564257876e-07,
    "student_1_logit_mean": 0.013853244483470917,
    "student_1_logit_std": 0.0036014262586832047,
    "student_1_lipschitz_mean": 0.000658850185573101,
    "student_1_lipschitz_std": 0.0003553590504452586,
    "student_1_robustness/noise_0.0_mean": 56.531436334116854,
    "student_1_robustness/noise_0.0_std": 3.0296531531759046,
    "student_2_grad_norm_mean": 5.842613859385892e-07,
    "student_2_grad_norm_std": 3.26719430177036e-07,
    "student_2_logit_mean": 0.013733557425439358,
    "student_2_logit_std": 0.0036547814961522818,
    "student_2_lipschitz_mean": 0.0006387270404957235,
    "student_2_lipschitz_std": 0.0003913815598934889,
    "student_2_robustness/noise_0.0_mean": 57.83063791500954,
    "student_2_robustness/noise_0.0_std": 2.2181159366642165,
    "student_3_grad_norm_mean": 6.733193345098698e-07,
    "student_3_grad_norm_std": 4.3407189309618843e-07,
    "student_3_logit_mean": 0.01345378253608942,
    "student_3_logit_std": 0.004330900963395834,
    "student_3_lipschitz_mean": 0.0006911386735737324,
    "student_3_lipschitz_std": 0.0005020560347475111,
    "student_3_robustness/noise_0.0_mean": 56.34738602330665,
    "student_3_robustness/noise_0.0_std": 2.3486193422379253,
    "student_4_grad_norm_mean": 6.165707304717216e-07,
    "student_4_grad_norm_std": 2.8283665187700535e-07,
    "student_4_logit_mean": 0.013604216277599335,
    "student_4_logit_std": 0.003931729588657618,
    "student_4_lipschitz_mean": 0.0006496513378806412,
    "student_4_lipschitz_std": 0.00034431632957421243,
    "student_4_robustness/noise_0.0_mean": 57.394693247515676,
    "student_4_robustness/noise_0.0_std": 3.807683772014439,
    "student_5_grad_norm_mean": 7.29590112769074e-07,
    "student_5_grad_norm_std": 3.132980452846823e-07,
    "student_5_logit_mean": 0.013373088091611862,
    "student_5_logit_std": 0.004208362195640802,
    "student_5_lipschitz_mean": 0.0006898222491145134,
    "student_5_lipschitz_std": 0.0004142290854360908,
    "student_5_robustness/noise_0.0_mean": 57.19733183445468,
    "student_5_robustness/noise_0.0_std": 2.8815336386077237,
    "student_6_grad_norm_mean": 6.32801288702467e-07,
    "student_6_grad_norm_std": 4.157221837886027e-07,
    "student_6_logit_mean": 0.013309224508702755,
    "student_6_logit_std": 0.003683502087369561,
    "student_6_lipschitz_mean": 0.0006846436881460249,
    "student_6_lipschitz_std": 0.0005110641941428185,
    "student_6_robustness/noise_0.0_mean": 57.13425174076923,
    "student_6_robustness/noise_0.0_std": 2.3732879274707868,
    "student_7_grad_norm_mean": 6.898237074892677e-07,
    "student_7_grad_norm_std": 2.380928094680712e-07,
    "student_7_logit_mean": 0.01326005905866623,
    "student_7_logit_std": 0.004090276081115007,
    "student_7_lipschitz_mean": 0.00071174610638991,
    "student_7_lipschitz_std": 0.00036393856862559915,
    "student_7_robustness/noise_0.0_mean": 57.16535671198338,
    "student_7_robustness/noise_0.0_std": 2.347568039308198,
    "student_8_grad_norm_mean": 6.53884796975035e-07,
    "student_8_grad_norm_std": 2.9541226354012906e-07,
    "student_8_logit_mean": 0.013433568179607391,
    "student_8_logit_std": 0.003686300478875637,
    "student_8_lipschitz_mean": 0.0007132851169444621,
    "student_8_lipschitz_std": 0.00040962742059491575,
    "student_8_robustness/noise_0.0_mean": 56.87572217559815,
    "student_8_robustness/noise_0.0_std": 3.1936304386705894,
    "student_9_grad_norm_mean": 7.163799295994977e-07,
    "student_9_grad_norm_std": 3.5854958468917175e-07,
    "student_9_logit_mean": 0.013647014275193214,
    "student_9_logit_std": 0.00403954740613699,
    "student_9_lipschitz_mean": 0.0007008534157648683,
    "student_9_lipschitz_std": 0.00044519235962070525,
    "student_9_robustness/noise_0.0_mean": 57.6614515475855,
    "student_9_robustness/noise_0.0_std": 4.739767251423717,
    "student_10_grad_norm_mean": 7.243223194564052e-07,
    "student_10_grad_norm_std": 2.4799788889140473e-07,
    "student_10_logit_mean": 0.013629239052534103,
    "student_10_logit_std": 0.00422637490555644,
    "student_10_lipschitz_mean": 0.0007014599977992475,
    "student_10_lipschitz_std": 0.0003668888530228287,
    "student_10_robustness/noise_0.0_mean": 56.28958232128622,
    "student_10_robustness/noise_0.0_std": 3.011597192298501,
    "student_11_grad_norm_mean": 6.802771395086893e-07,
    "student_11_grad_norm_std": 2.8698661935777636e-07,
    "student_11_logit_mean": 0.012893605045974255,
    "student_11_logit_std": 0.004452514462172985,
    "student_11_lipschitz_mean": 0.0006770758191123605,
    "student_11_lipschitz_std": 0.00035721182939596474,
    "student_11_robustness/noise_0.0_mean": 57.537954238936805,
    "student_11_robustness/noise_0.0_std": 2.884374268541274,
    "student_12_grad_norm_mean": 7.136262070162047e-07,
    "student_12_grad_norm_std": 3.3335922466903867e-07,
    "student_12_logit_mean": 0.012970949523150921,
    "student_12_logit_std": 0.004431686829775572,
    "student_12_lipschitz_mean": 0.0007379412418231368,
    "student_12_lipschitz_std": 0.0004197713569737971,
    "student_12_robustness/noise_0.0_mean": 56.58718867647702,
    "student_12_robustness/noise_0.0_std": 2.6597667090831125,
    "seed": 53610
}