{
    "teacher_grad_norm_mean": 0.002651829505339265,
    "teacher_grad_norm_std": 0.0010517853079363704,
    "teacher_logit_mean": 1.0736305713653564,
    "teacher_logit_std": 0.17572861909866333,
    "teacher_lipschitz_mean": 4.705349922180176,
    "teacher_lipschitz_std": 2.3016269207000732,
    "teacher_robustness/noise_0.0_mean": -199.86860612920876,
    "teacher_robustness/noise_0.0_std": 60.51098656713873,
    "student_1_grad_norm_mean": 0.004563578870147467,
    "student_1_grad_norm_std": 0.00048551481449976563,
    "student_1_logit_mean": 1.0786113739013672,
    "student_1_logit_std": 0.15397129952907562,
    "student_1_lipschitz_mean": 3.908872604370117,
    "student_1_lipschitz_std": 1.8789082765579224,
    "student_1_robustness/noise_0.0_mean": -286.1685134681927,
    "student_1_robustness/noise_0.0_std": 106.80865556819897,
    "student_2_grad_norm_mean": 0.0036009070463478565,
    "student_2_grad_norm_std": 0.0011071619810536504,
    "student_2_logit_mean": 1.553737759590149,
    "student_2_logit_std": 0.10535328835248947,
    "student_2_lipschitz_mean": 2.421783685684204,
    "student_2_lipschitz_std": 1.5031375885009766,
    "student_2_robustness/noise_0.0_mean": -750.2833306987304,
    "student_2_robustness/noise_0.0_std": 184.31120894540376,
    "student_3_grad_norm_mean": 0.0025309319607913494,
    "student_3_grad_norm_std": 0.0001709416537778452,
    "student_3_logit_mean": 1.315192461013794,
    "student_3_logit_std": 0.06362483650445938,
    "student_3_lipschitz_mean": 1.059213399887085,
    "student_3_lipschitz_std": 0.6687422394752502,
    "student_3_robustness/noise_0.0_mean": -1215.2555779268603,
    "student_3_robustness/noise_0.0_std": 735.1992587351127,
    "student_4_grad_norm_mean": 0.0038779722526669502,
    "student_4_grad_norm_std": 0.0014952170895412564,
    "student_4_logit_mean": 0.8527770042419434,
    "student_4_logit_std": 0.5254871249198914,
    "student_4_lipschitz_mean": 4.750070571899414,
    "student_4_lipschitz_std": 2.1885576248168945,
    "student_4_robustness/noise_0.0_mean": -206.68555589127183,
    "student_4_robustness/noise_0.0_std": 62.97391100057526,
    "student_5_grad_norm_mean": 0.003518778597936034,
    "student_5_grad_norm_std": 0.0012101609027013183,
    "student_5_logit_mean": 0.8499722480773926,
    "student_5_logit_std": 0.21154075860977173,
    "student_5_lipschitz_mean": 4.868452072143555,
    "student_5_lipschitz_std": 2.2855868339538574,
    "student_5_robustness/noise_0.0_mean": -218.3271812110917,
    "student_5_robustness/noise_0.0_std": 63.73989925626804,
    "student_6_grad_norm_mean": 0.004541661124676466,
    "student_6_grad_norm_std": 0.0012666337424889207,
    "student_6_logit_mean": 0.8606513738632202,
    "student_6_logit_std": 0.6228381991386414,
    "student_6_lipschitz_mean": 4.810202121734619,
    "student_6_lipschitz_std": 2.372838258743286,
    "student_6_robustness/noise_0.0_mean": -252.77475520672186,
    "student_6_robustness/noise_0.0_std": 83.4109648275698,
    "student_7_grad_norm_mean": 0.0037717935629189014,
    "student_7_grad_norm_std": 0.0014747311361134052,
    "student_7_logit_mean": 0.9963265657424927,
    "student_7_logit_std": 0.4115409851074219,
    "student_7_lipschitz_mean": 4.688745021820068,
    "student_7_lipschitz_std": 2.1881320476531982,
    "student_7_robustness/noise_0.0_mean": -203.55546773336889,
    "student_7_robustness/noise_0.0_std": 61.881715242278766,
    "student_8_grad_norm_mean": 0.0030782963149249554,
    "student_8_grad_norm_std": 0.0010883318027481437,
    "student_8_logit_mean": 1.0517469644546509,
    "student_8_logit_std": 0.18720456957817078,
    "student_8_lipschitz_mean": 4.642762660980225,
    "student_8_lipschitz_std": 2.1340761184692383,
    "student_8_robustness/noise_0.0_mean": -205.25268293404832,
    "student_8_robustness/noise_0.0_std": 54.27782650877868,
    "student_9_grad_norm_mean": 0.003468132112175226,
    "student_9_grad_norm_std": 0.0008410995942540467,
    "student_9_logit_mean": 1.10858952999115,
    "student_9_logit_std": 0.3760855197906494,
    "student_9_lipschitz_mean": 4.459963798522949,
    "student_9_lipschitz_std": 2.179258108139038,
    "student_9_robustness/noise_0.0_mean": -259.83890672500297,
    "student_9_robustness/noise_0.0_std": 100.34696211764206,
    "student_10_grad_norm_mean": 0.0032456815242767334,
    "student_10_grad_norm_std": 0.0013100883224979043,
    "student_10_logit_mean": 1.074729323387146,
    "student_10_logit_std": 0.18224580585956573,
    "student_10_lipschitz_mean": 4.746425628662109,
    "student_10_lipschitz_std": 2.2429044246673584,
    "student_10_robustness/noise_0.0_mean": -208.13994982864972,
    "student_10_robustness/noise_0.0_std": 49.12040042441972,
    "student_11_grad_norm_mean": 0.0036387620493769646,
    "student_11_grad_norm_std": 0.0013674837537109852,
    "student_11_logit_mean": 0.8309693336486816,
    "student_11_logit_std": 0.3852594792842865,
    "student_11_lipschitz_mean": 5.059942245483398,
    "student_11_lipschitz_std": 2.350558042526245,
    "student_11_robustness/noise_0.0_mean": -212.3339312409589,
    "student_11_robustness/noise_0.0_std": 62.30412558814916,
    "student_12_grad_norm_mean": 0.0036344050895422697,
    "student_12_grad_norm_std": 0.001329936902038753,
    "student_12_logit_mean": 0.8154931664466858,
    "student_12_logit_std": 0.30456942319869995,
    "student_12_lipschitz_mean": 4.740140438079834,
    "student_12_lipschitz_std": 2.296379566192627,
    "student_12_robustness/noise_0.0_mean": -210.0063498062431,
    "student_12_robustness/noise_0.0_std": 67.74151860689334,
    "seed": 962038
}