{
    "teacher_grad_norm_mean": 0.0015288855647668242,
    "teacher_grad_norm_std": 0.0004523108364082873,
    "teacher_logit_mean": 5.539756774902344,
    "teacher_logit_std": 1.3521463871002197,
    "teacher_lipschitz_mean": 0.8289549946784973,
    "teacher_lipschitz_std": 0.32734665274620056,
    "teacher_robustness/noise_0.0_mean": -15.242506587455686,
    "teacher_robustness/noise_0.0_std": 12.70863943002584,
    "student_1_grad_norm_mean": 0.0008708545938134193,
    "student_1_grad_norm_std": 0.0003389370394870639,
    "student_1_logit_mean": 4.141022205352783,
    "student_1_logit_std": 1.004862666130066,
    "student_1_lipschitz_mean": 0.45666438341140747,
    "student_1_lipschitz_std": 0.2218542993068695,
    "student_1_robustness/noise_0.0_mean": -13.493665720145419,
    "student_1_robustness/noise_0.0_std": 12.982308331401859,
    "student_2_grad_norm_mean": 0.0006905531627126038,
    "student_2_grad_norm_std": 0.00034982405486516654,
    "student_2_logit_mean": 3.657336950302124,
    "student_2_logit_std": 0.8120988607406616,
    "student_2_lipschitz_mean": 0.2685854434967041,
    "student_2_lipschitz_std": 0.17656566202640533,
    "student_2_robustness/noise_0.0_mean": -12.77425771848408,
    "student_2_robustness/noise_0.0_std": 9.6271484862377,
    "student_3_grad_norm_mean": 0.0005744973313994706,
    "student_3_grad_norm_std": 0.00034697249066084623,
    "student_3_logit_mean": 2.0410075187683105,
    "student_3_logit_std": 0.7857058048248291,
    "student_3_lipschitz_mean": 0.1600254327058792,
    "student_3_lipschitz_std": 0.124080128967762,
    "student_3_robustness/noise_0.0_mean": -10.853873731432422,
    "student_3_robustness/noise_0.0_std": 8.860802478966194,
    "student_4_grad_norm_mean": 0.00111871468834579,
    "student_4_grad_norm_std": 0.0003662578819785267,
    "student_4_logit_mean": 4.989147186279297,
    "student_4_logit_std": 1.1488888263702393,
    "student_4_lipschitz_mean": 0.6235429048538208,
    "student_4_lipschitz_std": 0.24875566363334656,
    "student_4_robustness/noise_0.0_mean": -14.471176756348624,
    "student_4_robustness/noise_0.0_std": 13.743757273274,
    "student_5_grad_norm_mean": 0.0010231678606942296,
    "student_5_grad_norm_std": 0.00040552340215072036,
    "student_5_logit_mean": 4.725645542144775,
    "student_5_logit_std": 0.9952758550643921,
    "student_5_lipschitz_mean": 0.5799840688705444,
    "student_5_lipschitz_std": 0.26621007919311523,
    "student_5_robustness/noise_0.0_mean": -10.149493328315144,
    "student_5_robustness/noise_0.0_std": 10.100266717828966,
    "student_6_grad_norm_mean": 0.0008654923876747489,
    "student_6_grad_norm_std": 0.00041296688141301274,
    "student_6_logit_mean": 4.152191162109375,
    "student_6_logit_std": 0.8642011284828186,
    "student_6_lipschitz_mean": 0.4219304919242859,
    "student_6_lipschitz_std": 0.24295420944690704,
    "student_6_robustness/noise_0.0_mean": -13.047620298897886,
    "student_6_robustness/noise_0.0_std": 10.642510291769398,
    "student_7_grad_norm_mean": 0.0012267185375094414,
    "student_7_grad_norm_std": 0.00036044619628228247,
    "student_7_logit_mean": 5.110103130340576,
    "student_7_logit_std": 1.2455835342407227,
    "student_7_lipschitz_mean": 0.6681464910507202,
    "student_7_lipschitz_std": 0.2595650553703308,
    "student_7_robustness/noise_0.0_mean": -17.198181862248163,
    "student_7_robustness/noise_0.0_std": 42.69072774943322,
    "student_8_grad_norm_mean": 0.001148034818470478,
    "student_8_grad_norm_std": 0.00043575040763244033,
    "student_8_logit_mean": 4.943905830383301,
    "student_8_logit_std": 1.1528878211975098,
    "student_8_lipschitz_mean": 0.6459789276123047,
    "student_8_lipschitz_std": 0.28091514110565186,
    "student_8_robustness/noise_0.0_mean": -17.311193012666173,
    "student_8_robustness/noise_0.0_std": 33.19817250543033,
    "student_9_grad_norm_mean": 0.001070883241482079,
    "student_9_grad_norm_std": 0.0004297778068576008,
    "student_9_logit_mean": 4.677286148071289,
    "student_9_logit_std": 0.973434329032898,
    "student_9_lipschitz_mean": 0.579355001449585,
    "student_9_lipschitz_std": 0.2835233211517334,
    "student_9_robustness/noise_0.0_mean": -11.974044562315239,
    "student_9_robustness/noise_0.0_std": 10.442537177135513,
    "student_10_grad_norm_mean": 0.001293462817557156,
    "student_10_grad_norm_std": 0.0003581541241146624,
    "student_10_logit_mean": 5.273170471191406,
    "student_10_logit_std": 1.2679555416107178,
    "student_10_lipschitz_mean": 0.7029471397399902,
    "student_10_lipschitz_std": 0.26846763491630554,
    "student_10_robustness/noise_0.0_mean": -14.359196513895508,
    "student_10_robustness/noise_0.0_std": 11.962888735611406,
    "student_11_grad_norm_mean": 0.0012032620143145323,
    "student_11_grad_norm_std": 0.0004068210837431252,
    "student_11_logit_mean": 5.073539733886719,
    "student_11_logit_std": 1.1829278469085693,
    "student_11_lipschitz_mean": 0.6774417161941528,
    "student_11_lipschitz_std": 0.2818833291530609,
    "student_11_robustness/noise_0.0_mean": -11.795316537201725,
    "student_11_robustness/noise_0.0_std": 7.870531243404841,
    "student_12_grad_norm_mean": 0.0011316314339637756,
    "student_12_grad_norm_std": 0.0003778077953029424,
    "student_12_logit_mean": 4.876258850097656,
    "student_12_logit_std": 1.1474946737289429,
    "student_12_lipschitz_mean": 0.6124568581581116,
    "student_12_lipschitz_std": 0.25197187066078186,
    "student_12_robustness/noise_0.0_mean": -50.510741209552435,
    "student_12_robustness/noise_0.0_std": 252.04560300203434,
    "seed": 95803
}