{
    "teacher_grad_norm_mean": 0.0016063747461885214,
    "teacher_grad_norm_std": 0.00046636865590699017,
    "teacher_logit_mean": 5.686057090759277,
    "teacher_logit_std": 1.3777333498001099,
    "teacher_lipschitz_mean": 0.9118028283119202,
    "teacher_lipschitz_std": 0.3524528443813324,
    "teacher_robustness/noise_0.0_mean": -17.550146861259112,
    "teacher_robustness/noise_0.0_std": 20.453670991005694,
    "student_1_grad_norm_mean": 0.0008020098321139812,
    "student_1_grad_norm_std": 0.0003296232898719609,
    "student_1_logit_mean": 4.939872741699219,
    "student_1_logit_std": 0.9486764073371887,
    "student_1_lipschitz_mean": 0.4943181872367859,
    "student_1_lipschitz_std": 0.22869548201560974,
    "student_1_robustness/noise_0.0_mean": -13.831261420711948,
    "student_1_robustness/noise_0.0_std": 11.430200845921915,
    "student_2_grad_norm_mean": 0.0005264821229502559,
    "student_2_grad_norm_std": 0.00029084374546073377,
    "student_2_logit_mean": 3.628873825073242,
    "student_2_logit_std": 0.821361243724823,
    "student_2_lipschitz_mean": 0.2830948233604431,
    "student_2_lipschitz_std": 0.18579255044460297,
    "student_2_robustness/noise_0.0_mean": -25.927772814126786,
    "student_2_robustness/noise_0.0_std": 115.89528203551383,
    "student_3_grad_norm_mean": 0.00033072091173380613,
    "student_3_grad_norm_std": 0.0002660082245711237,
    "student_3_logit_mean": 2.367553949356079,
    "student_3_logit_std": 0.5433565974235535,
    "student_3_lipschitz_mean": 0.1431393325328827,
    "student_3_lipschitz_std": 0.12365135550498962,
    "student_3_robustness/noise_0.0_mean": -15.359956837141613,
    "student_3_robustness/noise_0.0_std": 40.26531820288507,
    "student_4_grad_norm_mean": 0.0011300224578008056,
    "student_4_grad_norm_std": 0.0003993240534327924,
    "student_4_logit_mean": 5.553863525390625,
    "student_4_logit_std": 1.3374611139297485,
    "student_4_lipschitz_mean": 0.703279435634613,
    "student_4_lipschitz_std": 0.2998726963996887,
    "student_4_robustness/noise_0.0_mean": -14.671808396082275,
    "student_4_robustness/noise_0.0_std": 12.62286151541106,
    "student_5_grad_norm_mean": 0.0009422532748430967,
    "student_5_grad_norm_std": 0.000365007552318275,
    "student_5_logit_mean": 5.213120937347412,
    "student_5_logit_std": 1.012601375579834,
    "student_5_lipschitz_mean": 0.6351644992828369,
    "student_5_lipschitz_std": 0.28586727380752563,
    "student_5_robustness/noise_0.0_mean": -40.96314130371242,
    "student_5_robustness/noise_0.0_std": 200.13420364415146,
    "student_6_grad_norm_mean": 0.000805661897175014,
    "student_6_grad_norm_std": 0.00041256335680373013,
    "student_6_logit_mean": 4.097540378570557,
    "student_6_logit_std": 0.9230262041091919,
    "student_6_lipschitz_mean": 0.45087313652038574,
    "student_6_lipschitz_std": 0.27511337399482727,
    "student_6_robustness/noise_0.0_mean": -31.466884342389665,
    "student_6_robustness/noise_0.0_std": 151.07478738184815,
    "student_7_grad_norm_mean": 0.0012608328834176064,
    "student_7_grad_norm_std": 0.00038762480835430324,
    "student_7_logit_mean": 5.627019882202148,
    "student_7_logit_std": 1.3383821249008179,
    "student_7_lipschitz_mean": 0.7434852123260498,
    "student_7_lipschitz_std": 0.29066309332847595,
    "student_7_robustness/noise_0.0_mean": -31.172098778318663,
    "student_7_robustness/noise_0.0_std": 186.83872901841127,
    "student_8_grad_norm_mean": 0.0011196865234524012,
    "student_8_grad_norm_std": 0.0004071310395374894,
    "student_8_logit_mean": 5.418774127960205,
    "student_8_logit_std": 1.1967304944992065,
    "student_8_lipschitz_mean": 0.6994319558143616,
    "student_8_lipschitz_std": 0.2986587882041931,
    "student_8_robustness/noise_0.0_mean": -51.61311536073311,
    "student_8_robustness/noise_0.0_std": 258.84997704219353,
    "student_9_grad_norm_mean": 0.0009915562113747,
    "student_9_grad_norm_std": 0.00038294235127978027,
    "student_9_logit_mean": 5.191852569580078,
    "student_9_logit_std": 0.9970483779907227,
    "student_9_lipschitz_mean": 0.6627607941627502,
    "student_9_lipschitz_std": 0.3199123740196228,
    "student_9_robustness/noise_0.0_mean": -13.854712761012642,
    "student_9_robustness/noise_0.0_std": 10.124723102350213,
    "student_10_grad_norm_mean": 0.0012766200816258788,
    "student_10_grad_norm_std": 0.00036893715150654316,
    "student_10_logit_mean": 5.541922569274902,
    "student_10_logit_std": 1.3672549724578857,
    "student_10_lipschitz_mean": 0.7551640868186951,
    "student_10_lipschitz_std": 0.3023294508457184,
    "student_10_robustness/noise_0.0_mean": -25.937827057881464,
    "student_10_robustness/noise_0.0_std": 121.24911239271428,
    "student_11_grad_norm_mean": 0.0012107356451451778,
    "student_11_grad_norm_std": 0.0004141531535424292,
    "student_11_logit_mean": 5.327593803405762,
    "student_11_logit_std": 1.303503394126892,
    "student_11_lipschitz_mean": 0.7056757807731628,
    "student_11_lipschitz_std": 0.29261618852615356,
    "student_11_robustness/noise_0.0_mean": -14.60723670702513,
    "student_11_robustness/noise_0.0_std": 9.488580708791885,
    "student_12_grad_norm_mean": 0.0010305101750418544,
    "student_12_grad_norm_std": 0.0003796716046053916,
    "student_12_logit_mean": 5.194918632507324,
    "student_12_logit_std": 1.114076852798462,
    "student_12_lipschitz_mean": 0.6628158688545227,
    "student_12_lipschitz_std": 0.28084972500801086,
    "student_12_robustness/noise_0.0_mean": -16.34321684311461,
    "student_12_robustness/noise_0.0_std": 14.54558401647676,
    "seed": 980134
}