{
    "teacher_grad_norm_mean": 0.00896600354462862,
    "teacher_grad_norm_std": 0.002624617889523506,
    "teacher_logit_mean": 1.5102484226226807,
    "teacher_logit_std": 0.5278851985931396,
    "teacher_lipschitz_mean": 9.323573112487793,
    "teacher_lipschitz_std": 4.297702312469482,
    "teacher_robustness/noise_0.0_mean": -109.1654769145312,
    "teacher_robustness/noise_0.0_std": 36.133427692931825,
    "student_1_grad_norm_mean": 0.008760733529925346,
    "student_1_grad_norm_std": 0.0022738876286894083,
    "student_1_logit_mean": 1.5156594514846802,
    "student_1_logit_std": 0.5111343264579773,
    "student_1_lipschitz_mean": 8.725692749023438,
    "student_1_lipschitz_std": 3.9730021953582764,
    "student_1_robustness/noise_0.0_mean": -118.90072368586615,
    "student_1_robustness/noise_0.0_std": 39.35703205934737,
    "student_2_grad_norm_mean": 0.008893578313291073,
    "student_2_grad_norm_std": 0.0023769584950059652,
    "student_2_logit_mean": 1.7254676818847656,
    "student_2_logit_std": 0.44609957933425903,
    "student_2_lipschitz_mean": 8.939918518066406,
    "student_2_lipschitz_std": 4.155136585235596,
    "student_2_robustness/noise_0.0_mean": -118.07714042313313,
    "student_2_robustness/noise_0.0_std": 39.63643593363162,
    "student_3_grad_norm_mean": 0.009373332373797894,
    "student_3_grad_norm_std": 0.001944836461916566,
    "student_3_logit_mean": 1.6672577857971191,
    "student_3_logit_std": 0.4767037034034729,
    "student_3_lipschitz_mean": 7.000156402587891,
    "student_3_lipschitz_std": 3.3337290287017822,
    "student_3_robustness/noise_0.0_mean": -176.62130652045778,
    "student_3_robustness/noise_0.0_std": 79.48126133098707,
    "student_4_grad_norm_mean": 0.008187977597117424,
    "student_4_grad_norm_std": 0.0020008706487715244,
    "student_4_logit_mean": 1.9846608638763428,
    "student_4_logit_std": 0.20389430224895477,
    "student_4_lipschitz_mean": 8.766403198242188,
    "student_4_lipschitz_std": 4.036112308502197,
    "student_4_robustness/noise_0.0_mean": -113.15126744314475,
    "student_4_robustness/noise_0.0_std": 35.6201877247011,
    "student_5_grad_norm_mean": 0.008172755129635334,
    "student_5_grad_norm_std": 0.002014945959672332,
    "student_5_logit_mean": 2.1148219108581543,
    "student_5_logit_std": 0.541037380695343,
    "student_5_lipschitz_mean": 8.651337623596191,
    "student_5_lipschitz_std": 4.150794506072998,
    "student_5_robustness/noise_0.0_mean": -107.22815604833366,
    "student_5_robustness/noise_0.0_std": 36.82840295108046,
    "student_6_grad_norm_mean": 0.008758476935327053,
    "student_6_grad_norm_std": 0.002348843030631542,
    "student_6_logit_mean": 1.5651124715805054,
    "student_6_logit_std": 0.24847914278507233,
    "student_6_lipschitz_mean": 9.24328327178955,
    "student_6_lipschitz_std": 4.211948394775391,
    "student_6_robustness/noise_0.0_mean": -111.42535949450627,
    "student_6_robustness/noise_0.0_std": 40.58953655683069,
    "student_7_grad_norm_mean": 0.00846044160425663,
    "student_7_grad_norm_std": 0.0023344981018453836,
    "student_7_logit_mean": 1.9153656959533691,
    "student_7_logit_std": 0.6203489303588867,
    "student_7_lipschitz_mean": 9.567422866821289,
    "student_7_lipschitz_std": 4.5050129890441895,
    "student_7_robustness/noise_0.0_mean": -107.80300202576747,
    "student_7_robustness/noise_0.0_std": 27.125159643466123,
    "student_8_grad_norm_mean": 0.008473891764879227,
    "student_8_grad_norm_std": 0.0022302044089883566,
    "student_8_logit_mean": 1.9442157745361328,
    "student_8_logit_std": 0.8389987945556641,
    "student_8_lipschitz_mean": 9.19874382019043,
    "student_8_lipschitz_std": 4.28355073928833,
    "student_8_robustness/noise_0.0_mean": -113.41967444477663,
    "student_8_robustness/noise_0.0_std": 36.82685754049242,
    "student_9_grad_norm_mean": 0.009328690357506275,
    "student_9_grad_norm_std": 0.0027841131668537855,
    "student_9_logit_mean": 1.3885090351104736,
    "student_9_logit_std": 0.6814602017402649,
    "student_9_lipschitz_mean": 9.53896427154541,
    "student_9_lipschitz_std": 4.368948936462402,
    "student_9_robustness/noise_0.0_mean": -107.82151691366141,
    "student_9_robustness/noise_0.0_std": 38.3411234543768,
    "student_10_grad_norm_mean": 0.008568397723138332,
    "student_10_grad_norm_std": 0.002376141957938671,
    "student_10_logit_mean": 1.882370948791504,
    "student_10_logit_std": 0.6782782077789307,
    "student_10_lipschitz_mean": 9.141618728637695,
    "student_10_lipschitz_std": 4.382838249206543,
    "student_10_robustness/noise_0.0_mean": -106.95801306787389,
    "student_10_robustness/noise_0.0_std": 31.98249952462686,
    "student_11_grad_norm_mean": 0.008866917341947556,
    "student_11_grad_norm_std": 0.002508363453671336,
    "student_11_logit_mean": 1.5355970859527588,
    "student_11_logit_std": 0.3753196895122528,
    "student_11_lipschitz_mean": 9.158045768737793,
    "student_11_lipschitz_std": 4.2957305908203125,
    "student_11_robustness/noise_0.0_mean": -102.5804287092181,
    "student_11_robustness/noise_0.0_std": 32.87524509027066,
    "student_12_grad_norm_mean": 0.008097793906927109,
    "student_12_grad_norm_std": 0.0022818432189524174,
    "student_12_logit_mean": 2.1367876529693604,
    "student_12_logit_std": 0.8389195799827576,
    "student_12_lipschitz_mean": 9.125165939331055,
    "student_12_lipschitz_std": 4.078158378601074,
    "student_12_robustness/noise_0.0_mean": -111.5012638943505,
    "student_12_robustness/noise_0.0_std": 37.714795042043285,
    "seed": 682704
}