{
    "teacher_grad_norm_mean": 3.4128435800084844e-05,
    "teacher_grad_norm_std": 7.019429631327512e-06,
    "teacher_logit_mean": 0.002247808501124382,
    "teacher_logit_std": 0.0007434653234668076,
    "teacher_lipschitz_mean": 0.002038942649960518,
    "teacher_lipschitz_std": 0.0009186796378344297,
    "teacher_robustness/noise_0.0_mean": 116.99459013888769,
    "teacher_robustness/noise_0.0_std": 11.032717201020317,
    "student_1_grad_norm_mean": 2.2438951418735087e-05,
    "student_1_grad_norm_std": 4.2673004827520344e-06,
    "student_1_logit_mean": 0.0025462706107646227,
    "student_1_logit_std": 0.0006249496946111321,
    "student_1_lipschitz_mean": 0.0012689996510744095,
    "student_1_lipschitz_std": 0.000498005363624543,
    "student_1_robustness/noise_0.0_mean": 112.67077288322602,
    "student_1_robustness/noise_0.0_std": 9.666186467514551,
    "seed": 0
}