{
    "teacher_grad_norm_mean": 0.00033119373256340623,
    "teacher_grad_norm_std": 6.728302105329931e-05,
    "teacher_logit_mean": 0.9156995415687561,
    "teacher_logit_std": 0.14239780604839325,
    "teacher_lipschitz_mean": 0.316942036151886,
    "teacher_lipschitz_std": 0.12796305119991302,
    "teacher_robustness/noise_0.0_mean": 1678.781484950706,
    "teacher_robustness/noise_0.0_std": 1176.8143722108384,
    "student_1_grad_norm_mean": 0.0001829213579185307,
    "student_1_grad_norm_std": 2.5258923415094614e-05,
    "student_1_logit_mean": 0.8916231393814087,
    "student_1_logit_std": 0.11297442018985748,
    "student_1_lipschitz_mean": 0.1993461549282074,
    "student_1_lipschitz_std": 0.06992720067501068,
    "student_1_robustness/noise_0.0_mean": 156.23645702498172,
    "student_1_robustness/noise_0.0_std": 206.27758586099432,
    "student_2_grad_norm_mean": 0.0001357634027954191,
    "student_2_grad_norm_std": 4.173611887381412e-05,
    "student_2_logit_mean": 0.8553378582000732,
    "student_2_logit_std": 0.2977326810359955,
    "student_2_lipschitz_mean": 0.1761140525341034,
    "student_2_lipschitz_std": 0.07653947919607162,
    "student_2_robustness/noise_0.0_mean": 479.82849376326834,
    "student_2_robustness/noise_0.0_std": 443.6019202170802,
    "student_3_grad_norm_mean": 9.967014921130612e-05,
    "student_3_grad_norm_std": 4.354269913164899e-05,
    "student_3_logit_mean": 0.883834719657898,
    "student_3_logit_std": 0.1375405192375183,
    "student_3_lipschitz_mean": 0.1392485499382019,
    "student_3_lipschitz_std": 0.07275713980197906,
    "student_3_robustness/noise_0.0_mean": 2011.6053400641933,
    "student_3_robustness/noise_0.0_std": 36.009050175369765,
    "student_4_grad_norm_mean": 0.00025630902382545173,
    "student_4_grad_norm_std": 4.757118222187273e-05,
    "student_4_logit_mean": 0.8968080878257751,
    "student_4_logit_std": 0.13267138600349426,
    "student_4_lipschitz_mean": 0.26644399762153625,
    "student_4_lipschitz_std": 0.10958728939294815,
    "student_4_robustness/noise_0.0_mean": 444.9982251076173,
    "student_4_robustness/noise_0.0_std": 530.44597652537,
    "student_5_grad_norm_mean": 0.00016456736193504184,
    "student_5_grad_norm_std": 4.476663889363408e-05,
    "student_5_logit_mean": 0.9930207133293152,
    "student_5_logit_std": 0.20741485059261322,
    "student_5_lipschitz_mean": 0.2011796534061432,
    "student_5_lipschitz_std": 0.0805206149816513,
    "student_5_robustness/noise_0.0_mean": 403.2763297779236,
    "student_5_robustness/noise_0.0_std": 427.2349852639994,
    "student_6_grad_norm_mean": 0.0001605899742571637,
    "student_6_grad_norm_std": 5.0595106586115435e-05,
    "student_6_logit_mean": 0.9589255452156067,
    "student_6_logit_std": 0.16745483875274658,
    "student_6_lipschitz_mean": 0.20557519793510437,
    "student_6_lipschitz_std": 0.09128037095069885,
    "student_6_robustness/noise_0.0_mean": 82.76494731265922,
    "student_6_robustness/noise_0.0_std": 119.14352940431351,
    "student_7_grad_norm_mean": 0.00024201352789532393,
    "student_7_grad_norm_std": 7.984822877915576e-05,
    "student_7_logit_mean": 0.9881860017776489,
    "student_7_logit_std": 0.21757222712039948,
    "student_7_lipschitz_mean": 0.25642111897468567,
    "student_7_lipschitz_std": 0.10578642785549164,
    "student_7_robustness/noise_0.0_mean": 884.1043329919754,
    "student_7_robustness/noise_0.0_std": 944.6285833745768,
    "student_8_grad_norm_mean": 0.00023426979896612465,
    "student_8_grad_norm_std": 2.097661308653187e-05,
    "student_8_logit_mean": 0.8798992037773132,
    "student_8_logit_std": 0.0667983666062355,
    "student_8_lipschitz_mean": 0.25272849202156067,
    "student_8_lipschitz_std": 0.10899306833744049,
    "student_8_robustness/noise_0.0_mean": 602.830919965501,
    "student_8_robustness/noise_0.0_std": 749.8126749751602,
    "student_9_grad_norm_mean": 0.00017023766122292727,
    "student_9_grad_norm_std": 4.968888606526889e-05,
    "student_9_logit_mean": 0.9691509008407593,
    "student_9_logit_std": 0.19056306779384613,
    "student_9_lipschitz_mean": 0.19831237196922302,
    "student_9_lipschitz_std": 0.08988592773675919,
    "student_9_robustness/noise_0.0_mean": 227.7482341902239,
    "student_9_robustness/noise_0.0_std": 211.88224639345694,
    "student_10_grad_norm_mean": 0.0003047749341931194,
    "student_10_grad_norm_std": 7.873119466239586e-05,
    "student_10_logit_mean": 0.934253990650177,
    "student_10_logit_std": 0.16669881343841553,
    "student_10_lipschitz_mean": 0.29503491520881653,
    "student_10_lipschitz_std": 0.12136925011873245,
    "student_10_robustness/noise_0.0_mean": 1499.5201337731146,
    "student_10_robustness/noise_0.0_std": 1259.7051667812573,
    "student_11_grad_norm_mean": 0.000264053582213819,
    "student_11_grad_norm_std": 4.318348510423675e-05,
    "student_11_logit_mean": 0.9100062251091003,
    "student_11_logit_std": 0.1376768946647644,
    "student_11_lipschitz_mean": 0.2761070132255554,
    "student_11_lipschitz_std": 0.11234616488218307,
    "student_11_robustness/noise_0.0_mean": 559.1278950964399,
    "student_11_robustness/noise_0.0_std": 609.1122935185199,
    "student_12_grad_norm_mean": 0.000183023905265145,
    "student_12_grad_norm_std": 5.6234417570522055e-05,
    "student_12_logit_mean": 1.0195969343185425,
    "student_12_logit_std": 0.22435100376605988,
    "student_12_lipschitz_mean": 0.2188241332769394,
    "student_12_lipschitz_std": 0.09024921804666519,
    "student_12_robustness/noise_0.0_mean": 88.21591241509135,
    "student_12_robustness/noise_0.0_std": 180.55847212873152,
    "seed": 457812
}