{
    "teacher_grad_norm_mean": 0.00031359618878923357,
    "teacher_grad_norm_std": 8.533142681699246e-05,
    "teacher_logit_mean": 0.9497272968292236,
    "teacher_logit_std": 0.30659782886505127,
    "teacher_lipschitz_mean": 0.1718960702419281,
    "teacher_lipschitz_std": 0.06522349268198013,
    "teacher_robustness/noise_0.0_mean": 960.0922675682201,
    "teacher_robustness/noise_0.0_std": 256.6578711205351,
    "student_1_grad_norm_mean": 0.0001864541118266061,
    "student_1_grad_norm_std": 6.390146882040426e-05,
    "student_1_logit_mean": 0.7068724632263184,
    "student_1_logit_std": 0.19419485330581665,
    "student_1_lipschitz_mean": 0.10911086201667786,
    "student_1_lipschitz_std": 0.04460906982421875,
    "student_1_robustness/noise_0.0_mean": 1174.6378407941359,
    "student_1_robustness/noise_0.0_std": 145.0520181178235,
    "student_2_grad_norm_mean": 0.00017912546172738075,
    "student_2_grad_norm_std": 6.505964120151475e-05,
    "student_2_logit_mean": 0.6728966236114502,
    "student_2_logit_std": 0.17939811944961548,
    "student_2_lipschitz_mean": 0.11337096244096756,
    "student_2_lipschitz_std": 0.04709456488490105,
    "student_2_robustness/noise_0.0_mean": 1275.2324226744374,
    "student_2_robustness/noise_0.0_std": 47.48393699484608,
    "student_3_grad_norm_mean": 0.00015891699877101928,
    "student_3_grad_norm_std": 6.188498809933662e-05,
    "student_3_logit_mean": 0.6166057586669922,
    "student_3_logit_std": 0.14618268609046936,
    "student_3_lipschitz_mean": 0.09915057569742203,
    "student_3_lipschitz_std": 0.0437900647521019,
    "student_3_robustness/noise_0.0_mean": 1133.9602636977565,
    "student_3_robustness/noise_0.0_std": 105.85758439574836,
    "student_4_grad_norm_mean": 0.0002663463819772005,
    "student_4_grad_norm_std": 7.002094207564369e-05,
    "student_4_logit_mean": 0.7439508438110352,
    "student_4_logit_std": 0.23377500474452972,
    "student_4_lipschitz_mean": 0.14981143176555634,
    "student_4_lipschitz_std": 0.05317779630422592,
    "student_4_robustness/noise_0.0_mean": 1064.0619899309904,
    "student_4_robustness/noise_0.0_std": 146.86185492171253,
    "student_5_grad_norm_mean": 0.0002060926635749638,
    "student_5_grad_norm_std": 6.888178177177906e-05,
    "student_5_logit_mean": 0.7638983726501465,
    "student_5_logit_std": 0.21593479812145233,
    "student_5_lipschitz_mean": 0.12462161481380463,
    "student_5_lipschitz_std": 0.05056549608707428,
    "student_5_robustness/noise_0.0_mean": 1112.712456430856,
    "student_5_robustness/noise_0.0_std": 252.80637744277672,
    "student_6_grad_norm_mean": 0.0002073275245493278,
    "student_6_grad_norm_std": 6.947248039068654e-05,
    "student_6_logit_mean": 0.6877350211143494,
    "student_6_logit_std": 0.19757460057735443,
    "student_6_lipschitz_mean": 0.131140798330307,
    "student_6_lipschitz_std": 0.049721695482730865,
    "student_6_robustness/noise_0.0_mean": 1194.7903810648208,
    "student_6_robustness/noise_0.0_std": 122.4522459838862,
    "student_7_grad_norm_mean": 0.00028093927539885044,
    "student_7_grad_norm_std": 7.202840060926974e-05,
    "student_7_logit_mean": 0.7817122340202332,
    "student_7_logit_std": 0.2554096281528473,
    "student_7_lipschitz_mean": 0.15568885207176208,
    "student_7_lipschitz_std": 0.05616346746683121,
    "student_7_robustness/noise_0.0_mean": 1045.7685116055077,
    "student_7_robustness/noise_0.0_std": 156.21869652366405,
    "student_8_grad_norm_mean": 0.0002480850089341402,
    "student_8_grad_norm_std": 6.80752273183316e-05,
    "student_8_logit_mean": 0.7539889812469482,
    "student_8_logit_std": 0.2422681599855423,
    "student_8_lipschitz_mean": 0.13873343169689178,
    "student_8_lipschitz_std": 0.050937067717313766,
    "student_8_robustness/noise_0.0_mean": 1146.9570030017856,
    "student_8_robustness/noise_0.0_std": 131.687721860721,
    "student_9_grad_norm_mean": 0.00021849179756827652,
    "student_9_grad_norm_std": 6.783092248952016e-05,
    "student_9_logit_mean": 0.7203900814056396,
    "student_9_logit_std": 0.22748054563999176,
    "student_9_lipschitz_mean": 0.12999695539474487,
    "student_9_lipschitz_std": 0.048244524747133255,
    "student_9_robustness/noise_0.0_mean": 1190.9901355265456,
    "student_9_robustness/noise_0.0_std": 116.4806924792708,
    "student_10_grad_norm_mean": 0.0002900752879213542,
    "student_10_grad_norm_std": 6.896135892020538e-05,
    "student_10_logit_mean": 0.8520413041114807,
    "student_10_logit_std": 0.2924889922142029,
    "student_10_lipschitz_mean": 0.15789781510829926,
    "student_10_lipschitz_std": 0.05532257631421089,
    "student_10_robustness/noise_0.0_mean": 986.9078099233924,
    "student_10_robustness/noise_0.0_std": 281.4988073949813,
    "student_11_grad_norm_mean": 0.00026293579139746726,
    "student_11_grad_norm_std": 7.056976028252393e-05,
    "student_11_logit_mean": 0.7544919848442078,
    "student_11_logit_std": 0.24666821956634521,
    "student_11_lipschitz_mean": 0.1453155130147934,
    "student_11_lipschitz_std": 0.05404139682650566,
    "student_11_robustness/noise_0.0_mean": 1060.8839241252285,
    "student_11_robustness/noise_0.0_std": 188.41607522134032,
    "student_12_grad_norm_mean": 0.00022189621813595295,
    "student_12_grad_norm_std": 6.270589801715687e-05,
    "student_12_logit_mean": 0.7166206240653992,
    "student_12_logit_std": 0.22947320342063904,
    "student_12_lipschitz_mean": 0.13005593419075012,
    "student_12_lipschitz_std": 0.04565929248929024,
    "student_12_robustness/noise_0.0_mean": 1197.1275758035047,
    "student_12_robustness/noise_0.0_std": 77.96947508730938,
    "seed": 0
}