{
    "teacher_grad_norm_mean": 0.0004065433458890766,
    "teacher_grad_norm_std": 0.00012034279643557966,
    "teacher_logit_mean": 0.5107039213180542,
    "teacher_logit_std": 0.352857381105423,
    "teacher_lipschitz_mean": 0.44422540068626404,
    "teacher_lipschitz_std": 0.20729008316993713,
    "teacher_robustness/noise_0.0_mean": 2725.795684683868,
    "teacher_robustness/noise_0.0_std": 832.7766915120332,
    "student_1_grad_norm_mean": 0.0003214357711840421,
    "student_1_grad_norm_std": 5.529405825654976e-05,
    "student_1_logit_mean": 0.48669594526290894,
    "student_1_logit_std": 0.3463667929172516,
    "student_1_lipschitz_mean": 0.30262520909309387,
    "student_1_lipschitz_std": 0.13954852521419525,
    "student_1_robustness/noise_0.0_mean": 1429.975179131261,
    "student_1_robustness/noise_0.0_std": 477.78185855491216,
    "student_2_grad_norm_mean": 0.00025646755238994956,
    "student_2_grad_norm_std": 6.866621697554365e-05,
    "student_2_logit_mean": 0.48568201065063477,
    "student_2_logit_std": 0.34328168630599976,
    "student_2_lipschitz_mean": 0.22127170860767365,
    "student_2_lipschitz_std": 0.11002562195062637,
    "student_2_robustness/noise_0.0_mean": 1628.9471773833839,
    "student_2_robustness/noise_0.0_std": 399.17898861411754,
    "student_3_grad_norm_mean": 0.00020317183225415647,
    "student_3_grad_norm_std": 6.095976641518064e-05,
    "student_3_logit_mean": 0.45040255784988403,
    "student_3_logit_std": 0.3391540050506592,
    "student_3_lipschitz_mean": 0.1577109843492508,
    "student_3_lipschitz_std": 0.09124242514371872,
    "student_3_robustness/noise_0.0_mean": 456.056057885238,
    "student_3_robustness/noise_0.0_std": 40.23231053157986,
    "student_4_grad_norm_mean": 0.0003883769386447966,
    "student_4_grad_norm_std": 9.181373752653599e-05,
    "student_4_logit_mean": 0.5025908946990967,
    "student_4_logit_std": 0.35598018765449524,
    "student_4_lipschitz_mean": 0.41413766145706177,
    "student_4_lipschitz_std": 0.17997267842292786,
    "student_4_robustness/noise_0.0_mean": 1904.7358809670443,
    "student_4_robustness/noise_0.0_std": 842.8952288751152,
    "student_5_grad_norm_mean": 0.0003606565878726542,
    "student_5_grad_norm_std": 9.914744441630319e-05,
    "student_5_logit_mean": 0.5106308460235596,
    "student_5_logit_std": 0.35090160369873047,
    "student_5_lipschitz_mean": 0.3811591863632202,
    "student_5_lipschitz_std": 0.17939512431621552,
    "student_5_robustness/noise_0.0_mean": 1313.0210415178362,
    "student_5_robustness/noise_0.0_std": 726.8649311169363,
    "student_6_grad_norm_mean": 0.0003286672290414572,
    "student_6_grad_norm_std": 0.00011605500912992284,
    "student_6_logit_mean": 0.5019409656524658,
    "student_6_logit_std": 0.3481016159057617,
    "student_6_lipschitz_mean": 0.31269267201423645,
    "student_6_lipschitz_std": 0.15498952567577362,
    "student_6_robustness/noise_0.0_mean": 804.2374263842612,
    "student_6_robustness/noise_0.0_std": 561.4568120220013,
    "student_7_grad_norm_mean": 0.00039287659456022084,
    "student_7_grad_norm_std": 0.00011100025585619733,
    "student_7_logit_mean": 0.5116002559661865,
    "student_7_logit_std": 0.3525933623313904,
    "student_7_lipschitz_mean": 0.43585866689682007,
    "student_7_lipschitz_std": 0.20569533109664917,
    "student_7_robustness/noise_0.0_mean": 2945.427999449825,
    "student_7_robustness/noise_0.0_std": 563.6069809319388,
    "student_8_grad_norm_mean": 0.00038332564872689545,
    "student_8_grad_norm_std": 0.00011309090041322634,
    "student_8_logit_mean": 0.5149628520011902,
    "student_8_logit_std": 0.35241225361824036,
    "student_8_lipschitz_mean": 0.4187053442001343,
    "student_8_lipschitz_std": 0.19890019297599792,
    "student_8_robustness/noise_0.0_mean": 2822.955526227525,
    "student_8_robustness/noise_0.0_std": 721.6006968153191,
    "student_9_grad_norm_mean": 0.0003794176736846566,
    "student_9_grad_norm_std": 0.00011347520194249228,
    "student_9_logit_mean": 0.5158157348632812,
    "student_9_logit_std": 0.3518866300582886,
    "student_9_lipschitz_mean": 0.3951556086540222,
    "student_9_lipschitz_std": 0.19931143522262573,
    "student_9_robustness/noise_0.0_mean": 980.5026040985421,
    "student_9_robustness/noise_0.0_std": 590.6898990884778,
    "student_10_grad_norm_mean": 0.0003990505065303296,
    "student_10_grad_norm_std": 0.00012694054748862982,
    "student_10_logit_mean": 0.5291377305984497,
    "student_10_logit_std": 0.3403503894805908,
    "student_10_lipschitz_mean": 0.4354111850261688,
    "student_10_lipschitz_std": 0.20779623091220856,
    "student_10_robustness/noise_0.0_mean": 2744.505937725565,
    "student_10_robustness/noise_0.0_std": 809.7221201359002,
    "student_11_grad_norm_mean": 0.00039327258127741516,
    "student_11_grad_norm_std": 0.00011948829342145473,
    "student_11_logit_mean": 0.5214628577232361,
    "student_11_logit_std": 0.34690535068511963,
    "student_11_lipschitz_mean": 0.4301212728023529,
    "student_11_lipschitz_std": 0.19596263766288757,
    "student_11_robustness/noise_0.0_mean": 2669.0056935049943,
    "student_11_robustness/noise_0.0_std": 850.9622194980553,
    "student_12_grad_norm_mean": 0.0003843792947009206,
    "student_12_grad_norm_std": 0.00013162671530153602,
    "student_12_logit_mean": 0.5183443427085876,
    "student_12_logit_std": 0.34821832180023193,
    "student_12_lipschitz_mean": 0.42292094230651855,
    "student_12_lipschitz_std": 0.20285484194755554,
    "student_12_robustness/noise_0.0_mean": 3107.167718813702,
    "student_12_robustness/noise_0.0_std": 5.28120982500854,
    "seed": 3
}