{
    "teacher_grad_norm_mean": 0.0017847854178398848,
    "teacher_grad_norm_std": 0.0005820785881951451,
    "teacher_logit_mean": 7.087151527404785,
    "teacher_logit_std": 2.28250789642334,
    "teacher_lipschitz_mean": 0.9626636505126953,
    "teacher_lipschitz_std": 0.3960099518299103,
    "teacher_robustness/noise_0.0_mean": -33.894278032800486,
    "teacher_robustness/noise_0.0_std": 200.13857130313747,
    "student_1_grad_norm_mean": 0.0012356984661892056,
    "student_1_grad_norm_std": 0.0004341379681136459,
    "student_1_logit_mean": 6.736188888549805,
    "student_1_logit_std": 2.299983024597168,
    "student_1_lipschitz_mean": 0.648815393447876,
    "student_1_lipschitz_std": 0.28198906779289246,
    "student_1_robustness/noise_0.0_mean": -22.160797679901417,
    "student_1_robustness/noise_0.0_std": 109.88514991205145,
    "student_2_grad_norm_mean": 0.0010389067465439439,
    "student_2_grad_norm_std": 0.0003574333095457405,
    "student_2_logit_mean": 5.779692649841309,
    "student_2_logit_std": 1.6875584125518799,
    "student_2_lipschitz_mean": 0.616593599319458,
    "student_2_lipschitz_std": 0.2620730400085449,
    "student_2_robustness/noise_0.0_mean": -25.62574777516264,
    "student_2_robustness/noise_0.0_std": 158.53064773896864,
    "student_3_grad_norm_mean": 0.0008097153622657061,
    "student_3_grad_norm_std": 0.0003410683711990714,
    "student_3_logit_mean": 5.7698259353637695,
    "student_3_logit_std": 1.8135277032852173,
    "student_3_lipschitz_mean": 0.3958784341812134,
    "student_3_lipschitz_std": 0.22091034054756165,
    "student_3_robustness/noise_0.0_mean": -23.195078132086707,
    "student_3_robustness/noise_0.0_std": 91.02740141318058,
    "student_4_grad_norm_mean": 0.0013550107832998037,
    "student_4_grad_norm_std": 0.0004524399701040238,
    "student_4_logit_mean": 6.815554141998291,
    "student_4_logit_std": 2.1973397731781006,
    "student_4_lipschitz_mean": 0.7185840606689453,
    "student_4_lipschitz_std": 0.3135890066623688,
    "student_4_robustness/noise_0.0_mean": -12.605285457182555,
    "student_4_robustness/noise_0.0_std": 16.68286561841008,
    "student_5_grad_norm_mean": 0.0012737240176647902,
    "student_5_grad_norm_std": 0.00040848416392691433,
    "student_5_logit_mean": 6.36556339263916,
    "student_5_logit_std": 1.9526296854019165,
    "student_5_lipschitz_mean": 0.7054740190505981,
    "student_5_lipschitz_std": 0.2863701581954956,
    "student_5_robustness/noise_0.0_mean": -11.432847765941315,
    "student_5_robustness/noise_0.0_std": 14.229147032765113,
    "student_6_grad_norm_mean": 0.0011900124372914433,
    "student_6_grad_norm_std": 0.00040597165934741497,
    "student_6_logit_mean": 6.180822849273682,
    "student_6_logit_std": 1.8279619216918945,
    "student_6_lipschitz_mean": 0.6900332570075989,
    "student_6_lipschitz_std": 0.28855031728744507,
    "student_6_robustness/noise_0.0_mean": -12.667225762169378,
    "student_6_robustness/noise_0.0_std": 21.251436126699694,
    "student_7_grad_norm_mean": 0.0014740414917469025,
    "student_7_grad_norm_std": 0.0004894323647022247,
    "student_7_logit_mean": 6.897251129150391,
    "student_7_logit_std": 2.2954680919647217,
    "student_7_lipschitz_mean": 0.7737507820129395,
    "student_7_lipschitz_std": 0.34646037220954895,
    "student_7_robustness/noise_0.0_mean": -12.218817859915838,
    "student_7_robustness/noise_0.0_std": 14.810074235911056,
    "student_8_grad_norm_mean": 0.0013944790698587894,
    "student_8_grad_norm_std": 0.00044991704635322094,
    "student_8_logit_mean": 6.710750579833984,
    "student_8_logit_std": 2.164660692214966,
    "student_8_lipschitz_mean": 0.7485357522964478,
    "student_8_lipschitz_std": 0.3191531300544739,
    "student_8_robustness/noise_0.0_mean": -29.247355330808617,
    "student_8_robustness/noise_0.0_std": 190.55394875586407,
    "student_9_grad_norm_mean": 0.0013684571022167802,
    "student_9_grad_norm_std": 0.00046535339788533747,
    "student_9_logit_mean": 6.675667762756348,
    "student_9_logit_std": 2.122098445892334,
    "student_9_lipschitz_mean": 0.7335209846496582,
    "student_9_lipschitz_std": 0.31307727098464966,
    "student_9_robustness/noise_0.0_mean": -10.120991635554697,
    "student_9_robustness/noise_0.0_std": 7.62454153953524,
    "student_10_grad_norm_mean": 0.0015346929430961609,
    "student_10_grad_norm_std": 0.0005292496061883867,
    "student_10_logit_mean": 7.084625720977783,
    "student_10_logit_std": 2.2402114868164062,
    "student_10_lipschitz_mean": 0.7968746423721313,
    "student_10_lipschitz_std": 0.3566380739212036,
    "student_10_robustness/noise_0.0_mean": -11.76467875942064,
    "student_10_robustness/noise_0.0_std": 22.483976513383748,
    "student_11_grad_norm_mean": 0.0013863110216334462,
    "student_11_grad_norm_std": 0.00037562716170214117,
    "student_11_logit_mean": 6.212316513061523,
    "student_11_logit_std": 1.7834440469741821,
    "student_11_lipschitz_mean": 0.7689118385314941,
    "student_11_lipschitz_std": 0.2824409306049347,
    "student_11_robustness/noise_0.0_mean": -8.971130429540604,
    "student_11_robustness/noise_0.0_std": 8.325495163275969,
    "student_12_grad_norm_mean": 0.001370881451293826,
    "student_12_grad_norm_std": 0.0004188715829513967,
    "student_12_logit_mean": 6.583332061767578,
    "student_12_logit_std": 1.9836456775665283,
    "student_12_lipschitz_mean": 0.774279773235321,
    "student_12_lipschitz_std": 0.31862127780914307,
    "student_12_robustness/noise_0.0_mean": -18.818964365379436,
    "student_12_robustness/noise_0.0_std": 77.80815446249086,
    "seed": 305037
}