{
    "teacher_grad_norm_mean": 0.0018115160055458546,
    "teacher_grad_norm_std": 0.0006729413289576769,
    "teacher_logit_mean": 6.007181644439697,
    "teacher_logit_std": 1.793619990348816,
    "teacher_lipschitz_mean": 0.8804280757904053,
    "teacher_lipschitz_std": 0.34751367568969727,
    "teacher_robustness/noise_0.0_mean": -14.197871744831504,
    "teacher_robustness/noise_0.0_std": 8.60574919963216,
    "student_1_grad_norm_mean": 0.0011161648435518146,
    "student_1_grad_norm_std": 0.00048810720909386873,
    "student_1_logit_mean": 5.259076118469238,
    "student_1_logit_std": 1.5331194400787354,
    "student_1_lipschitz_mean": 0.4409700036048889,
    "student_1_lipschitz_std": 0.22883594036102295,
    "student_1_robustness/noise_0.0_mean": -20.159855174376947,
    "student_1_robustness/noise_0.0_std": 9.28185598354673,
    "student_2_grad_norm_mean": 0.0009142989874817431,
    "student_2_grad_norm_std": 0.0004482927324716002,
    "student_2_logit_mean": 4.563701629638672,
    "student_2_logit_std": 1.3590209484100342,
    "student_2_lipschitz_mean": 0.2715001404285431,
    "student_2_lipschitz_std": 0.18926005065441132,
    "student_2_robustness/noise_0.0_mean": -17.686461045126872,
    "student_2_robustness/noise_0.0_std": 8.138557082453591,
    "student_3_grad_norm_mean": 0.0005140627617947757,
    "student_3_grad_norm_std": 0.00044656707905232906,
    "student_3_logit_mean": 3.587920665740967,
    "student_3_logit_std": 0.9512092471122742,
    "student_3_lipschitz_mean": 0.09582068026065826,
    "student_3_lipschitz_std": 0.12330450117588043,
    "student_3_robustness/noise_0.0_mean": -12.506556929044313,
    "student_3_robustness/noise_0.0_std": 11.757897454859298,
    "student_4_grad_norm_mean": 0.001368951634503901,
    "student_4_grad_norm_std": 0.0005478554521687329,
    "student_4_logit_mean": 5.763412952423096,
    "student_4_logit_std": 1.7167994976043701,
    "student_4_lipschitz_mean": 0.6700947284698486,
    "student_4_lipschitz_std": 0.2808997333049774,
    "student_4_robustness/noise_0.0_mean": -12.988899171522375,
    "student_4_robustness/noise_0.0_std": 5.983845454260658,
    "student_5_grad_norm_mean": 0.0011762479552999139,
    "student_5_grad_norm_std": 0.0005535397212952375,
    "student_5_logit_mean": 5.0887885093688965,
    "student_5_logit_std": 1.5060045719146729,
    "student_5_lipschitz_mean": 0.5565424561500549,
    "student_5_lipschitz_std": 0.27167749404907227,
    "student_5_robustness/noise_0.0_mean": -18.254548924825603,
    "student_5_robustness/noise_0.0_std": 12.314697570384284,
    "student_6_grad_norm_mean": 0.0011656504357233644,
    "student_6_grad_norm_std": 0.0006251530721783638,
    "student_6_logit_mean": 4.989380359649658,
    "student_6_logit_std": 1.377699613571167,
    "student_6_lipschitz_mean": 0.4185437858104706,
    "student_6_lipschitz_std": 0.26651421189308167,
    "student_6_robustness/noise_0.0_mean": -17.916333611688366,
    "student_6_robustness/noise_0.0_std": 8.808608556262794,
    "student_7_grad_norm_mean": 0.001459169085137546,
    "student_7_grad_norm_std": 0.0005907780723646283,
    "student_7_logit_mean": 5.767049312591553,
    "student_7_logit_std": 1.7861233949661255,
    "student_7_lipschitz_mean": 0.7062875032424927,
    "student_7_lipschitz_std": 0.2926330864429474,
    "student_7_robustness/noise_0.0_mean": -23.345887319665838,
    "student_7_robustness/noise_0.0_std": 69.04592683928772,
    "student_8_grad_norm_mean": 0.0013936083996668458,
    "student_8_grad_norm_std": 0.0005982846487313509,
    "student_8_logit_mean": 5.601273536682129,
    "student_8_logit_std": 1.6610251665115356,
    "student_8_lipschitz_mean": 0.6716212034225464,
    "student_8_lipschitz_std": 0.2969297468662262,
    "student_8_robustness/noise_0.0_mean": -15.608034242598835,
    "student_8_robustness/noise_0.0_std": 9.937019730320408,
    "student_9_grad_norm_mean": 0.0013597141951322556,
    "student_9_grad_norm_std": 0.0005855519557371736,
    "student_9_logit_mean": 5.401424884796143,
    "student_9_logit_std": 1.5447642803192139,
    "student_9_lipschitz_mean": 0.600041925907135,
    "student_9_lipschitz_std": 0.3100314736366272,
    "student_9_robustness/noise_0.0_mean": -19.362075031380005,
    "student_9_robustness/noise_0.0_std": 12.594016946370305,
    "student_10_grad_norm_mean": 0.0015665405662730336,
    "student_10_grad_norm_std": 0.0006023811874911189,
    "student_10_logit_mean": 5.954953193664551,
    "student_10_logit_std": 1.7479075193405151,
    "student_10_lipschitz_mean": 0.7495437264442444,
    "student_10_lipschitz_std": 0.2977061867713928,
    "student_10_robustness/noise_0.0_mean": -17.684416214226967,
    "student_10_robustness/noise_0.0_std": 15.083198201547011,
    "student_11_grad_norm_mean": 0.0014767670072615147,
    "student_11_grad_norm_std": 0.0005904535646550357,
    "student_11_logit_mean": 5.865663051605225,
    "student_11_logit_std": 1.7690799236297607,
    "student_11_lipschitz_mean": 0.7223310470581055,
    "student_11_lipschitz_std": 0.3070543110370636,
    "student_11_robustness/noise_0.0_mean": -15.913920604750661,
    "student_11_robustness/noise_0.0_std": 9.34991995371012,
    "student_12_grad_norm_mean": 0.0013055474264547229,
    "student_12_grad_norm_std": 0.0005563434096984565,
    "student_12_logit_mean": 5.410279750823975,
    "student_12_logit_std": 1.5506279468536377,
    "student_12_lipschitz_mean": 0.6325550675392151,
    "student_12_lipschitz_std": 0.27892714738845825,
    "student_12_robustness/noise_0.0_mean": -34.95799849772433,
    "student_12_robustness/noise_0.0_std": 190.36429015179,
    "seed": 501124
}