{
    "teacher_grad_norm_mean": 0.0007907579420134425,
    "teacher_grad_norm_std": 0.00021156104048714042,
    "teacher_logit_mean": 1.704947829246521,
    "teacher_logit_std": 0.7786329984664917,
    "teacher_lipschitz_mean": 0.7769777774810791,
    "teacher_lipschitz_std": 0.35677748918533325,
    "teacher_robustness/noise_0.0_mean": 772.2560664398615,
    "teacher_robustness/noise_0.0_std": 3.1738068451685297,
    "student_1_grad_norm_mean": 0.0005653417319990695,
    "student_1_grad_norm_std": 0.00014661619206890464,
    "student_1_logit_mean": 1.644455075263977,
    "student_1_logit_std": 0.7734004259109497,
    "student_1_lipschitz_mean": 0.4917933940887451,
    "student_1_lipschitz_std": 0.24418941140174866,
    "student_1_robustness/noise_0.0_mean": 472.6323189313063,
    "student_1_robustness/noise_0.0_std": 3.8556483446050076,
    "student_2_grad_norm_mean": 0.0003612154978327453,
    "student_2_grad_norm_std": 0.00012066380440955982,
    "student_2_logit_mean": 1.577994704246521,
    "student_2_logit_std": 0.671898365020752,
    "student_2_lipschitz_mean": 0.35638752579689026,
    "student_2_lipschitz_std": 0.2044745534658432,
    "student_2_robustness/noise_0.0_mean": 447.71180782908834,
    "student_2_robustness/noise_0.0_std": 1.4109920168333436,
    "student_3_grad_norm_mean": 0.00021802863921038806,
    "student_3_grad_norm_std": 0.00011345421808073297,
    "student_3_logit_mean": 1.401585578918457,
    "student_3_logit_std": 0.4522472023963928,
    "student_3_lipschitz_mean": 0.21666310727596283,
    "student_3_lipschitz_std": 0.17702823877334595,
    "student_3_robustness/noise_0.0_mean": 44.33631882563953,
    "student_3_robustness/noise_0.0_std": 1.3862710303640102,
    "student_4_grad_norm_mean": 0.0006771078333258629,
    "student_4_grad_norm_std": 0.00018832039495464414,
    "student_4_logit_mean": 1.6987122297286987,
    "student_4_logit_std": 0.7818856239318848,
    "student_4_lipschitz_mean": 0.6543310284614563,
    "student_4_lipschitz_std": 0.3027136027812958,
    "student_4_robustness/noise_0.0_mean": 764.1847409221909,
    "student_4_robustness/noise_0.0_std": 4.430526654737249,
    "student_5_grad_norm_mean": 0.0006400870624929667,
    "student_5_grad_norm_std": 0.0001989765150938183,
    "student_5_logit_mean": 1.6864776611328125,
    "student_5_logit_std": 0.775967538356781,
    "student_5_lipschitz_mean": 0.616270899772644,
    "student_5_lipschitz_std": 0.2940102219581604,
    "student_5_robustness/noise_0.0_mean": 463.6664875960668,
    "student_5_robustness/noise_0.0_std": 240.43524019550756,
    "student_6_grad_norm_mean": 0.0005305537488311529,
    "student_6_grad_norm_std": 0.00020558993855956942,
    "student_6_logit_mean": 1.6559104919433594,
    "student_6_logit_std": 0.7133462429046631,
    "student_6_lipschitz_mean": 0.49991127848625183,
    "student_6_lipschitz_std": 0.28176888823509216,
    "student_6_robustness/noise_0.0_mean": 382.94786256372,
    "student_6_robustness/noise_0.0_std": 15.900126634990524,
    "student_7_grad_norm_mean": 0.0007520824437960982,
    "student_7_grad_norm_std": 0.00020615446555893868,
    "student_7_logit_mean": 1.6928163766860962,
    "student_7_logit_std": 0.7743685841560364,
    "student_7_lipschitz_mean": 0.7337998151779175,
    "student_7_lipschitz_std": 0.3395284116268158,
    "student_7_robustness/noise_0.0_mean": 776.3002801786175,
    "student_7_robustness/noise_0.0_std": 3.4307799078480143,
    "student_8_grad_norm_mean": 0.0007445659139193594,
    "student_8_grad_norm_std": 0.00021368946181610227,
    "student_8_logit_mean": 1.6962170600891113,
    "student_8_logit_std": 0.7836554050445557,
    "student_8_lipschitz_mean": 0.7160509824752808,
    "student_8_lipschitz_std": 0.3379354178905487,
    "student_8_robustness/noise_0.0_mean": 274.19406802584257,
    "student_8_robustness/noise_0.0_std": 2.613951389299674,
    "student_9_grad_norm_mean": 0.0006370117189362645,
    "student_9_grad_norm_std": 0.00022343099408317357,
    "student_9_logit_mean": 1.6916435956954956,
    "student_9_logit_std": 0.7664225101470947,
    "student_9_lipschitz_mean": 0.6169373989105225,
    "student_9_lipschitz_std": 0.3190392553806305,
    "student_9_robustness/noise_0.0_mean": 763.3329418709515,
    "student_9_robustness/noise_0.0_std": 5.271755527127656,
    "student_10_grad_norm_mean": 0.0007688908372074366,
    "student_10_grad_norm_std": 0.00020912731997668743,
    "student_10_logit_mean": 1.7051061391830444,
    "student_10_logit_std": 0.7823459506034851,
    "student_10_lipschitz_mean": 0.757967472076416,
    "student_10_lipschitz_std": 0.3497873842716217,
    "student_10_robustness/noise_0.0_mean": 771.3255256644047,
    "student_10_robustness/noise_0.0_std": 4.565606975424759,
    "student_11_grad_norm_mean": 0.0007506021065637469,
    "student_11_grad_norm_std": 0.00021132761321496218,
    "student_11_logit_mean": 1.7072784900665283,
    "student_11_logit_std": 0.7810854911804199,
    "student_11_lipschitz_mean": 0.748022735118866,
    "student_11_lipschitz_std": 0.35066869854927063,
    "student_11_robustness/noise_0.0_mean": 774.5913535023977,
    "student_11_robustness/noise_0.0_std": 3.2904260329054567,
    "student_12_grad_norm_mean": 0.0006934275152161717,
    "student_12_grad_norm_std": 0.00022353194071911275,
    "student_12_logit_mean": 1.6922225952148438,
    "student_12_logit_std": 0.7703543901443481,
    "student_12_lipschitz_mean": 0.6962007880210876,
    "student_12_lipschitz_std": 0.348230242729187,
    "student_12_robustness/noise_0.0_mean": 766.3727590283279,
    "student_12_robustness/noise_0.0_std": 4.166685253021386,
    "seed": 321514
}