{
    "teacher_grad_norm_mean": 0.0017223847098648548,
    "teacher_grad_norm_std": 0.00046900880988687277,
    "teacher_logit_mean": 6.1109771728515625,
    "teacher_logit_std": 1.8843445777893066,
    "teacher_lipschitz_mean": 0.9376543760299683,
    "teacher_lipschitz_std": 0.3600003123283386,
    "teacher_robustness/noise_0.0_mean": -32.25538285754164,
    "teacher_robustness/noise_0.0_std": 189.30396665468547,
    "student_1_grad_norm_mean": 0.001185689470730722,
    "student_1_grad_norm_std": 0.0004010324482806027,
    "student_1_logit_mean": 5.608241558074951,
    "student_1_logit_std": 1.7145287990570068,
    "student_1_lipschitz_mean": 0.6717373132705688,
    "student_1_lipschitz_std": 0.27310436964035034,
    "student_1_robustness/noise_0.0_mean": -30.60476682953515,
    "student_1_robustness/noise_0.0_std": 184.77989867724617,
    "student_2_grad_norm_mean": 0.0011003820691257715,
    "student_2_grad_norm_std": 0.00039380244561471045,
    "student_2_logit_mean": 5.522231578826904,
    "student_2_logit_std": 1.7512375116348267,
    "student_2_lipschitz_mean": 0.6601274609565735,
    "student_2_lipschitz_std": 0.26615944504737854,
    "student_2_robustness/noise_0.0_mean": -29.79765088764568,
    "student_2_robustness/noise_0.0_std": 177.382674595517,
    "student_3_grad_norm_mean": 0.0008513983921147883,
    "student_3_grad_norm_std": 0.00034750127815641463,
    "student_3_logit_mean": 4.7263503074646,
    "student_3_logit_std": 1.1724663972854614,
    "student_3_lipschitz_mean": 0.5294298529624939,
    "student_3_lipschitz_std": 0.2402743250131607,
    "student_3_robustness/noise_0.0_mean": -11.107593512921039,
    "student_3_robustness/noise_0.0_std": 9.154423056828358,
    "student_4_grad_norm_mean": 0.0013365873601287603,
    "student_4_grad_norm_std": 0.00036496305256150663,
    "student_4_logit_mean": 5.710882186889648,
    "student_4_logit_std": 1.8557769060134888,
    "student_4_lipschitz_mean": 0.7151819467544556,
    "student_4_lipschitz_std": 0.2751442492008209,
    "student_4_robustness/noise_0.0_mean": -28.95464137826295,
    "student_4_robustness/noise_0.0_std": 186.15747054457125,
    "student_5_grad_norm_mean": 0.001360757858492434,
    "student_5_grad_norm_std": 0.0003909739025402814,
    "student_5_logit_mean": 5.914433002471924,
    "student_5_logit_std": 1.919317364692688,
    "student_5_lipschitz_mean": 0.738787055015564,
    "student_5_lipschitz_std": 0.29194459319114685,
    "student_5_robustness/noise_0.0_mean": -44.85604900707946,
    "student_5_robustness/noise_0.0_std": 245.33629661813367,
    "student_6_grad_norm_mean": 0.0012341070687398314,
    "student_6_grad_norm_std": 0.0004298076964914799,
    "student_6_logit_mean": 5.633182048797607,
    "student_6_logit_std": 1.7393509149551392,
    "student_6_lipschitz_mean": 0.7237414717674255,
    "student_6_lipschitz_std": 0.2931833267211914,
    "student_6_robustness/noise_0.0_mean": -19.823600175137756,
    "student_6_robustness/noise_0.0_std": 101.58437137132378,
    "student_7_grad_norm_mean": 0.001344654825516045,
    "student_7_grad_norm_std": 0.00034403515746816993,
    "student_7_logit_mean": 5.691315174102783,
    "student_7_logit_std": 1.8501558303833008,
    "student_7_lipschitz_mean": 0.7327837347984314,
    "student_7_lipschitz_std": 0.2711474299430847,
    "student_7_robustness/noise_0.0_mean": -11.397818978990601,
    "student_7_robustness/noise_0.0_std": 14.01391793744819,
    "student_8_grad_norm_mean": 0.0013822030741721392,
    "student_8_grad_norm_std": 0.0003568090032786131,
    "student_8_logit_mean": 5.845433712005615,
    "student_8_logit_std": 1.857043981552124,
    "student_8_lipschitz_mean": 0.7640286684036255,
    "student_8_lipschitz_std": 0.28442713618278503,
    "student_8_robustness/noise_0.0_mean": -26.935521133772745,
    "student_8_robustness/noise_0.0_std": 180.78993060859779,
    "student_9_grad_norm_mean": 0.0012322450056672096,
    "student_9_grad_norm_std": 0.0003937316650990397,
    "student_9_logit_mean": 5.579051971435547,
    "student_9_logit_std": 1.4611748456954956,
    "student_9_lipschitz_mean": 0.7178624868392944,
    "student_9_lipschitz_std": 0.2747051417827606,
    "student_9_robustness/noise_0.0_mean": -8.288689239412435,
    "student_9_robustness/noise_0.0_std": 7.964101164799541,
    "student_10_grad_norm_mean": 0.0013588306028395891,
    "student_10_grad_norm_std": 0.0003476971760392189,
    "student_10_logit_mean": 5.8196821212768555,
    "student_10_logit_std": 1.8529752492904663,
    "student_10_lipschitz_mean": 0.751555323600769,
    "student_10_lipschitz_std": 0.28277331590652466,
    "student_10_robustness/noise_0.0_mean": -10.527565390084145,
    "student_10_robustness/noise_0.0_std": 10.374743860028898,
    "student_11_grad_norm_mean": 0.0014037505025044084,
    "student_11_grad_norm_std": 0.00034959951881319284,
    "student_11_logit_mean": 5.853142261505127,
    "student_11_logit_std": 1.8035459518432617,
    "student_11_lipschitz_mean": 0.7827292680740356,
    "student_11_lipschitz_std": 0.2927230894565582,
    "student_11_robustness/noise_0.0_mean": -11.214595885941378,
    "student_11_robustness/noise_0.0_std": 14.118498359130088,
    "student_12_grad_norm_mean": 0.0014083225978538394,
    "student_12_grad_norm_std": 0.00035743339685723186,
    "student_12_logit_mean": 6.01816463470459,
    "student_12_logit_std": 1.9690032005310059,
    "student_12_lipschitz_mean": 0.7766075730323792,
    "student_12_lipschitz_std": 0.30235108733177185,
    "student_12_robustness/noise_0.0_mean": -11.493701467458141,
    "student_12_robustness/noise_0.0_std": 18.901988447689057,
    "seed": 554186
}