{
    "teacher_grad_norm_mean": 0.0018074286635965109,
    "teacher_grad_norm_std": 0.0005578139098361135,
    "teacher_logit_mean": 6.618595600128174,
    "teacher_logit_std": 2.211376190185547,
    "teacher_lipschitz_mean": 0.9737260937690735,
    "teacher_lipschitz_std": 0.3909755349159241,
    "teacher_robustness/noise_0.0_mean": -13.941088460842485,
    "teacher_robustness/noise_0.0_std": 10.261937100558692,
    "student_1_grad_norm_mean": 0.001298257615417242,
    "student_1_grad_norm_std": 0.0004504158569034189,
    "student_1_logit_mean": 6.1783623695373535,
    "student_1_logit_std": 2.174574375152588,
    "student_1_lipschitz_mean": 0.6848556995391846,
    "student_1_lipschitz_std": 0.27641603350639343,
    "student_1_robustness/noise_0.0_mean": -16.530171420027475,
    "student_1_robustness/noise_0.0_std": 40.13015749743575,
    "student_2_grad_norm_mean": 0.0011391653679311275,
    "student_2_grad_norm_std": 0.00045483041321858764,
    "student_2_logit_mean": 5.948869228363037,
    "student_2_logit_std": 1.7625172138214111,
    "student_2_lipschitz_mean": 0.6566482782363892,
    "student_2_lipschitz_std": 0.2725369930267334,
    "student_2_robustness/noise_0.0_mean": -26.248663399993006,
    "student_2_robustness/noise_0.0_std": 139.73935160614357,
    "student_3_grad_norm_mean": 0.0009121205075643957,
    "student_3_grad_norm_std": 0.0004373213741928339,
    "student_3_logit_mean": 5.221787452697754,
    "student_3_logit_std": 1.1514222621917725,
    "student_3_lipschitz_mean": 0.5429012775421143,
    "student_3_lipschitz_std": 0.26130735874176025,
    "student_3_robustness/noise_0.0_mean": -13.221074079213103,
    "student_3_robustness/noise_0.0_std": 6.564279086185219,
    "student_4_grad_norm_mean": 0.0014420639490708709,
    "student_4_grad_norm_std": 0.000436486181570217,
    "student_4_logit_mean": 6.348624229431152,
    "student_4_logit_std": 2.2019059658050537,
    "student_4_lipschitz_mean": 0.7412527799606323,
    "student_4_lipschitz_std": 0.28369179368019104,
    "student_4_robustness/noise_0.0_mean": -18.69042151361682,
    "student_4_robustness/noise_0.0_std": 66.46853945567962,
    "student_5_grad_norm_mean": 0.0013513267040252686,
    "student_5_grad_norm_std": 0.0004306108457967639,
    "student_5_logit_mean": 6.172859191894531,
    "student_5_logit_std": 2.0117642879486084,
    "student_5_lipschitz_mean": 0.7235730290412903,
    "student_5_lipschitz_std": 0.2773195505142212,
    "student_5_robustness/noise_0.0_mean": -12.704955557447446,
    "student_5_robustness/noise_0.0_std": 11.190151854901877,
    "student_6_grad_norm_mean": 0.0014051988255232573,
    "student_6_grad_norm_std": 0.000607548572588712,
    "student_6_logit_mean": 6.141164779663086,
    "student_6_logit_std": 2.004420280456543,
    "student_6_lipschitz_mean": 0.7426018714904785,
    "student_6_lipschitz_std": 0.3138329088687897,
    "student_6_robustness/noise_0.0_mean": -13.103632223333243,
    "student_6_robustness/noise_0.0_std": 10.252845031959719,
    "student_7_grad_norm_mean": 0.0014631695812568069,
    "student_7_grad_norm_std": 0.0004293418023735285,
    "student_7_logit_mean": 6.434286117553711,
    "student_7_logit_std": 2.1852216720581055,
    "student_7_lipschitz_mean": 0.7700895071029663,
    "student_7_lipschitz_std": 0.2986477315425873,
    "student_7_robustness/noise_0.0_mean": -22.415781732854,
    "student_7_robustness/noise_0.0_std": 89.76848207403249,
    "student_8_grad_norm_mean": 0.0015214108861982822,
    "student_8_grad_norm_std": 0.00047836286830715835,
    "student_8_logit_mean": 6.3905792236328125,
    "student_8_logit_std": 2.2844319343566895,
    "student_8_lipschitz_mean": 0.787652313709259,
    "student_8_lipschitz_std": 0.3055818974971771,
    "student_8_robustness/noise_0.0_mean": -15.598598005364027,
    "student_8_robustness/noise_0.0_std": 36.998318809670415,
    "student_9_grad_norm_mean": 0.0014402823289856315,
    "student_9_grad_norm_std": 0.0004810689715668559,
    "student_9_logit_mean": 6.282444953918457,
    "student_9_logit_std": 2.1185100078582764,
    "student_9_lipschitz_mean": 0.7673400640487671,
    "student_9_lipschitz_std": 0.29651355743408203,
    "student_9_robustness/noise_0.0_mean": -15.888564959374175,
    "student_9_robustness/noise_0.0_std": 13.537173392381991,
    "student_10_grad_norm_mean": 0.0014625650364905596,
    "student_10_grad_norm_std": 0.00043698144145309925,
    "student_10_logit_mean": 6.348584175109863,
    "student_10_logit_std": 2.0840721130371094,
    "student_10_lipschitz_mean": 0.779563844203949,
    "student_10_lipschitz_std": 0.2986094355583191,
    "student_10_robustness/noise_0.0_mean": -13.258986658549643,
    "student_10_robustness/noise_0.0_std": 10.487966271539275,
    "student_11_grad_norm_mean": 0.0014581525465473533,
    "student_11_grad_norm_std": 0.00041706475894898176,
    "student_11_logit_mean": 6.419985771179199,
    "student_11_logit_std": 2.0201022624969482,
    "student_11_lipschitz_mean": 0.7927214503288269,
    "student_11_lipschitz_std": 0.3008878529071808,
    "student_11_robustness/noise_0.0_mean": -11.5417599005257,
    "student_11_robustness/noise_0.0_std": 8.34744274622077,
    "student_12_grad_norm_mean": 0.0015251397853717208,
    "student_12_grad_norm_std": 0.00045863993000239134,
    "student_12_logit_mean": 6.464993953704834,
    "student_12_logit_std": 2.2013704776763916,
    "student_12_lipschitz_mean": 0.8066986203193665,
    "student_12_lipschitz_std": 0.3001759350299835,
    "student_12_robustness/noise_0.0_mean": -15.113673064122116,
    "student_12_robustness/noise_0.0_std": 24.27255358743202,
    "seed": 858354
}