{
    "teacher_grad_norm_mean": 0.00027943376335315406,
    "teacher_grad_norm_std": 8.19062115624547e-05,
    "teacher_logit_mean": 1.122114896774292,
    "teacher_logit_std": 0.34336555004119873,
    "teacher_lipschitz_mean": 0.3089592456817627,
    "teacher_lipschitz_std": 0.1215970516204834,
    "teacher_robustness/noise_0.0_mean": 2022.462438881443,
    "teacher_robustness/noise_0.0_std": 1075.3603171953823,
    "student_1_grad_norm_mean": 0.0001973243779502809,
    "student_1_grad_norm_std": 5.2465416956692934e-05,
    "student_1_logit_mean": 1.0429167747497559,
    "student_1_logit_std": 0.3112318217754364,
    "student_1_lipschitz_mean": 0.2177516371011734,
    "student_1_lipschitz_std": 0.08711608499288559,
    "student_1_robustness/noise_0.0_mean": 470.014649528014,
    "student_1_robustness/noise_0.0_std": 469.10727855316156,
    "student_2_grad_norm_mean": 0.0001848513347795233,
    "student_2_grad_norm_std": 5.5733242334099486e-05,
    "student_2_logit_mean": 0.7370768785476685,
    "student_2_logit_std": 0.2985958158969879,
    "student_2_lipschitz_mean": 0.21503695845603943,
    "student_2_lipschitz_std": 0.09234222769737244,
    "student_2_robustness/noise_0.0_mean": 192.95438624831274,
    "student_2_robustness/noise_0.0_std": 307.04133764220506,
    "student_3_grad_norm_mean": 0.00013156305067241192,
    "student_3_grad_norm_std": 5.452174445963465e-05,
    "student_3_logit_mean": 0.9002170562744141,
    "student_3_logit_std": 0.18705600500106812,
    "student_3_lipschitz_mean": 0.14243048429489136,
    "student_3_lipschitz_std": 0.07411199063062668,
    "student_3_robustness/noise_0.0_mean": 58.4247930007516,
    "student_3_robustness/noise_0.0_std": 168.44578196859902,
    "student_4_grad_norm_mean": 0.00023865171533543617,
    "student_4_grad_norm_std": 6.723870319547132e-05,
    "student_4_logit_mean": 1.0752243995666504,
    "student_4_logit_std": 0.3300064504146576,
    "student_4_lipschitz_mean": 0.2605142891407013,
    "student_4_lipschitz_std": 0.10085836052894592,
    "student_4_robustness/noise_0.0_mean": 1834.526089210381,
    "student_4_robustness/noise_0.0_std": 948.4816812022084,
    "student_5_grad_norm_mean": 0.00026408929261378944,
    "student_5_grad_norm_std": 7.526838453486562e-05,
    "student_5_logit_mean": 0.8275485038757324,
    "student_5_logit_std": 0.27957120537757874,
    "student_5_lipschitz_mean": 0.29736706614494324,
    "student_5_lipschitz_std": 0.11662738025188446,
    "student_5_robustness/noise_0.0_mean": 711.9393199382902,
    "student_5_robustness/noise_0.0_std": 429.45921161993306,
    "student_6_grad_norm_mean": 0.0002264436479890719,
    "student_6_grad_norm_std": 7.219225517474115e-05,
    "student_6_logit_mean": 0.8259569406509399,
    "student_6_logit_std": 0.28140056133270264,
    "student_6_lipschitz_mean": 0.25297218561172485,
    "student_6_lipschitz_std": 0.1171102523803711,
    "student_6_robustness/noise_0.0_mean": 395.1764950805695,
    "student_6_robustness/noise_0.0_std": 231.5928228176587,
    "student_7_grad_norm_mean": 0.00026254920521751046,
    "student_7_grad_norm_std": 7.322658348130062e-05,
    "student_7_logit_mean": 1.050827145576477,
    "student_7_logit_std": 0.34635254740715027,
    "student_7_lipschitz_mean": 0.28257715702056885,
    "student_7_lipschitz_std": 0.1075497418642044,
    "student_7_robustness/noise_0.0_mean": 1541.7969556139367,
    "student_7_robustness/noise_0.0_std": 1048.6258094206005,
    "student_8_grad_norm_mean": 0.00024348079750780016,
    "student_8_grad_norm_std": 7.281442231032997e-05,
    "student_8_logit_mean": 1.0067425966262817,
    "student_8_logit_std": 0.37168455123901367,
    "student_8_lipschitz_mean": 0.26708322763442993,
    "student_8_lipschitz_std": 0.1244077980518341,
    "student_8_robustness/noise_0.0_mean": 1288.7920901948198,
    "student_8_robustness/noise_0.0_std": 792.5947414902847,
    "student_9_grad_norm_mean": 0.0002762690419331193,
    "student_9_grad_norm_std": 9.532536205369979e-05,
    "student_9_logit_mean": 0.7324430346488953,
    "student_9_logit_std": 0.2249787449836731,
    "student_9_lipschitz_mean": 0.33005136251449585,
    "student_9_lipschitz_std": 0.139367938041687,
    "student_9_robustness/noise_0.0_mean": 459.8463093486045,
    "student_9_robustness/noise_0.0_std": 522.3906228448672,
    "student_10_grad_norm_mean": 0.00026268992223776877,
    "student_10_grad_norm_std": 8.088093454716727e-05,
    "student_10_logit_mean": 1.1463987827301025,
    "student_10_logit_std": 0.32797971367836,
    "student_10_lipschitz_mean": 0.2866426706314087,
    "student_10_lipschitz_std": 0.11485881358385086,
    "student_10_robustness/noise_0.0_mean": 2130.7242504913047,
    "student_10_robustness/noise_0.0_std": 1050.4144734852641,
    "student_11_grad_norm_mean": 0.0002432011824566871,
    "student_11_grad_norm_std": 8.591997175244614e-05,
    "student_11_logit_mean": 1.1474580764770508,
    "student_11_logit_std": 0.31938838958740234,
    "student_11_lipschitz_mean": 0.2662583589553833,
    "student_11_lipschitz_std": 0.11319610476493835,
    "student_11_robustness/noise_0.0_mean": 2206.951455374799,
    "student_11_robustness/noise_0.0_std": 974.7895153684481,
    "student_12_grad_norm_mean": 0.000249694858212024,
    "student_12_grad_norm_std": 7.98392720753327e-05,
    "student_12_logit_mean": 1.1048837900161743,
    "student_12_logit_std": 0.31373146176338196,
    "student_12_lipschitz_mean": 0.26538076996803284,
    "student_12_lipschitz_std": 0.11837787926197052,
    "student_12_robustness/noise_0.0_mean": 983.1748610932574,
    "student_12_robustness/noise_0.0_std": 832.075436308585,
    "seed": 450372
}