{
    "teacher_grad_norm_mean": 0.00021922511223237962,
    "teacher_grad_norm_std": 7.132134487619624e-05,
    "teacher_logit_mean": 1.241899013519287,
    "teacher_logit_std": 0.31336843967437744,
    "teacher_lipschitz_mean": 0.27397599816322327,
    "teacher_lipschitz_std": 0.11068040877580643,
    "teacher_robustness/noise_0.0_mean": 3578.839272174964,
    "teacher_robustness/noise_0.0_std": 556.4406546357669,
    "student_1_grad_norm_mean": 0.00015836225065868348,
    "student_1_grad_norm_std": 4.435565642779693e-05,
    "student_1_logit_mean": 1.1413439512252808,
    "student_1_logit_std": 0.2694690525531769,
    "student_1_lipschitz_mean": 0.1836901754140854,
    "student_1_lipschitz_std": 0.07724437117576599,
    "student_1_robustness/noise_0.0_mean": 296.978641926722,
    "student_1_robustness/noise_0.0_std": 351.3960689390664,
    "student_2_grad_norm_mean": 0.00012819870607927442,
    "student_2_grad_norm_std": 4.588053343468346e-05,
    "student_2_logit_mean": 1.1137020587921143,
    "student_2_logit_std": 0.2760850489139557,
    "student_2_lipschitz_mean": 0.17043904960155487,
    "student_2_lipschitz_std": 0.08278706669807434,
    "student_2_robustness/noise_0.0_mean": 50.53970975038206,
    "student_2_robustness/noise_0.0_std": 86.67444922257134,
    "student_3_grad_norm_mean": 0.00011051889305235818,
    "student_3_grad_norm_std": 5.316120950737968e-05,
    "student_3_logit_mean": 0.9947901368141174,
    "student_3_logit_std": 0.2535039782524109,
    "student_3_lipschitz_mean": 0.1456606388092041,
    "student_3_lipschitz_std": 0.0812453106045723,
    "student_3_robustness/noise_0.0_mean": 63.89039898301284,
    "student_3_robustness/noise_0.0_std": 62.24647085762646,
    "student_4_grad_norm_mean": 0.00020901607058476657,
    "student_4_grad_norm_std": 4.487993646762334e-05,
    "student_4_logit_mean": 1.1683356761932373,
    "student_4_logit_std": 0.3200945556163788,
    "student_4_lipschitz_mean": 0.23540110886096954,
    "student_4_lipschitz_std": 0.09314548224210739,
    "student_4_robustness/noise_0.0_mean": 3041.9709290814762,
    "student_4_robustness/noise_0.0_std": 842.4352473270078,
    "student_5_grad_norm_mean": 0.00018867416656576097,
    "student_5_grad_norm_std": 5.257528755464591e-05,
    "student_5_logit_mean": 1.1531840562820435,
    "student_5_logit_std": 0.3156415522098541,
    "student_5_lipschitz_mean": 0.22047944366931915,
    "student_5_lipschitz_std": 0.09476055204868317,
    "student_5_robustness/noise_0.0_mean": 1202.1238580096133,
    "student_5_robustness/noise_0.0_std": 982.7414373694044,
    "student_6_grad_norm_mean": 0.00014207721687853336,
    "student_6_grad_norm_std": 5.850820161867887e-05,
    "student_6_logit_mean": 1.14686918258667,
    "student_6_logit_std": 0.28073519468307495,
    "student_6_lipschitz_mean": 0.1824323683977127,
    "student_6_lipschitz_std": 0.09553283452987671,
    "student_6_robustness/noise_0.0_mean": 739.7680919756776,
    "student_6_robustness/noise_0.0_std": 677.4325943527277,
    "student_7_grad_norm_mean": 0.00022304813319351524,
    "student_7_grad_norm_std": 5.4398282372858375e-05,
    "student_7_logit_mean": 1.1866214275360107,
    "student_7_logit_std": 0.3171273171901703,
    "student_7_lipschitz_mean": 0.2462409883737564,
    "student_7_lipschitz_std": 0.10077952593564987,
    "student_7_robustness/noise_0.0_mean": 3315.8046893422807,
    "student_7_robustness/noise_0.0_std": 874.3253363505734,
    "student_8_grad_norm_mean": 0.00021509446378331631,
    "student_8_grad_norm_std": 5.326559767127037e-05,
    "student_8_logit_mean": 1.1816681623458862,
    "student_8_logit_std": 0.3228611648082733,
    "student_8_lipschitz_mean": 0.23433873057365417,
    "student_8_lipschitz_std": 0.09864772111177444,
    "student_8_robustness/noise_0.0_mean": 2897.9526293459644,
    "student_8_robustness/noise_0.0_std": 1049.8044355844197,
    "student_9_grad_norm_mean": 0.00018257609917782247,
    "student_9_grad_norm_std": 6.167286483105272e-05,
    "student_9_logit_mean": 1.1506619453430176,
    "student_9_logit_std": 0.30761897563934326,
    "student_9_lipschitz_mean": 0.21330732107162476,
    "student_9_lipschitz_std": 0.10536997765302658,
    "student_9_robustness/noise_0.0_mean": 267.6553671747704,
    "student_9_robustness/noise_0.0_std": 475.91213614328126,
    "student_10_grad_norm_mean": 0.00022513006115332246,
    "student_10_grad_norm_std": 5.253299968899228e-05,
    "student_10_logit_mean": 1.1913166046142578,
    "student_10_logit_std": 0.3208521604537964,
    "student_10_lipschitz_mean": 0.2587495446205139,
    "student_10_lipschitz_std": 0.10174866020679474,
    "student_10_robustness/noise_0.0_mean": 3396.2284102434887,
    "student_10_robustness/noise_0.0_std": 850.4838756547134,
    "student_11_grad_norm_mean": 0.00021752573957201093,
    "student_11_grad_norm_std": 5.4392778110923246e-05,
    "student_11_logit_mean": 1.179888129234314,
    "student_11_logit_std": 0.32073473930358887,
    "student_11_lipschitz_mean": 0.25195246934890747,
    "student_11_lipschitz_std": 0.10409455746412277,
    "student_11_robustness/noise_0.0_mean": 2988.7267508745945,
    "student_11_robustness/noise_0.0_std": 1003.948042583132,
    "student_12_grad_norm_mean": 0.00018406803428661078,
    "student_12_grad_norm_std": 5.4750998970121145e-05,
    "student_12_logit_mean": 1.1797810792922974,
    "student_12_logit_std": 0.31373947858810425,
    "student_12_lipschitz_mean": 0.2344760298728943,
    "student_12_lipschitz_std": 0.10939054936170578,
    "student_12_robustness/noise_0.0_mean": 1214.1144786974792,
    "student_12_robustness/noise_0.0_std": 1045.0222557388477,
    "seed": 396281
}