{
    "teacher_grad_norm_mean": 0.0008205191697925329,
    "teacher_grad_norm_std": 0.0002937541576102376,
    "teacher_logit_mean": 1.1780569553375244,
    "teacher_logit_std": 0.7365478277206421,
    "teacher_lipschitz_mean": 0.9179583191871643,
    "teacher_lipschitz_std": 0.4204919636249542,
    "teacher_robustness/noise_0.0_mean": 1363.8618584104047,
    "teacher_robustness/noise_0.0_std": 312.46968475280346,
    "student_1_grad_norm_mean": 0.0006714076153002679,
    "student_1_grad_norm_std": 0.00022412088583223522,
    "student_1_logit_mean": 1.3484371900558472,
    "student_1_logit_std": 0.6227095127105713,
    "student_1_lipschitz_mean": 0.7651956677436829,
    "student_1_lipschitz_std": 0.3512106239795685,
    "student_1_robustness/noise_0.0_mean": 643.3265904681718,
    "student_1_robustness/noise_0.0_std": 3.0023112125638227,
    "student_2_grad_norm_mean": 0.0006519947783090174,
    "student_2_grad_norm_std": 0.00023144892475102097,
    "student_2_logit_mean": 1.314474105834961,
    "student_2_logit_std": 0.5794000029563904,
    "student_2_lipschitz_mean": 0.7612713575363159,
    "student_2_lipschitz_std": 0.3878410756587982,
    "student_2_robustness/noise_0.0_mean": 664.0130847892276,
    "student_2_robustness/noise_0.0_std": 5.82903839630394,
    "student_3_grad_norm_mean": 0.0005105623276904225,
    "student_3_grad_norm_std": 0.00015885643369983882,
    "student_3_logit_mean": 0.8341726660728455,
    "student_3_logit_std": 0.4041624069213867,
    "student_3_lipschitz_mean": 0.505693793296814,
    "student_3_lipschitz_std": 0.28263041377067566,
    "student_3_robustness/noise_0.0_mean": 204.3213837116793,
    "student_3_robustness/noise_0.0_std": 1.7704617778960288,
    "student_4_grad_norm_mean": 0.0007067315746098757,
    "student_4_grad_norm_std": 0.00021510959777515382,
    "student_4_logit_mean": 1.1713361740112305,
    "student_4_logit_std": 0.5909026265144348,
    "student_4_lipschitz_mean": 0.7749514579772949,
    "student_4_lipschitz_std": 0.34231147170066833,
    "student_4_robustness/noise_0.0_mean": 811.8519396213353,
    "student_4_robustness/noise_0.0_std": 12.080673924609869,
    "student_5_grad_norm_mean": 0.0007091677980497479,
    "student_5_grad_norm_std": 0.00025098733021877706,
    "student_5_logit_mean": 1.338680624961853,
    "student_5_logit_std": 0.5913164615631104,
    "student_5_lipschitz_mean": 0.8193866610527039,
    "student_5_lipschitz_std": 0.3785920739173889,
    "student_5_robustness/noise_0.0_mean": 792.9540180350411,
    "student_5_robustness/noise_0.0_std": 11.756836118096786,
    "student_6_grad_norm_mean": 0.0007391974795609713,
    "student_6_grad_norm_std": 0.00028786726761609316,
    "student_6_logit_mean": 1.5324583053588867,
    "student_6_logit_std": 0.619994044303894,
    "student_6_lipschitz_mean": 0.8858010768890381,
    "student_6_lipschitz_std": 0.44881996512413025,
    "student_6_robustness/noise_0.0_mean": 1049.2566613127392,
    "student_6_robustness/noise_0.0_std": 8.668411006770366,
    "student_7_grad_norm_mean": 0.0006984533974900842,
    "student_7_grad_norm_std": 0.00023646626505069435,
    "student_7_logit_mean": 1.1721876859664917,
    "student_7_logit_std": 0.6025418043136597,
    "student_7_lipschitz_mean": 0.8264839053153992,
    "student_7_lipschitz_std": 0.3591187298297882,
    "student_7_robustness/noise_0.0_mean": 815.8482173352254,
    "student_7_robustness/noise_0.0_std": 6.704789357628136,
    "student_8_grad_norm_mean": 0.0007041119388304651,
    "student_8_grad_norm_std": 0.00021133225527592003,
    "student_8_logit_mean": 1.1806966066360474,
    "student_8_logit_std": 0.6170166730880737,
    "student_8_lipschitz_mean": 0.7887848615646362,
    "student_8_lipschitz_std": 0.35001906752586365,
    "student_8_robustness/noise_0.0_mean": 711.1059047272672,
    "student_8_robustness/noise_0.0_std": 11.586203310130946,
    "student_9_grad_norm_mean": 0.0006616272730752826,
    "student_9_grad_norm_std": 0.0002204059564974159,
    "student_9_logit_mean": 1.2943288087844849,
    "student_9_logit_std": 0.6005987524986267,
    "student_9_lipschitz_mean": 0.7561805844306946,
    "student_9_lipschitz_std": 0.3481079041957855,
    "student_9_robustness/noise_0.0_mean": 841.3189067875146,
    "student_9_robustness/noise_0.0_std": 39.23957277255189,
    "student_10_grad_norm_mean": 0.0007342429598793387,
    "student_10_grad_norm_std": 0.0002483878342900425,
    "student_10_logit_mean": 1.1876561641693115,
    "student_10_logit_std": 0.6730338931083679,
    "student_10_lipschitz_mean": 0.8503678441047668,
    "student_10_lipschitz_std": 0.3873808979988098,
    "student_10_robustness/noise_0.0_mean": 1206.8211297010187,
    "student_10_robustness/noise_0.0_std": 122.71057911176894,
    "student_11_grad_norm_mean": 0.0007279771380126476,
    "student_11_grad_norm_std": 0.00020624951866921037,
    "student_11_logit_mean": 1.1712172031402588,
    "student_11_logit_std": 0.5868558883666992,
    "student_11_lipschitz_mean": 0.7669507265090942,
    "student_11_lipschitz_std": 0.3435775339603424,
    "student_11_robustness/noise_0.0_mean": 674.4090624909829,
    "student_11_robustness/noise_0.0_std": 5.15605614371593,
    "student_12_grad_norm_mean": 0.0006333690253086388,
    "student_12_grad_norm_std": 0.00018708666902966797,
    "student_12_logit_mean": 1.2241840362548828,
    "student_12_logit_std": 0.6007793545722961,
    "student_12_lipschitz_mean": 0.6998544931411743,
    "student_12_lipschitz_std": 0.31534796953201294,
    "student_12_robustness/noise_0.0_mean": 696.0867706839681,
    "student_12_robustness/noise_0.0_std": 5.147168621520111,
    "seed": 0
}