{
    "teacher_grad_norm_mean": 0.0050238873809576035,
    "teacher_grad_norm_std": 0.0025608926080167294,
    "teacher_logit_mean": 0.7188717722892761,
    "teacher_logit_std": 0.7172080278396606,
    "teacher_lipschitz_mean": 4.3884735107421875,
    "teacher_lipschitz_std": 3.8035707473754883,
    "teacher_robustness/noise_0.0_mean": 500.0,
    "teacher_robustness/noise_0.0_std": 0.0,
    "student_1_grad_norm_mean": 0.003646794008091092,
    "student_1_grad_norm_std": 0.0006995267467573285,
    "student_1_logit_mean": 0.5329490900039673,
    "student_1_logit_std": 0.48855116963386536,
    "student_1_lipschitz_mean": 3.20072603225708,
    "student_1_lipschitz_std": 2.107104778289795,
    "student_1_robustness/noise_0.0_mean": 481.84,
    "student_1_robustness/noise_0.0_std": 36.468814074493835,
    "student_2_grad_norm_mean": 0.003110464895144105,
    "student_2_grad_norm_std": 0.000164897704962641,
    "student_2_logit_mean": 0.5502594709396362,
    "student_2_logit_std": 0.5026518702507019,
    "student_2_lipschitz_mean": 2.69677996635437,
    "student_2_lipschitz_std": 1.7201789617538452,
    "student_2_robustness/noise_0.0_mean": 491.55,
    "student_2_robustness/noise_0.0_std": 25.120658828939973,
    "student_3_grad_norm_mean": 0.0019211643375456333,
    "student_3_grad_norm_std": 0.00024475669488310814,
    "student_3_logit_mean": 0.5262428522109985,
    "student_3_logit_std": 0.4287481904029846,
    "student_3_lipschitz_mean": 1.600661277770996,
    "student_3_lipschitz_std": 1.0508191585540771,
    "student_3_robustness/noise_0.0_mean": 382.97,
    "student_3_robustness/noise_0.0_std": 155.1140519101993,
    "student_4_grad_norm_mean": 0.003865233389660716,
    "student_4_grad_norm_std": 0.0012344347778707743,
    "student_4_logit_mean": 0.5859700441360474,
    "student_4_logit_std": 0.5324476957321167,
    "student_4_lipschitz_mean": 3.4214606285095215,
    "student_4_lipschitz_std": 2.451144218444824,
    "student_4_robustness/noise_0.0_mean": 489.12,
    "student_4_robustness/noise_0.0_std": 29.479918588761404,
    "student_5_grad_norm_mean": 0.004594056401401758,
    "student_5_grad_norm_std": 0.0006556199514307082,
    "student_5_logit_mean": 0.6537899971008301,
    "student_5_logit_std": 0.6111754775047302,
    "student_5_lipschitz_mean": 3.992748737335205,
    "student_5_lipschitz_std": 2.6024088859558105,
    "student_5_robustness/noise_0.0_mean": 489.13,
    "student_5_robustness/noise_0.0_std": 26.749076619576982,
    "student_6_grad_norm_mean": 0.004150185268372297,
    "student_6_grad_norm_std": 0.0009373379871249199,
    "student_6_logit_mean": 0.6074614524841309,
    "student_6_logit_std": 0.5645678043365479,
    "student_6_lipschitz_mean": 3.592094898223877,
    "student_6_lipschitz_std": 2.4578676223754883,
    "student_6_robustness/noise_0.0_mean": 480.5,
    "student_6_robustness/noise_0.0_std": 39.85937781752244,
    "student_7_grad_norm_mean": 0.004596182610839605,
    "student_7_grad_norm_std": 0.0022976836189627647,
    "student_7_logit_mean": 0.6603096127510071,
    "student_7_logit_std": 0.6579532623291016,
    "student_7_lipschitz_mean": 4.046623229980469,
    "student_7_lipschitz_std": 3.3895742893218994,
    "student_7_robustness/noise_0.0_mean": 500.0,
    "student_7_robustness/noise_0.0_std": 0.0,
    "student_8_grad_norm_mean": 0.005033562425523996,
    "student_8_grad_norm_std": 0.002246023388579488,
    "student_8_logit_mean": 0.7283720970153809,
    "student_8_logit_std": 0.6901858448982239,
    "student_8_lipschitz_mean": 4.391425132751465,
    "student_8_lipschitz_std": 3.5734450817108154,
    "student_8_robustness/noise_0.0_mean": 500.0,
    "student_8_robustness/noise_0.0_std": 0.0,
    "student_9_grad_norm_mean": 0.004368966445326805,
    "student_9_grad_norm_std": 0.001597562339156866,
    "student_9_logit_mean": 0.6462114453315735,
    "student_9_logit_std": 0.6011616587638855,
    "student_9_lipschitz_mean": 3.760054111480713,
    "student_9_lipschitz_std": 2.759077787399292,
    "student_9_robustness/noise_0.0_mean": 492.21,
    "student_9_robustness/noise_0.0_std": 22.535880280122186,
    "student_10_grad_norm_mean": 0.004727669060230255,
    "student_10_grad_norm_std": 0.0024652204010635614,
    "student_10_logit_mean": 0.6745256185531616,
    "student_10_logit_std": 0.6719344258308411,
    "student_10_lipschitz_mean": 4.164755344390869,
    "student_10_lipschitz_std": 3.578416109085083,
    "student_10_robustness/noise_0.0_mean": 500.0,
    "student_10_robustness/noise_0.0_std": 0.0,
    "student_11_grad_norm_mean": 0.004456112161278725,
    "student_11_grad_norm_std": 0.002450341824442148,
    "student_11_logit_mean": 0.6409906148910522,
    "student_11_logit_std": 0.6683546304702759,
    "student_11_lipschitz_mean": 3.9863269329071045,
    "student_11_lipschitz_std": 3.5512688159942627,
    "student_11_robustness/noise_0.0_mean": 500.0,
    "student_11_robustness/noise_0.0_std": 0.0,
    "student_12_grad_norm_mean": 0.00430478947237134,
    "student_12_grad_norm_std": 0.002125253202393651,
    "student_12_logit_mean": 0.6217241287231445,
    "student_12_logit_std": 0.6235495209693909,
    "student_12_lipschitz_mean": 3.8499674797058105,
    "student_12_lipschitz_std": 3.223433494567871,
    "student_12_robustness/noise_0.0_mean": 500.0,
    "student_12_robustness/noise_0.0_std": 0.0,
    "seed": 2
}