{
    "teacher_grad_norm_mean": 0.0069040716625750065,
    "teacher_grad_norm_std": 0.0019589648582041264,
    "teacher_logit_mean": 0.49380937218666077,
    "teacher_logit_std": 0.4924072325229645,
    "teacher_lipschitz_mean": 4.419960975646973,
    "teacher_lipschitz_std": 1.9828450679779053,
    "teacher_robustness/noise_0.0_mean": -240.073553089862,
    "teacher_robustness/noise_0.0_std": 56.840143091282854,
    "student_1_grad_norm_mean": 0.005765278358012438,
    "student_1_grad_norm_std": 0.0017729626270011067,
    "student_1_logit_mean": 0.5762028098106384,
    "student_1_logit_std": 0.4169255197048187,
    "student_1_lipschitz_mean": 3.9070911407470703,
    "student_1_lipschitz_std": 1.7000776529312134,
    "student_1_robustness/noise_0.0_mean": -204.27806781524436,
    "student_1_robustness/noise_0.0_std": 37.34256271804778,
    "student_2_grad_norm_mean": 0.004022900015115738,
    "student_2_grad_norm_std": 0.00030509885982610285,
    "student_2_logit_mean": 0.7328423261642456,
    "student_2_logit_std": 0.1570454090833664,
    "student_2_lipschitz_mean": 1.9952292442321777,
    "student_2_lipschitz_std": 0.9183891415596008,
    "student_2_robustness/noise_0.0_mean": -1225.4903259807068,
    "student_2_robustness/noise_0.0_std": 346.2376516546752,
    "student_3_grad_norm_mean": 0.0019686652813106775,
    "student_3_grad_norm_std": 0.00024710464640520513,
    "student_3_logit_mean": 1.4956265687942505,
    "student_3_logit_std": 0.05200304463505745,
    "student_3_lipschitz_mean": 0.6432486772537231,
    "student_3_lipschitz_std": 0.39759305119514465,
    "student_3_robustness/noise_0.0_mean": -833.0867353468819,
    "student_3_robustness/noise_0.0_std": 688.3112176320961,
    "student_4_grad_norm_mean": 0.008213885128498077,
    "student_4_grad_norm_std": 0.0015051256632432342,
    "student_4_logit_mean": 0.4597644805908203,
    "student_4_logit_std": 0.5002527832984924,
    "student_4_lipschitz_mean": 4.531843185424805,
    "student_4_lipschitz_std": 1.985848069190979,
    "student_4_robustness/noise_0.0_mean": -226.98831313981995,
    "student_4_robustness/noise_0.0_std": 43.879128929400125,
    "student_5_grad_norm_mean": 0.007065280340611935,
    "student_5_grad_norm_std": 0.0019282158464193344,
    "student_5_logit_mean": 0.5678757429122925,
    "student_5_logit_std": 0.5508807897567749,
    "student_5_lipschitz_mean": 4.452215194702148,
    "student_5_lipschitz_std": 2.035881757736206,
    "student_5_robustness/noise_0.0_mean": -244.12591644954048,
    "student_5_robustness/noise_0.0_std": 45.49677761181311,
    "student_6_grad_norm_mean": 0.006756832357496023,
    "student_6_grad_norm_std": 0.002358826342970133,
    "student_6_logit_mean": 0.4863244891166687,
    "student_6_logit_std": 0.34888845682144165,
    "student_6_lipschitz_mean": 4.425459384918213,
    "student_6_lipschitz_std": 2.0499815940856934,
    "student_6_robustness/noise_0.0_mean": -157.46256864807444,
    "student_6_robustness/noise_0.0_std": 36.01863580950456,
    "student_7_grad_norm_mean": 0.007425128482282162,
    "student_7_grad_norm_std": 0.0018074789550155401,
    "student_7_logit_mean": 0.6256937384605408,
    "student_7_logit_std": 0.7337290048599243,
    "student_7_lipschitz_mean": 4.314874172210693,
    "student_7_lipschitz_std": 1.9231723546981812,
    "student_7_robustness/noise_0.0_mean": -216.24162547043372,
    "student_7_robustness/noise_0.0_std": 32.89445194174549,
    "student_8_grad_norm_mean": 0.0073081012815237045,
    "student_8_grad_norm_std": 0.001962268026545644,
    "student_8_logit_mean": 0.5877443552017212,
    "student_8_logit_std": 0.7662268877029419,
    "student_8_lipschitz_mean": 4.6363983154296875,
    "student_8_lipschitz_std": 2.050872802734375,
    "student_8_robustness/noise_0.0_mean": -198.30315046080383,
    "student_8_robustness/noise_0.0_std": 41.30527290056376,
    "student_9_grad_norm_mean": 0.008834000676870346,
    "student_9_grad_norm_std": 0.0014201151207089424,
    "student_9_logit_mean": 0.4494255483150482,
    "student_9_logit_std": 0.3514215052127838,
    "student_9_lipschitz_mean": 4.876801490783691,
    "student_9_lipschitz_std": 2.24713397026062,
    "student_9_robustness/noise_0.0_mean": -156.14930397343758,
    "student_9_robustness/noise_0.0_std": 24.91682495176046,
    "student_10_grad_norm_mean": 0.00753454165533185,
    "student_10_grad_norm_std": 0.0018670958233997226,
    "student_10_logit_mean": 0.4274640381336212,
    "student_10_logit_std": 0.280370831489563,
    "student_10_lipschitz_mean": 4.209697723388672,
    "student_10_lipschitz_std": 1.950188159942627,
    "student_10_robustness/noise_0.0_mean": -200.76353424583016,
    "student_10_robustness/noise_0.0_std": 35.87303726511066,
    "student_11_grad_norm_mean": 0.009057369083166122,
    "student_11_grad_norm_std": 0.001236504060216248,
    "student_11_logit_mean": 0.49606838822364807,
    "student_11_logit_std": 0.6945962309837341,
    "student_11_lipschitz_mean": 4.551145553588867,
    "student_11_lipschitz_std": 1.987688660621643,
    "student_11_robustness/noise_0.0_mean": -176.82050069662623,
    "student_11_robustness/noise_0.0_std": 27.364547050873295,
    "student_12_grad_norm_mean": 0.007293769624084234,
    "student_12_grad_norm_std": 0.0019176894566044211,
    "student_12_logit_mean": 0.42380404472351074,
    "student_12_logit_std": 0.23125241696834564,
    "student_12_lipschitz_mean": 4.631262302398682,
    "student_12_lipschitz_std": 2.016746759414673,
    "student_12_robustness/noise_0.0_mean": -167.8667477121105,
    "student_12_robustness/noise_0.0_std": 30.576469176061998,
    "seed": 519989
}