{
    "teacher_grad_norm_mean": 0.0002551633515395224,
    "teacher_grad_norm_std": 5.922085983911529e-05,
    "teacher_logit_mean": 1.3235058784484863,
    "teacher_logit_std": 0.28015297651290894,
    "teacher_lipschitz_mean": 0.29791754484176636,
    "teacher_lipschitz_std": 0.10817592591047287,
    "teacher_robustness/noise_0.0_mean": 3952.9663011261623,
    "teacher_robustness/noise_0.0_std": 612.6214530881286,
    "student_1_grad_norm_mean": 0.00014967296738177538,
    "student_1_grad_norm_std": 3.482244937913492e-05,
    "student_1_logit_mean": 1.2847270965576172,
    "student_1_logit_std": 0.26052841544151306,
    "student_1_lipschitz_mean": 0.19710667431354523,
    "student_1_lipschitz_std": 0.07643847912549973,
    "student_1_robustness/noise_0.0_mean": 1252.9088371639837,
    "student_1_robustness/noise_0.0_std": 1305.9238108278878,
    "student_2_grad_norm_mean": 0.00012427091132849455,
    "student_2_grad_norm_std": 3.834109884337522e-05,
    "student_2_logit_mean": 1.2535431385040283,
    "student_2_logit_std": 0.24713456630706787,
    "student_2_lipschitz_mean": 0.15115103125572205,
    "student_2_lipschitz_std": 0.07274971902370453,
    "student_2_robustness/noise_0.0_mean": 231.0070624680667,
    "student_2_robustness/noise_0.0_std": 290.6707692314477,
    "student_3_grad_norm_mean": 0.00010956906771752983,
    "student_3_grad_norm_std": 5.0645056035136804e-05,
    "student_3_logit_mean": 1.1811820268630981,
    "student_3_logit_std": 0.22363942861557007,
    "student_3_lipschitz_mean": 0.11454044282436371,
    "student_3_lipschitz_std": 0.07445628941059113,
    "student_3_robustness/noise_0.0_mean": 121.78699661203063,
    "student_3_robustness/noise_0.0_std": 162.2744485678878,
    "student_4_grad_norm_mean": 0.00020685447088908404,
    "student_4_grad_norm_std": 4.719901698990725e-05,
    "student_4_logit_mean": 1.2995412349700928,
    "student_4_logit_std": 0.28265851736068726,
    "student_4_lipschitz_mean": 0.24927538633346558,
    "student_4_lipschitz_std": 0.09159081429243088,
    "student_4_robustness/noise_0.0_mean": 3849.8682270860463,
    "student_4_robustness/noise_0.0_std": 431.8154109058153,
    "student_5_grad_norm_mean": 0.0001674173108767718,
    "student_5_grad_norm_std": 4.9616177420830354e-05,
    "student_5_logit_mean": 1.278653621673584,
    "student_5_logit_std": 0.27431604266166687,
    "student_5_lipschitz_mean": 0.22394075989723206,
    "student_5_lipschitz_std": 0.09292417019605637,
    "student_5_robustness/noise_0.0_mean": 2870.930222715552,
    "student_5_robustness/noise_0.0_std": 1155.9854165317288,
    "student_6_grad_norm_mean": 0.00013825047062709928,
    "student_6_grad_norm_std": 5.864854028914124e-05,
    "student_6_logit_mean": 1.2789332866668701,
    "student_6_logit_std": 0.2526465058326721,
    "student_6_lipschitz_mean": 0.1882341355085373,
    "student_6_lipschitz_std": 0.09692705422639847,
    "student_6_robustness/noise_0.0_mean": 479.7450001644268,
    "student_6_robustness/noise_0.0_std": 614.9973361182263,
    "student_7_grad_norm_mean": 0.00021786722936667502,
    "student_7_grad_norm_std": 5.08937519043684e-05,
    "student_7_logit_mean": 1.3094431161880493,
    "student_7_logit_std": 0.2802126109600067,
    "student_7_lipschitz_mean": 0.2602297067642212,
    "student_7_lipschitz_std": 0.09616389870643616,
    "student_7_robustness/noise_0.0_mean": 3733.684994675521,
    "student_7_robustness/noise_0.0_std": 1043.1475309027596,
    "student_8_grad_norm_mean": 0.00020414641767274588,
    "student_8_grad_norm_std": 4.908513437840156e-05,
    "student_8_logit_mean": 1.3165009021759033,
    "student_8_logit_std": 0.28874731063842773,
    "student_8_lipschitz_mean": 0.2524239122867584,
    "student_8_lipschitz_std": 0.09952764213085175,
    "student_8_robustness/noise_0.0_mean": 3860.8754099828634,
    "student_8_robustness/noise_0.0_std": 295.5368056857639,
    "student_9_grad_norm_mean": 0.00017065090651158243,
    "student_9_grad_norm_std": 6.631437281612307e-05,
    "student_9_logit_mean": 1.2935618162155151,
    "student_9_logit_std": 0.27331873774528503,
    "student_9_lipschitz_mean": 0.23561203479766846,
    "student_9_lipschitz_std": 0.11436101049184799,
    "student_9_robustness/noise_0.0_mean": 3510.955687684155,
    "student_9_robustness/noise_0.0_std": 520.8388361976511,
    "student_10_grad_norm_mean": 0.00023669803340453655,
    "student_10_grad_norm_std": 5.042157135903835e-05,
    "student_10_logit_mean": 1.3207588195800781,
    "student_10_logit_std": 0.2903607487678528,
    "student_10_lipschitz_mean": 0.2787923514842987,
    "student_10_lipschitz_std": 0.09987080842256546,
    "student_10_robustness/noise_0.0_mean": 3933.6063109121233,
    "student_10_robustness/noise_0.0_std": 618.4085194433775,
    "student_11_grad_norm_mean": 0.00022852825350128114,
    "student_11_grad_norm_std": 5.495925870491192e-05,
    "student_11_logit_mean": 1.3068891763687134,
    "student_11_logit_std": 0.280129075050354,
    "student_11_lipschitz_mean": 0.27426230907440186,
    "student_11_lipschitz_std": 0.10331913828849792,
    "student_11_robustness/noise_0.0_mean": 4015.5451115653814,
    "student_11_robustness/noise_0.0_std": 334.81698704237095,
    "student_12_grad_norm_mean": 0.00019170125597156584,
    "student_12_grad_norm_std": 6.654431490460411e-05,
    "student_12_logit_mean": 1.2993547916412354,
    "student_12_logit_std": 0.2773497700691223,
    "student_12_lipschitz_mean": 0.24875029921531677,
    "student_12_lipschitz_std": 0.10418237000703812,
    "student_12_robustness/noise_0.0_mean": 3649.2255049166415,
    "student_12_robustness/noise_0.0_std": 591.617790770652,
    "seed": 86109
}