{
    "teacher_grad_norm_mean": 0.00022728441399522126,
    "teacher_grad_norm_std": 5.66188755328767e-05,
    "teacher_logit_mean": 1.193184494972229,
    "teacher_logit_std": 0.2823416590690613,
    "teacher_lipschitz_mean": 0.27395495772361755,
    "teacher_lipschitz_std": 0.09509993344545364,
    "teacher_robustness/noise_0.0_mean": 3517.335677869688,
    "teacher_robustness/noise_0.0_std": 413.4392835798527,
    "student_1_grad_norm_mean": 0.0001470705319661647,
    "student_1_grad_norm_std": 3.6761968658538535e-05,
    "student_1_logit_mean": 1.1429365873336792,
    "student_1_logit_std": 0.2767881751060486,
    "student_1_lipschitz_mean": 0.19351869821548462,
    "student_1_lipschitz_std": 0.07139670103788376,
    "student_1_robustness/noise_0.0_mean": 2101.888157788724,
    "student_1_robustness/noise_0.0_std": 989.6211639726632,
    "student_2_grad_norm_mean": 0.00011399560753488913,
    "student_2_grad_norm_std": 4.0080270991893485e-05,
    "student_2_logit_mean": 1.1110502481460571,
    "student_2_logit_std": 0.25493550300598145,
    "student_2_lipschitz_mean": 0.15423506498336792,
    "student_2_lipschitz_std": 0.06664721667766571,
    "student_2_robustness/noise_0.0_mean": 950.2577384776882,
    "student_2_robustness/noise_0.0_std": 761.6873827065892,
    "student_3_grad_norm_mean": 0.00010555128392297775,
    "student_3_grad_norm_std": 5.588206113316119e-05,
    "student_3_logit_mean": 1.0250638723373413,
    "student_3_logit_std": 0.19517472386360168,
    "student_3_lipschitz_mean": 0.15201729536056519,
    "student_3_lipschitz_std": 0.0778069943189621,
    "student_3_robustness/noise_0.0_mean": 2130.099781062412,
    "student_3_robustness/noise_0.0_std": 444.8130884061116,
    "student_4_grad_norm_mean": 0.00021048552298452705,
    "student_4_grad_norm_std": 4.361000537755899e-05,
    "student_4_logit_mean": 1.1743013858795166,
    "student_4_logit_std": 0.2787609100341797,
    "student_4_lipschitz_mean": 0.24280855059623718,
    "student_4_lipschitz_std": 0.08588240295648575,
    "student_4_robustness/noise_0.0_mean": 3392.0101918776263,
    "student_4_robustness/noise_0.0_std": 423.1319375056565,
    "student_5_grad_norm_mean": 0.000157325659529306,
    "student_5_grad_norm_std": 4.5040207623969764e-05,
    "student_5_logit_mean": 1.1682326793670654,
    "student_5_logit_std": 0.2733226716518402,
    "student_5_lipschitz_mean": 0.2163878232240677,
    "student_5_lipschitz_std": 0.08524239808320999,
    "student_5_robustness/noise_0.0_mean": 3231.9615284923707,
    "student_5_robustness/noise_0.0_std": 380.4452022678124,
    "student_6_grad_norm_mean": 0.00012456238619051874,
    "student_6_grad_norm_std": 6.241199298528954e-05,
    "student_6_logit_mean": 1.0585812330245972,
    "student_6_logit_std": 0.28373420238494873,
    "student_6_lipschitz_mean": 0.18319781124591827,
    "student_6_lipschitz_std": 0.10064533352851868,
    "student_6_robustness/noise_0.0_mean": 1142.9537610332306,
    "student_6_robustness/noise_0.0_std": 913.0857741466218,
    "student_7_grad_norm_mean": 0.00021462325821630657,
    "student_7_grad_norm_std": 4.775513298227452e-05,
    "student_7_logit_mean": 1.1769495010375977,
    "student_7_logit_std": 0.2851518988609314,
    "student_7_lipschitz_mean": 0.2554680109024048,
    "student_7_lipschitz_std": 0.09021095931529999,
    "student_7_robustness/noise_0.0_mean": 3489.5167529082332,
    "student_7_robustness/noise_0.0_std": 334.1590209261936,
    "student_8_grad_norm_mean": 0.00019843826885335147,
    "student_8_grad_norm_std": 5.0236700189998373e-05,
    "student_8_logit_mean": 1.1725245714187622,
    "student_8_logit_std": 0.2834489941596985,
    "student_8_lipschitz_mean": 0.25139111280441284,
    "student_8_lipschitz_std": 0.09536954015493393,
    "student_8_robustness/noise_0.0_mean": 3455.433717414128,
    "student_8_robustness/noise_0.0_std": 170.7150422054389,
    "student_9_grad_norm_mean": 0.00015085986524354666,
    "student_9_grad_norm_std": 5.103827788843773e-05,
    "student_9_logit_mean": 1.1635552644729614,
    "student_9_logit_std": 0.2703907787799835,
    "student_9_lipschitz_mean": 0.20808565616607666,
    "student_9_lipschitz_std": 0.09618686884641647,
    "student_9_robustness/noise_0.0_mean": 2914.8629088289595,
    "student_9_robustness/noise_0.0_std": 727.5185362854456,
    "student_10_grad_norm_mean": 0.00021569689852185547,
    "student_10_grad_norm_std": 5.1595790864666924e-05,
    "student_10_logit_mean": 1.1912847757339478,
    "student_10_logit_std": 0.2826330065727234,
    "student_10_lipschitz_mean": 0.25821754336357117,
    "student_10_lipschitz_std": 0.08958426862955093,
    "student_10_robustness/noise_0.0_mean": 3513.93537337357,
    "student_10_robustness/noise_0.0_std": 292.5471068459345,
    "student_11_grad_norm_mean": 0.0002041060506599024,
    "student_11_grad_norm_std": 5.1804552640533075e-05,
    "student_11_logit_mean": 1.1839628219604492,
    "student_11_logit_std": 0.2825433313846588,
    "student_11_lipschitz_mean": 0.254339337348938,
    "student_11_lipschitz_std": 0.09622156620025635,
    "student_11_robustness/noise_0.0_mean": 3412.3466788433248,
    "student_11_robustness/noise_0.0_std": 537.4899389314002,
    "student_12_grad_norm_mean": 0.00018970234668813646,
    "student_12_grad_norm_std": 5.322864672052674e-05,
    "student_12_logit_mean": 1.1758452653884888,
    "student_12_logit_std": 0.2695302367210388,
    "student_12_lipschitz_mean": 0.24155132472515106,
    "student_12_lipschitz_std": 0.09894806146621704,
    "student_12_robustness/noise_0.0_mean": 3467.2065053035935,
    "student_12_robustness/noise_0.0_std": 76.58752681159562,
    "seed": 1
}