{
    "teacher_grad_norm_mean": 0.005207945592701435,
    "teacher_grad_norm_std": 0.0015234961174428463,
    "teacher_logit_mean": 0.710864245891571,
    "teacher_logit_std": 0.5846100449562073,
    "teacher_lipschitz_mean": 4.70681095123291,
    "teacher_lipschitz_std": 3.319582462310791,
    "teacher_robustness/noise_0.0_mean": 500.0,
    "teacher_robustness/noise_0.0_std": 0.0,
    "student_1_grad_norm_mean": 0.0038991770707070827,
    "student_1_grad_norm_std": 0.00019467377569526434,
    "student_1_logit_mean": 0.4988519251346588,
    "student_1_logit_std": 0.39112740755081177,
    "student_1_lipschitz_mean": 3.40478777885437,
    "student_1_lipschitz_std": 2.107293128967285,
    "student_1_robustness/noise_0.0_mean": 500.0,
    "student_1_robustness/noise_0.0_std": 0.0,
    "student_2_grad_norm_mean": 0.0034967942629009485,
    "student_2_grad_norm_std": 0.00015672585868742317,
    "student_2_logit_mean": 0.5233078598976135,
    "student_2_logit_std": 0.3747929334640503,
    "student_2_lipschitz_mean": 3.1089465618133545,
    "student_2_lipschitz_std": 1.909153699874878,
    "student_2_robustness/noise_0.0_mean": 500.0,
    "student_2_robustness/noise_0.0_std": 0.0,
    "student_3_grad_norm_mean": 0.00198990642093122,
    "student_3_grad_norm_std": 0.00014350101992022246,
    "student_3_logit_mean": 0.4353322982788086,
    "student_3_logit_std": 0.28784728050231934,
    "student_3_lipschitz_mean": 1.74184250831604,
    "student_3_lipschitz_std": 1.0877565145492554,
    "student_3_robustness/noise_0.0_mean": 489.68,
    "student_3_robustness/noise_0.0_std": 26.61310955149736,
    "student_4_grad_norm_mean": 0.004614857491105795,
    "student_4_grad_norm_std": 0.0007745733601041138,
    "student_4_logit_mean": 0.6252078413963318,
    "student_4_logit_std": 0.48748746514320374,
    "student_4_lipschitz_mean": 4.020968914031982,
    "student_4_lipschitz_std": 2.5758683681488037,
    "student_4_robustness/noise_0.0_mean": 500.0,
    "student_4_robustness/noise_0.0_std": 0.0,
    "student_5_grad_norm_mean": 0.004441874101758003,
    "student_5_grad_norm_std": 0.0005797683261334896,
    "student_5_logit_mean": 0.5805549025535583,
    "student_5_logit_std": 0.436454713344574,
    "student_5_lipschitz_mean": 3.893523693084717,
    "student_5_lipschitz_std": 2.481306791305542,
    "student_5_robustness/noise_0.0_mean": 500.0,
    "student_5_robustness/noise_0.0_std": 0.0,
    "student_6_grad_norm_mean": 0.004350297152996063,
    "student_6_grad_norm_std": 0.00041693507228046656,
    "student_6_logit_mean": 0.5652927756309509,
    "student_6_logit_std": 0.43785396218299866,
    "student_6_lipschitz_mean": 3.837899684906006,
    "student_6_lipschitz_std": 2.346295118331909,
    "student_6_robustness/noise_0.0_mean": 500.0,
    "student_6_robustness/noise_0.0_std": 0.0,
    "student_7_grad_norm_mean": 0.005023591220378876,
    "student_7_grad_norm_std": 0.0013982995878905058,
    "student_7_logit_mean": 0.6775094270706177,
    "student_7_logit_std": 0.5272353887557983,
    "student_7_lipschitz_mean": 4.531423091888428,
    "student_7_lipschitz_std": 3.1515426635742188,
    "student_7_robustness/noise_0.0_mean": 500.0,
    "student_7_robustness/noise_0.0_std": 0.0,
    "student_8_grad_norm_mean": 0.004918335005640984,
    "student_8_grad_norm_std": 0.0013537706108763814,
    "student_8_logit_mean": 0.6707968711853027,
    "student_8_logit_std": 0.5384917855262756,
    "student_8_lipschitz_mean": 4.338871002197266,
    "student_8_lipschitz_std": 3.0181877613067627,
    "student_8_robustness/noise_0.0_mean": 500.0,
    "student_8_robustness/noise_0.0_std": 0.0,
    "student_9_grad_norm_mean": 0.004866896662861109,
    "student_9_grad_norm_std": 0.0009691229206509888,
    "student_9_logit_mean": 0.6470918655395508,
    "student_9_logit_std": 0.467305064201355,
    "student_9_lipschitz_mean": 4.178257465362549,
    "student_9_lipschitz_std": 2.7938790321350098,
    "student_9_robustness/noise_0.0_mean": 500.0,
    "student_9_robustness/noise_0.0_std": 0.0,
    "student_10_grad_norm_mean": 0.005221901461482048,
    "student_10_grad_norm_std": 0.0014455284690484405,
    "student_10_logit_mean": 0.6998955011367798,
    "student_10_logit_std": 0.5055626034736633,
    "student_10_lipschitz_mean": 4.665711402893066,
    "student_10_lipschitz_std": 3.2958624362945557,
    "student_10_robustness/noise_0.0_mean": 500.0,
    "student_10_robustness/noise_0.0_std": 0.0,
    "student_11_grad_norm_mean": 0.005282922647893429,
    "student_11_grad_norm_std": 0.0014249840751290321,
    "student_11_logit_mean": 0.7162127494812012,
    "student_11_logit_std": 0.5340461730957031,
    "student_11_lipschitz_mean": 4.645422458648682,
    "student_11_lipschitz_std": 3.2445216178894043,
    "student_11_robustness/noise_0.0_mean": 500.0,
    "student_11_robustness/noise_0.0_std": 0.0,
    "student_12_grad_norm_mean": 0.0051423185504972935,
    "student_12_grad_norm_std": 0.0016012488631531596,
    "student_12_logit_mean": 0.7016999125480652,
    "student_12_logit_std": 0.5494050979614258,
    "student_12_lipschitz_mean": 4.677838325500488,
    "student_12_lipschitz_std": 3.2819437980651855,
    "student_12_robustness/noise_0.0_mean": 500.0,
    "student_12_robustness/noise_0.0_std": 0.0,
    "seed": 1
}