{
    "teacher_grad_norm_mean": 0.0003477841382846236,
    "teacher_grad_norm_std": 0.00012623616203200072,
    "teacher_logit_mean": 0.6819526553153992,
    "teacher_logit_std": 0.4226563274860382,
    "teacher_lipschitz_mean": 0.3863247036933899,
    "teacher_lipschitz_std": 0.199554905295372,
    "teacher_robustness/noise_0.0_mean": 582.7427233520608,
    "teacher_robustness/noise_0.0_std": 4.640529981485776,
    "student_1_grad_norm_mean": 0.0003040811570826918,
    "student_1_grad_norm_std": 9.592177229933441e-05,
    "student_1_logit_mean": 0.6750697493553162,
    "student_1_logit_std": 0.4243747591972351,
    "student_1_lipschitz_mean": 0.29573869705200195,
    "student_1_lipschitz_std": 0.14511209726333618,
    "student_1_robustness/noise_0.0_mean": 593.9653101404698,
    "student_1_robustness/noise_0.0_std": 14.46757188330749,
    "student_2_grad_norm_mean": 0.00023315288126468658,
    "student_2_grad_norm_std": 9.750456956680864e-05,
    "student_2_logit_mean": 0.6633104085922241,
    "student_2_logit_std": 0.40297871828079224,
    "student_2_lipschitz_mean": 0.23743940889835358,
    "student_2_lipschitz_std": 0.1232394278049469,
    "student_2_robustness/noise_0.0_mean": 570.5659550116541,
    "student_2_robustness/noise_0.0_std": 3.3080212102564683,
    "student_3_grad_norm_mean": 0.0001737565326038748,
    "student_3_grad_norm_std": 0.00010126562119694427,
    "student_3_logit_mean": 0.6329634785652161,
    "student_3_logit_std": 0.38408470153808594,
    "student_3_lipschitz_mean": 0.15784940123558044,
    "student_3_lipschitz_std": 0.1035054549574852,
    "student_3_robustness/noise_0.0_mean": 445.8785202016054,
    "student_3_robustness/noise_0.0_std": 2.1261180520385294,
    "student_4_grad_norm_mean": 0.00031431892421096563,
    "student_4_grad_norm_std": 9.562055493006483e-05,
    "student_4_logit_mean": 0.6736469864845276,
    "student_4_logit_std": 0.43031227588653564,
    "student_4_lipschitz_mean": 0.34148839116096497,
    "student_4_lipschitz_std": 0.16931834816932678,
    "student_4_robustness/noise_0.0_mean": 626.3630125837856,
    "student_4_robustness/noise_0.0_std": 9.757737504365641,
    "student_5_grad_norm_mean": 0.000315234181471169,
    "student_5_grad_norm_std": 0.00010910055425483733,
    "student_5_logit_mean": 0.6779347062110901,
    "student_5_logit_std": 0.4280790686607361,
    "student_5_lipschitz_mean": 0.3364191949367523,
    "student_5_lipschitz_std": 0.16542910039424896,
    "student_5_robustness/noise_0.0_mean": 622.6805563906887,
    "student_5_robustness/noise_0.0_std": 6.99386069885213,
    "student_6_grad_norm_mean": 0.0002814430044963956,
    "student_6_grad_norm_std": 0.00011985507444478571,
    "student_6_logit_mean": 0.6721186637878418,
    "student_6_logit_std": 0.42678773403167725,
    "student_6_lipschitz_mean": 0.2814200222492218,
    "student_6_lipschitz_std": 0.1632760763168335,
    "student_6_robustness/noise_0.0_mean": 603.4518497451309,
    "student_6_robustness/noise_0.0_std": 16.969513327134198,
    "student_7_grad_norm_mean": 0.0003321240365039557,
    "student_7_grad_norm_std": 0.00010447643580846488,
    "student_7_logit_mean": 0.6776076555252075,
    "student_7_logit_std": 0.4290000796318054,
    "student_7_lipschitz_mean": 0.3684735596179962,
    "student_7_lipschitz_std": 0.19047710299491882,
    "student_7_robustness/noise_0.0_mean": 600.7853489821338,
    "student_7_robustness/noise_0.0_std": 7.756321800976727,
    "student_8_grad_norm_mean": 0.0003280357923358679,
    "student_8_grad_norm_std": 9.945816418621689e-05,
    "student_8_logit_mean": 0.6789812445640564,
    "student_8_logit_std": 0.42414042353630066,
    "student_8_lipschitz_mean": 0.3518632650375366,
    "student_8_lipschitz_std": 0.17797794938087463,
    "student_8_robustness/noise_0.0_mean": 601.244375158645,
    "student_8_robustness/noise_0.0_std": 9.03234580078919,
    "student_9_grad_norm_mean": 0.0002990431967191398,
    "student_9_grad_norm_std": 0.00013399196905083954,
    "student_9_logit_mean": 0.6843308210372925,
    "student_9_logit_std": 0.42958083748817444,
    "student_9_lipschitz_mean": 0.31546705961227417,
    "student_9_lipschitz_std": 0.1909099519252777,
    "student_9_robustness/noise_0.0_mean": 618.6432697426618,
    "student_9_robustness/noise_0.0_std": 9.82443716188268,
    "student_10_grad_norm_mean": 0.00034311218769289553,
    "student_10_grad_norm_std": 0.00012358484673313797,
    "student_10_logit_mean": 0.6813552379608154,
    "student_10_logit_std": 0.42383047938346863,
    "student_10_lipschitz_mean": 0.3695303201675415,
    "student_10_lipschitz_std": 0.1868237555027008,
    "student_10_robustness/noise_0.0_mean": 582.0182406700922,
    "student_10_robustness/noise_0.0_std": 2.6588298802353356,
    "student_11_grad_norm_mean": 0.00033663015346974134,
    "student_11_grad_norm_std": 0.00011615929543040693,
    "student_11_logit_mean": 0.6783492565155029,
    "student_11_logit_std": 0.42901095747947693,
    "student_11_lipschitz_mean": 0.36643970012664795,
    "student_11_lipschitz_std": 0.1831400990486145,
    "student_11_robustness/noise_0.0_mean": 591.1323569720694,
    "student_11_robustness/noise_0.0_std": 4.730973282737998,
    "student_12_grad_norm_mean": 0.0003433709789533168,
    "student_12_grad_norm_std": 0.00011385373363737017,
    "student_12_logit_mean": 0.6812849044799805,
    "student_12_logit_std": 0.42633405327796936,
    "student_12_lipschitz_mean": 0.3577098548412323,
    "student_12_lipschitz_std": 0.18309320509433746,
    "student_12_robustness/noise_0.0_mean": 599.4600523032263,
    "student_12_robustness/noise_0.0_std": 6.1145253352084215,
    "seed": 2
}