{
    "teacher_grad_norm_mean": 0.0005539332050830126,
    "teacher_grad_norm_std": 0.00014699643361382186,
    "teacher_logit_mean": 1.7816914319992065,
    "teacher_logit_std": 0.5619240999221802,
    "teacher_lipschitz_mean": 0.5623507499694824,
    "teacher_lipschitz_std": 0.21310068666934967,
    "teacher_robustness/noise_0.0_mean": 1404.4558024631408,
    "teacher_robustness/noise_0.0_std": 16.294499997594343,
    "student_1_grad_norm_mean": 0.0003316133515909314,
    "student_1_grad_norm_std": 7.845151412766427e-05,
    "student_1_logit_mean": 1.4091061353683472,
    "student_1_logit_std": 0.45710840821266174,
    "student_1_lipschitz_mean": 0.38165488839149475,
    "student_1_lipschitz_std": 0.14863653481006622,
    "student_1_robustness/noise_0.0_mean": -183.29742425038734,
    "student_1_robustness/noise_0.0_std": 0.8870652825944365,
    "student_2_grad_norm_mean": 0.00032178882975131273,
    "student_2_grad_norm_std": 0.00011622830061241984,
    "student_2_logit_mean": 1.3795000314712524,
    "student_2_logit_std": 0.3714565336704254,
    "student_2_lipschitz_mean": 0.38653817772865295,
    "student_2_lipschitz_std": 0.1785372793674469,
    "student_2_robustness/noise_0.0_mean": -188.703079158005,
    "student_2_robustness/noise_0.0_std": 17.89382890402416,
    "student_3_grad_norm_mean": 0.00032404065132141113,
    "student_3_grad_norm_std": 0.0001408904354320839,
    "student_3_logit_mean": 1.035537838935852,
    "student_3_logit_std": 0.2812042534351349,
    "student_3_lipschitz_mean": 0.31108081340789795,
    "student_3_lipschitz_std": 0.16852082312107086,
    "student_3_robustness/noise_0.0_mean": -221.64791846582852,
    "student_3_robustness/noise_0.0_std": 2.2976801040319117,
    "student_4_grad_norm_mean": 0.0003834970702882856,
    "student_4_grad_norm_std": 7.401010225294158e-05,
    "student_4_logit_mean": 1.3766920566558838,
    "student_4_logit_std": 0.5172019004821777,
    "student_4_lipschitz_mean": 0.39089712500572205,
    "student_4_lipschitz_std": 0.15021561086177826,
    "student_4_robustness/noise_0.0_mean": -314.83875619482217,
    "student_4_robustness/noise_0.0_std": 2.67105287635592,
    "student_5_grad_norm_mean": 0.0003374699444975704,
    "student_5_grad_norm_std": 9.033112291945145e-05,
    "student_5_logit_mean": 1.3606406450271606,
    "student_5_logit_std": 0.47393739223480225,
    "student_5_lipschitz_mean": 0.37462127208709717,
    "student_5_lipschitz_std": 0.15172742307186127,
    "student_5_robustness/noise_0.0_mean": -327.0374634614407,
    "student_5_robustness/noise_0.0_std": 1.4370901663989701,
    "student_6_grad_norm_mean": 0.00029438844649121165,
    "student_6_grad_norm_std": 0.0001357625878881663,
    "student_6_logit_mean": 1.3851580619812012,
    "student_6_logit_std": 0.38348522782325745,
    "student_6_lipschitz_mean": 0.3980313539505005,
    "student_6_lipschitz_std": 0.19660145044326782,
    "student_6_robustness/noise_0.0_mean": -297.20066380666356,
    "student_6_robustness/noise_0.0_std": 1.7229389776465414,
    "student_7_grad_norm_mean": 0.00041520537342876196,
    "student_7_grad_norm_std": 8.072552736848593e-05,
    "student_7_logit_mean": 1.4610216617584229,
    "student_7_logit_std": 0.5208934545516968,
    "student_7_lipschitz_mean": 0.4166892468929291,
    "student_7_lipschitz_std": 0.15158569812774658,
    "student_7_robustness/noise_0.0_mean": -362.2895651492633,
    "student_7_robustness/noise_0.0_std": 2.05575804790736,
    "student_8_grad_norm_mean": 0.00037311617052182555,
    "student_8_grad_norm_std": 7.216703670565039e-05,
    "student_8_logit_mean": 1.4343913793563843,
    "student_8_logit_std": 0.4658544063568115,
    "student_8_lipschitz_mean": 0.39403605461120605,
    "student_8_lipschitz_std": 0.14869430661201477,
    "student_8_robustness/noise_0.0_mean": -318.2581169354415,
    "student_8_robustness/noise_0.0_std": 2.3873691349077886,
    "student_9_grad_norm_mean": 0.00030855750082992017,
    "student_9_grad_norm_std": 8.357242768397555e-05,
    "student_9_logit_mean": 1.3165541887283325,
    "student_9_logit_std": 0.4743313193321228,
    "student_9_lipschitz_mean": 0.34355029463768005,
    "student_9_lipschitz_std": 0.1282375305891037,
    "student_9_robustness/noise_0.0_mean": -156.8996674495118,
    "student_9_robustness/noise_0.0_std": 22.299577694565397,
    "student_10_grad_norm_mean": 0.00044210522901266813,
    "student_10_grad_norm_std": 9.513960685580969e-05,
    "student_10_logit_mean": 1.6434180736541748,
    "student_10_logit_std": 0.5640259385108948,
    "student_10_lipschitz_mean": 0.4562136232852936,
    "student_10_lipschitz_std": 0.16805601119995117,
    "student_10_robustness/noise_0.0_mean": -269.5623930619985,
    "student_10_robustness/noise_0.0_std": 351.7779165035131,
    "student_11_grad_norm_mean": 0.0003882198652718216,
    "student_11_grad_norm_std": 5.5423970479751006e-05,
    "student_11_logit_mean": 1.4117275476455688,
    "student_11_logit_std": 0.5434962511062622,
    "student_11_lipschitz_mean": 0.3884403109550476,
    "student_11_lipschitz_std": 0.1399846076965332,
    "student_11_robustness/noise_0.0_mean": -347.65169143433684,
    "student_11_robustness/noise_0.0_std": 1.2636833859004972,
    "student_12_grad_norm_mean": 0.00033792288741096854,
    "student_12_grad_norm_std": 6.295218190643936e-05,
    "student_12_logit_mean": 1.3291875123977661,
    "student_12_logit_std": 0.4693034887313843,
    "student_12_lipschitz_mean": 0.35210105776786804,
    "student_12_lipschitz_std": 0.12806114554405212,
    "student_12_robustness/noise_0.0_mean": -307.26592860095064,
    "student_12_robustness/noise_0.0_std": 2.091529527901444,
    "seed": 0
}