{
    "teacher_grad_norm_mean": 0.0008216614951379597,
    "teacher_grad_norm_std": 0.00030522921588271856,
    "teacher_logit_mean": 1.6637978553771973,
    "teacher_logit_std": 0.9987795948982239,
    "teacher_lipschitz_mean": 0.8198685646057129,
    "teacher_lipschitz_std": 0.4021514058113098,
    "teacher_robustness/noise_0.0_mean": 3325.7559782774497,
    "teacher_robustness/noise_0.0_std": 2.4830488100161343,
    "student_1_grad_norm_mean": 0.000563489506021142,
    "student_1_grad_norm_std": 0.0001527284475741908,
    "student_1_logit_mean": 1.5947661399841309,
    "student_1_logit_std": 1.0026663541793823,
    "student_1_lipschitz_mean": 0.49385005235671997,
    "student_1_lipschitz_std": 0.2616002857685089,
    "student_1_robustness/noise_0.0_mean": 922.4808231939513,
    "student_1_robustness/noise_0.0_std": 18.742751933070274,
    "student_2_grad_norm_mean": 0.0004929952556267381,
    "student_2_grad_norm_std": 0.00018998670566361398,
    "student_2_logit_mean": 1.5366849899291992,
    "student_2_logit_std": 0.9335315823554993,
    "student_2_lipschitz_mean": 0.4113038182258606,
    "student_2_lipschitz_std": 0.26150843501091003,
    "student_2_robustness/noise_0.0_mean": 54.959230350260704,
    "student_2_robustness/noise_0.0_std": 0.8272216641469052,
    "student_3_grad_norm_mean": 0.00029869505669921637,
    "student_3_grad_norm_std": 0.00017565075540915132,
    "student_3_logit_mean": 1.2707505226135254,
    "student_3_logit_std": 0.6642940044403076,
    "student_3_lipschitz_mean": 0.21410438418388367,
    "student_3_lipschitz_std": 0.19490422308444977,
    "student_3_robustness/noise_0.0_mean": 51.25435167117316,
    "student_3_robustness/noise_0.0_std": 0.9901496275700681,
    "student_4_grad_norm_mean": 0.0007241733837872744,
    "student_4_grad_norm_std": 0.00027109714574180543,
    "student_4_logit_mean": 1.6423089504241943,
    "student_4_logit_std": 1.0051581859588623,
    "student_4_lipschitz_mean": 0.6886297464370728,
    "student_4_lipschitz_std": 0.34466037154197693,
    "student_4_robustness/noise_0.0_mean": 1493.8802858656763,
    "student_4_robustness/noise_0.0_std": 910.5864661691704,
    "student_5_grad_norm_mean": 0.0006146586965769529,
    "student_5_grad_norm_std": 0.00021527228818740696,
    "student_5_logit_mean": 1.6371480226516724,
    "student_5_logit_std": 1.0116503238677979,
    "student_5_lipschitz_mean": 0.6089268922805786,
    "student_5_lipschitz_std": 0.32617273926734924,
    "student_5_robustness/noise_0.0_mean": 599.4056908487123,
    "student_5_robustness/noise_0.0_std": 271.65496754967137,
    "student_6_grad_norm_mean": 0.0005685662617906928,
    "student_6_grad_norm_std": 0.00022016004368197173,
    "student_6_logit_mean": 1.603556752204895,
    "student_6_logit_std": 0.9782013893127441,
    "student_6_lipschitz_mean": 0.5528103709220886,
    "student_6_lipschitz_std": 0.3292399048805237,
    "student_6_robustness/noise_0.0_mean": 1493.6417390873553,
    "student_6_robustness/noise_0.0_std": 259.3622080243497,
    "student_7_grad_norm_mean": 0.000785662850830704,
    "student_7_grad_norm_std": 0.00027909575146622956,
    "student_7_logit_mean": 1.6501917839050293,
    "student_7_logit_std": 1.0038074254989624,
    "student_7_lipschitz_mean": 0.7662432193756104,
    "student_7_lipschitz_std": 0.36612486839294434,
    "student_7_robustness/noise_0.0_mean": 1191.739138930963,
    "student_7_robustness/noise_0.0_std": 454.2055258547838,
    "student_8_grad_norm_mean": 0.0007471424760296941,
    "student_8_grad_norm_std": 0.0002902862324845046,
    "student_8_logit_mean": 1.6425942182540894,
    "student_8_logit_std": 1.0140563249588013,
    "student_8_lipschitz_mean": 0.733173668384552,
    "student_8_lipschitz_std": 0.3930244445800781,
    "student_8_robustness/noise_0.0_mean": 878.5787194755969,
    "student_8_robustness/noise_0.0_std": 60.86709405781172,
    "student_9_grad_norm_mean": 0.0006327649462036788,
    "student_9_grad_norm_std": 0.0002886932634282857,
    "student_9_logit_mean": 1.627055048942566,
    "student_9_logit_std": 0.9928422570228577,
    "student_9_lipschitz_mean": 0.6490465998649597,
    "student_9_lipschitz_std": 0.3740667700767517,
    "student_9_robustness/noise_0.0_mean": 851.7078156801492,
    "student_9_robustness/noise_0.0_std": 42.055392145871956,
    "student_10_grad_norm_mean": 0.00080200465163216,
    "student_10_grad_norm_std": 0.0002905232540797442,
    "student_10_logit_mean": 1.6695553064346313,
    "student_10_logit_std": 1.0021800994873047,
    "student_10_lipschitz_mean": 0.7970852851867676,
    "student_10_lipschitz_std": 0.3897673487663269,
    "student_10_robustness/noise_0.0_mean": 3040.5811827716975,
    "student_10_robustness/noise_0.0_std": 702.6314764538879,
    "student_11_grad_norm_mean": 0.0007773329271003604,
    "student_11_grad_norm_std": 0.00030368214356712997,
    "student_11_logit_mean": 1.6554776430130005,
    "student_11_logit_std": 0.9951226115226746,
    "student_11_lipschitz_mean": 0.7775937914848328,
    "student_11_lipschitz_std": 0.4064064025878906,
    "student_11_robustness/noise_0.0_mean": 2034.1456646626518,
    "student_11_robustness/noise_0.0_std": 842.1974323008412,
    "student_12_grad_norm_mean": 0.0007321519660763443,
    "student_12_grad_norm_std": 0.00026022124802693725,
    "student_12_logit_mean": 1.6357839107513428,
    "student_12_logit_std": 1.0089939832687378,
    "student_12_lipschitz_mean": 0.6902952790260315,
    "student_12_lipschitz_std": 0.35712292790412903,
    "student_12_robustness/noise_0.0_mean": 1681.6927555769735,
    "student_12_robustness/noise_0.0_std": 649.9844032323139,
    "seed": 219504
}