{
    "teacher_grad_norm_mean": 0.0016445275396108627,
    "teacher_grad_norm_std": 0.00046066928189247847,
    "teacher_logit_mean": 5.7090864181518555,
    "teacher_logit_std": 1.5803838968276978,
    "teacher_lipschitz_mean": 0.8921415209770203,
    "teacher_lipschitz_std": 0.34048399329185486,
    "teacher_robustness/noise_0.0_mean": -16.130077799294256,
    "teacher_robustness/noise_0.0_std": 40.87080969691286,
    "student_1_grad_norm_mean": 0.000747180893085897,
    "student_1_grad_norm_std": 0.00032952422043308616,
    "student_1_logit_mean": 4.6690568923950195,
    "student_1_logit_std": 0.9933034181594849,
    "student_1_lipschitz_mean": 0.5148528218269348,
    "student_1_lipschitz_std": 0.23340000212192535,
    "student_1_robustness/noise_0.0_mean": -45.71755229887769,
    "student_1_robustness/noise_0.0_std": 227.84364909904912,
    "student_2_grad_norm_mean": 0.0005368987331166863,
    "student_2_grad_norm_std": 0.00022070476552471519,
    "student_2_logit_mean": 3.524191379547119,
    "student_2_logit_std": 0.8440209031105042,
    "student_2_lipschitz_mean": 0.29570209980010986,
    "student_2_lipschitz_std": 0.16629581153392792,
    "student_2_robustness/noise_0.0_mean": -16.538624555245942,
    "student_2_robustness/noise_0.0_std": 14.959467023883603,
    "student_3_grad_norm_mean": 0.0005008956068195403,
    "student_3_grad_norm_std": 0.0003034785622730851,
    "student_3_logit_mean": 2.2374701499938965,
    "student_3_logit_std": 0.8091830015182495,
    "student_3_lipschitz_mean": 0.16473808884620667,
    "student_3_lipschitz_std": 0.128469780087471,
    "student_3_robustness/noise_0.0_mean": -9.825848012750168,
    "student_3_robustness/noise_0.0_std": 17.822523851454367,
    "student_4_grad_norm_mean": 0.001183762913569808,
    "student_4_grad_norm_std": 0.0004223679134156555,
    "student_4_logit_mean": 5.264387607574463,
    "student_4_logit_std": 1.43234121799469,
    "student_4_lipschitz_mean": 0.6985262036323547,
    "student_4_lipschitz_std": 0.27548763155937195,
    "student_4_robustness/noise_0.0_mean": -47.579722591466506,
    "student_4_robustness/noise_0.0_std": 226.0805070174509,
    "student_5_grad_norm_mean": 0.0009279799996875226,
    "student_5_grad_norm_std": 0.0003929541853722185,
    "student_5_logit_mean": 5.031436920166016,
    "student_5_logit_std": 1.065423846244812,
    "student_5_lipschitz_mean": 0.6374371647834778,
    "student_5_lipschitz_std": 0.28829026222229004,
    "student_5_robustness/noise_0.0_mean": -29.987764398665316,
    "student_5_robustness/noise_0.0_std": 177.07959970641656,
    "student_6_grad_norm_mean": 0.0007665847078897059,
    "student_6_grad_norm_std": 0.0003571220731828362,
    "student_6_logit_mean": 4.0666704177856445,
    "student_6_logit_std": 0.8727849721908569,
    "student_6_lipschitz_mean": 0.488630473613739,
    "student_6_lipschitz_std": 0.27197468280792236,
    "student_6_robustness/noise_0.0_mean": -28.685178998478236,
    "student_6_robustness/noise_0.0_std": 150.46106122652532,
    "student_7_grad_norm_mean": 0.0013243196299299598,
    "student_7_grad_norm_std": 0.00041232394869439304,
    "student_7_logit_mean": 5.400263786315918,
    "student_7_logit_std": 1.4637805223464966,
    "student_7_lipschitz_mean": 0.7330650091171265,
    "student_7_lipschitz_std": 0.2791772186756134,
    "student_7_robustness/noise_0.0_mean": -13.223315616968302,
    "student_7_robustness/noise_0.0_std": 14.131848761960663,
    "student_8_grad_norm_mean": 0.0012126279762014747,
    "student_8_grad_norm_std": 0.0004452754510566592,
    "student_8_logit_mean": 5.296957969665527,
    "student_8_logit_std": 1.3469234704971313,
    "student_8_lipschitz_mean": 0.7079527378082275,
    "student_8_lipschitz_std": 0.2903144061565399,
    "student_8_robustness/noise_0.0_mean": -12.721882995138877,
    "student_8_robustness/noise_0.0_std": 11.013164134741636,
    "student_9_grad_norm_mean": 0.0009875582763925195,
    "student_9_grad_norm_std": 0.00038957479409873486,
    "student_9_logit_mean": 4.920870304107666,
    "student_9_logit_std": 1.0749058723449707,
    "student_9_lipschitz_mean": 0.6426041722297668,
    "student_9_lipschitz_std": 0.2953139841556549,
    "student_9_robustness/noise_0.0_mean": -29.690679224329525,
    "student_9_robustness/noise_0.0_std": 160.9898336948839,
    "student_10_grad_norm_mean": 0.0013888680841773748,
    "student_10_grad_norm_std": 0.00039451124030165374,
    "student_10_logit_mean": 5.59722375869751,
    "student_10_logit_std": 1.5038009881973267,
    "student_10_lipschitz_mean": 0.7675676941871643,
    "student_10_lipschitz_std": 0.29109492897987366,
    "student_10_robustness/noise_0.0_mean": -15.549443191777764,
    "student_10_robustness/noise_0.0_std": 35.25289038293548,
    "student_11_grad_norm_mean": 0.001346966833807528,
    "student_11_grad_norm_std": 0.0004083895473740995,
    "student_11_logit_mean": 5.472362518310547,
    "student_11_logit_std": 1.4473340511322021,
    "student_11_lipschitz_mean": 0.7555637359619141,
    "student_11_lipschitz_std": 0.2874041199684143,
    "student_11_robustness/noise_0.0_mean": -13.541145205477157,
    "student_11_robustness/noise_0.0_std": 15.544657528171108,
    "student_12_grad_norm_mean": 0.0011024122359231114,
    "student_12_grad_norm_std": 0.0003722671535797417,
    "student_12_logit_mean": 4.951137065887451,
    "student_12_logit_std": 1.218546748161316,
    "student_12_lipschitz_mean": 0.6972167491912842,
    "student_12_lipschitz_std": 0.28382593393325806,
    "student_12_robustness/noise_0.0_mean": -19.17813352289002,
    "student_12_robustness/noise_0.0_std": 74.43306827063141,
    "seed": 69557
}