{
    "teacher_grad_norm_mean": 0.0016467804089188576,
    "teacher_grad_norm_std": 0.0005031872424297035,
    "teacher_logit_mean": 5.619390964508057,
    "teacher_logit_std": 1.3431625366210938,
    "teacher_lipschitz_mean": 0.9013137817382812,
    "teacher_lipschitz_std": 0.3575589954853058,
    "teacher_robustness/noise_0.0_mean": -10.741905786493362,
    "teacher_robustness/noise_0.0_std": 8.510176904500897,
    "student_1_grad_norm_mean": 0.0007890474516898394,
    "student_1_grad_norm_std": 0.00028378693968988955,
    "student_1_logit_mean": 4.804208278656006,
    "student_1_logit_std": 0.9738767147064209,
    "student_1_lipschitz_mean": 0.4933498501777649,
    "student_1_lipschitz_std": 0.23154707252979279,
    "student_1_robustness/noise_0.0_mean": -12.155570748096482,
    "student_1_robustness/noise_0.0_std": 11.712793298826819,
    "student_2_grad_norm_mean": 0.0005574932438321412,
    "student_2_grad_norm_std": 0.00026642935699783266,
    "student_2_logit_mean": 3.9599642753601074,
    "student_2_logit_std": 0.8367343544960022,
    "student_2_lipschitz_mean": 0.2762601673603058,
    "student_2_lipschitz_std": 0.1848740577697754,
    "student_2_robustness/noise_0.0_mean": -10.206288180831478,
    "student_2_robustness/noise_0.0_std": 9.652627759466123,
    "student_3_grad_norm_mean": 0.00034420855809003115,
    "student_3_grad_norm_std": 0.0002642492763698101,
    "student_3_logit_mean": 2.651926040649414,
    "student_3_logit_std": 0.6523793339729309,
    "student_3_lipschitz_mean": 0.11945900321006775,
    "student_3_lipschitz_std": 0.11881863325834274,
    "student_3_robustness/noise_0.0_mean": -11.445265910084323,
    "student_3_robustness/noise_0.0_std": 20.647570170398858,
    "student_4_grad_norm_mean": 0.0011339324992150068,
    "student_4_grad_norm_std": 0.00036547574563883245,
    "student_4_logit_mean": 5.319169998168945,
    "student_4_logit_std": 1.2416284084320068,
    "student_4_lipschitz_mean": 0.6795163750648499,
    "student_4_lipschitz_std": 0.264783650636673,
    "student_4_robustness/noise_0.0_mean": -11.271712211028287,
    "student_4_robustness/noise_0.0_std": 12.379364789996536,
    "student_5_grad_norm_mean": 0.0008551888749934733,
    "student_5_grad_norm_std": 0.0003741355030797422,
    "student_5_logit_mean": 4.965010643005371,
    "student_5_logit_std": 0.9522640705108643,
    "student_5_lipschitz_mean": 0.5766331553459167,
    "student_5_lipschitz_std": 0.26491299271583557,
    "student_5_robustness/noise_0.0_mean": -11.470782893758729,
    "student_5_robustness/noise_0.0_std": 10.088072243213727,
    "student_6_grad_norm_mean": 0.0007922700024209917,
    "student_6_grad_norm_std": 0.00031268325983546674,
    "student_6_logit_mean": 4.475971698760986,
    "student_6_logit_std": 0.8730872869491577,
    "student_6_lipschitz_mean": 0.46056222915649414,
    "student_6_lipschitz_std": 0.25904324650764465,
    "student_6_robustness/noise_0.0_mean": -8.773757049677425,
    "student_6_robustness/noise_0.0_std": 7.844197537169169,
    "student_7_grad_norm_mean": 0.001266203005798161,
    "student_7_grad_norm_std": 0.0003717408108059317,
    "student_7_logit_mean": 5.339371681213379,
    "student_7_logit_std": 1.2620375156402588,
    "student_7_lipschitz_mean": 0.715233564376831,
    "student_7_lipschitz_std": 0.27281707525253296,
    "student_7_robustness/noise_0.0_mean": -10.388695332272198,
    "student_7_robustness/noise_0.0_std": 11.158820702367986,
    "student_8_grad_norm_mean": 0.0011319097829982638,
    "student_8_grad_norm_std": 0.0003631996223703027,
    "student_8_logit_mean": 5.252851963043213,
    "student_8_logit_std": 1.1465643644332886,
    "student_8_lipschitz_mean": 0.7047157287597656,
    "student_8_lipschitz_std": 0.2838790714740753,
    "student_8_robustness/noise_0.0_mean": -10.299248328942399,
    "student_8_robustness/noise_0.0_std": 8.304795025608534,
    "student_9_grad_norm_mean": 0.0009139101020991802,
    "student_9_grad_norm_std": 0.00037847040221095085,
    "student_9_logit_mean": 4.966696262359619,
    "student_9_logit_std": 0.9552477598190308,
    "student_9_lipschitz_mean": 0.5952618718147278,
    "student_9_lipschitz_std": 0.2830498218536377,
    "student_9_robustness/noise_0.0_mean": -11.00530698232217,
    "student_9_robustness/noise_0.0_std": 9.341838066312773,
    "student_10_grad_norm_mean": 0.0013657909585162997,
    "student_10_grad_norm_std": 0.0004049123381264508,
    "student_10_logit_mean": 5.448791027069092,
    "student_10_logit_std": 1.3154072761535645,
    "student_10_lipschitz_mean": 0.7520276308059692,
    "student_10_lipschitz_std": 0.2883821129798889,
    "student_10_robustness/noise_0.0_mean": -9.152175110877705,
    "student_10_robustness/noise_0.0_std": 8.571639524200013,
    "student_11_grad_norm_mean": 0.0012656537583097816,
    "student_11_grad_norm_std": 0.0003657265333458781,
    "student_11_logit_mean": 5.348410606384277,
    "student_11_logit_std": 1.285811185836792,
    "student_11_lipschitz_mean": 0.7262289524078369,
    "student_11_lipschitz_std": 0.2800605595111847,
    "student_11_robustness/noise_0.0_mean": -11.401344630305598,
    "student_11_robustness/noise_0.0_std": 11.84851753074238,
    "student_12_grad_norm_mean": 0.0011185500770807266,
    "student_12_grad_norm_std": 0.000320963270496577,
    "student_12_logit_mean": 5.206138610839844,
    "student_12_logit_std": 1.1211451292037964,
    "student_12_lipschitz_mean": 0.659101128578186,
    "student_12_lipschitz_std": 0.26153212785720825,
    "student_12_robustness/noise_0.0_mean": -10.862809946301354,
    "student_12_robustness/noise_0.0_std": 10.38371516284384,
    "seed": 974748
}