{
    "teacher_grad_norm_mean": 0.007479124702513218,
    "teacher_grad_norm_std": 0.0026802439242601395,
    "teacher_logit_mean": 0.6034427881240845,
    "teacher_logit_std": 0.41966766119003296,
    "teacher_lipschitz_mean": 5.6123151779174805,
    "teacher_lipschitz_std": 2.7405428886413574,
    "teacher_robustness/noise_0.0_mean": -111.99233695711614,
    "teacher_robustness/noise_0.0_std": 63.372261127252884,
    "student_1_grad_norm_mean": 0.007400794420391321,
    "student_1_grad_norm_std": 0.0029177614487707615,
    "student_1_logit_mean": 0.6167628169059753,
    "student_1_logit_std": 0.40278175473213196,
    "student_1_lipschitz_mean": 5.464212894439697,
    "student_1_lipschitz_std": 2.566030979156494,
    "student_1_robustness/noise_0.0_mean": -118.88658904780945,
    "student_1_robustness/noise_0.0_std": 64.1982036627808,
    "student_2_grad_norm_mean": 0.0072110965847969055,
    "student_2_grad_norm_std": 0.002552457619458437,
    "student_2_logit_mean": 0.629180371761322,
    "student_2_logit_std": 0.3036772906780243,
    "student_2_lipschitz_mean": 5.572683334350586,
    "student_2_lipschitz_std": 2.48510479927063,
    "student_2_robustness/noise_0.0_mean": -118.51100545630628,
    "student_2_robustness/noise_0.0_std": 62.06474180389809,
    "student_3_grad_norm_mean": 0.007355864159762859,
    "student_3_grad_norm_std": 0.0027238342445343733,
    "student_3_logit_mean": 0.8159756064414978,
    "student_3_logit_std": 0.3937862813472748,
    "student_3_lipschitz_mean": 5.496507167816162,
    "student_3_lipschitz_std": 2.8303415775299072,
    "student_3_robustness/noise_0.0_mean": -140.1215526376864,
    "student_3_robustness/noise_0.0_std": 55.68457141723961,
    "student_4_grad_norm_mean": 0.006433691829442978,
    "student_4_grad_norm_std": 0.0027818528469651937,
    "student_4_logit_mean": 0.937881350517273,
    "student_4_logit_std": 0.4789161682128906,
    "student_4_lipschitz_mean": 5.807964324951172,
    "student_4_lipschitz_std": 2.78812837600708,
    "student_4_robustness/noise_0.0_mean": -111.65682344766218,
    "student_4_robustness/noise_0.0_std": 59.87481716991495,
    "student_5_grad_norm_mean": 0.007528046146035194,
    "student_5_grad_norm_std": 0.0025260220281779766,
    "student_5_logit_mean": 0.6335775852203369,
    "student_5_logit_std": 0.5200992822647095,
    "student_5_lipschitz_mean": 5.381500720977783,
    "student_5_lipschitz_std": 2.5548105239868164,
    "student_5_robustness/noise_0.0_mean": -116.27480076616953,
    "student_5_robustness/noise_0.0_std": 60.15834248944282,
    "student_6_grad_norm_mean": 0.005564745049923658,
    "student_6_grad_norm_std": 0.0017358760815113783,
    "student_6_logit_mean": 0.9786056280136108,
    "student_6_logit_std": 0.361379474401474,
    "student_6_lipschitz_mean": 5.930681228637695,
    "student_6_lipschitz_std": 2.8305747509002686,
    "student_6_robustness/noise_0.0_mean": -131.2703962104955,
    "student_6_robustness/noise_0.0_std": 62.453546564270255,
    "student_7_grad_norm_mean": 0.007271481212228537,
    "student_7_grad_norm_std": 0.0028680695686489344,
    "student_7_logit_mean": 0.745067298412323,
    "student_7_logit_std": 0.45460715889930725,
    "student_7_lipschitz_mean": 5.59937047958374,
    "student_7_lipschitz_std": 2.682384967803955,
    "student_7_robustness/noise_0.0_mean": -111.40770285550077,
    "student_7_robustness/noise_0.0_std": 54.653645841442895,
    "student_8_grad_norm_mean": 0.006760928314179182,
    "student_8_grad_norm_std": 0.00211844383738935,
    "student_8_logit_mean": 0.5931808948516846,
    "student_8_logit_std": 0.3299868404865265,
    "student_8_lipschitz_mean": 5.274954795837402,
    "student_8_lipschitz_std": 2.5051231384277344,
    "student_8_robustness/noise_0.0_mean": -107.29526647212526,
    "student_8_robustness/noise_0.0_std": 60.770651004638246,
    "student_9_grad_norm_mean": 0.008037316612899303,
    "student_9_grad_norm_std": 0.002725829603150487,
    "student_9_logit_mean": 0.7185240983963013,
    "student_9_logit_std": 0.595108151435852,
    "student_9_lipschitz_mean": 5.269104957580566,
    "student_9_lipschitz_std": 2.4308793544769287,
    "student_9_robustness/noise_0.0_mean": -120.24020191456269,
    "student_9_robustness/noise_0.0_std": 60.897970890421774,
    "student_10_grad_norm_mean": 0.007742622867226601,
    "student_10_grad_norm_std": 0.002706086030229926,
    "student_10_logit_mean": 0.6304575800895691,
    "student_10_logit_std": 0.32986122369766235,
    "student_10_lipschitz_mean": 5.519771099090576,
    "student_10_lipschitz_std": 2.591588258743286,
    "student_10_robustness/noise_0.0_mean": -106.5748549986504,
    "student_10_robustness/noise_0.0_std": 57.46482086342545,
    "student_11_grad_norm_mean": 0.007501343730837107,
    "student_11_grad_norm_std": 0.002487463178113103,
    "student_11_logit_mean": 0.9151260852813721,
    "student_11_logit_std": 0.7650023698806763,
    "student_11_lipschitz_mean": 5.215680122375488,
    "student_11_lipschitz_std": 2.4324700832366943,
    "student_11_robustness/noise_0.0_mean": -110.315108546497,
    "student_11_robustness/noise_0.0_std": 62.996627857171354,
    "student_12_grad_norm_mean": 0.005862631369382143,
    "student_12_grad_norm_std": 0.0021841477137058973,
    "student_12_logit_mean": 1.148229956626892,
    "student_12_logit_std": 0.7960349917411804,
    "student_12_lipschitz_mean": 5.695176601409912,
    "student_12_lipschitz_std": 2.7652056217193604,
    "student_12_robustness/noise_0.0_mean": -115.88765847923202,
    "student_12_robustness/noise_0.0_std": 63.66462914552919,
    "seed": 629921
}