{
    "teacher_grad_norm_mean": 0.0008574724779464304,
    "teacher_grad_norm_std": 0.00030709136626683176,
    "teacher_logit_mean": 1.00165593624115,
    "teacher_logit_std": 0.6698254942893982,
    "teacher_lipschitz_mean": 0.8970045447349548,
    "teacher_lipschitz_std": 0.429362952709198,
    "teacher_robustness/noise_0.0_mean": 492.55709933228246,
    "teacher_robustness/noise_0.0_std": 1.7543988262899857,
    "student_1_grad_norm_mean": 0.0006249280413612723,
    "student_1_grad_norm_std": 0.00019039153994526714,
    "student_1_logit_mean": 0.9133179783821106,
    "student_1_logit_std": 0.6889621019363403,
    "student_1_lipschitz_mean": 0.6328880786895752,
    "student_1_lipschitz_std": 0.298505038022995,
    "student_1_robustness/noise_0.0_mean": 426.4854836356191,
    "student_1_robustness/noise_0.0_std": 5.271356927079596,
    "student_2_grad_norm_mean": 0.0005057764938101172,
    "student_2_grad_norm_std": 0.00019941656501032412,
    "student_2_logit_mean": 0.8617962002754211,
    "student_2_logit_std": 0.5913236141204834,
    "student_2_lipschitz_mean": 0.48543697595596313,
    "student_2_lipschitz_std": 0.26930001378059387,
    "student_2_robustness/noise_0.0_mean": 586.5077435325079,
    "student_2_robustness/noise_0.0_std": 19.715368967681837,
    "student_3_grad_norm_mean": 0.0002464718709234148,
    "student_3_grad_norm_std": 0.00012067307397956029,
    "student_3_logit_mean": 0.7281123995780945,
    "student_3_logit_std": 0.3624114692211151,
    "student_3_lipschitz_mean": 0.23414817452430725,
    "student_3_lipschitz_std": 0.1308005154132843,
    "student_3_robustness/noise_0.0_mean": 421.03673041934593,
    "student_3_robustness/noise_0.0_std": 3.8906595825665984,
    "student_4_grad_norm_mean": 0.0007933616871014237,
    "student_4_grad_norm_std": 0.00022608001017943025,
    "student_4_logit_mean": 0.9866423606872559,
    "student_4_logit_std": 0.6668030023574829,
    "student_4_lipschitz_mean": 0.8156276941299438,
    "student_4_lipschitz_std": 0.39157354831695557,
    "student_4_robustness/noise_0.0_mean": 482.581453571715,
    "student_4_robustness/noise_0.0_std": 5.001193637298961,
    "student_5_grad_norm_mean": 0.0007573242182843387,
    "student_5_grad_norm_std": 0.00023677408171352,
    "student_5_logit_mean": 0.9733204245567322,
    "student_5_logit_std": 0.6756331920623779,
    "student_5_lipschitz_mean": 0.7671616077423096,
    "student_5_lipschitz_std": 0.36245855689048767,
    "student_5_robustness/noise_0.0_mean": 479.088662527968,
    "student_5_robustness/noise_0.0_std": 24.79325879442739,
    "student_6_grad_norm_mean": 0.000635498552583158,
    "student_6_grad_norm_std": 0.0002357237972319126,
    "student_6_logit_mean": 0.9438201189041138,
    "student_6_logit_std": 0.6581732034683228,
    "student_6_lipschitz_mean": 0.6061031818389893,
    "student_6_lipschitz_std": 0.3249147832393646,
    "student_6_robustness/noise_0.0_mean": 406.6536646586761,
    "student_6_robustness/noise_0.0_std": 4.486207205888758,
    "student_7_grad_norm_mean": 0.0008211046806536615,
    "student_7_grad_norm_std": 0.0002757113252300769,
    "student_7_logit_mean": 0.9932394027709961,
    "student_7_logit_std": 0.6713244915008545,
    "student_7_lipschitz_mean": 0.846358060836792,
    "student_7_lipschitz_std": 0.4204231798648834,
    "student_7_robustness/noise_0.0_mean": 490.14749083238274,
    "student_7_robustness/noise_0.0_std": 1.6778617201262391,
    "student_8_grad_norm_mean": 0.0007809664239175618,
    "student_8_grad_norm_std": 0.0002572252706158906,
    "student_8_logit_mean": 0.9930505752563477,
    "student_8_logit_std": 0.6629489064216614,
    "student_8_lipschitz_mean": 0.816482663154602,
    "student_8_lipschitz_std": 0.4069497585296631,
    "student_8_robustness/noise_0.0_mean": 488.1140960912546,
    "student_8_robustness/noise_0.0_std": 3.545455472191022,
    "student_9_grad_norm_mean": 0.0007362557225860655,
    "student_9_grad_norm_std": 0.00023425415565725416,
    "student_9_logit_mean": 0.9792911410331726,
    "student_9_logit_std": 0.6757169365882874,
    "student_9_lipschitz_mean": 0.7822900414466858,
    "student_9_lipschitz_std": 0.39977338910102844,
    "student_9_robustness/noise_0.0_mean": 432.5282508688888,
    "student_9_robustness/noise_0.0_std": 20.922372360910977,
    "student_10_grad_norm_mean": 0.0008474692003801465,
    "student_10_grad_norm_std": 0.00030019579571671784,
    "student_10_logit_mean": 0.9959108233451843,
    "student_10_logit_std": 0.666865885257721,
    "student_10_lipschitz_mean": 0.868582010269165,
    "student_10_lipschitz_std": 0.42040565609931946,
    "student_10_robustness/noise_0.0_mean": 491.78469851126005,
    "student_10_robustness/noise_0.0_std": 1.8947145886650847,
    "student_11_grad_norm_mean": 0.0008215553825721145,
    "student_11_grad_norm_std": 0.00026151136262342334,
    "student_11_logit_mean": 0.9902730584144592,
    "student_11_logit_std": 0.6686354875564575,
    "student_11_lipschitz_mean": 0.8508139252662659,
    "student_11_lipschitz_std": 0.4140506684780121,
    "student_11_robustness/noise_0.0_mean": 489.9337941760059,
    "student_11_robustness/noise_0.0_std": 2.863292478186482,
    "student_12_grad_norm_mean": 0.0008248614612966776,
    "student_12_grad_norm_std": 0.00027275262982584536,
    "student_12_logit_mean": 0.9846669435501099,
    "student_12_logit_std": 0.6669811010360718,
    "student_12_lipschitz_mean": 0.8403148055076599,
    "student_12_lipschitz_std": 0.4324887692928314,
    "student_12_robustness/noise_0.0_mean": 484.1917993642773,
    "student_12_robustness/noise_0.0_std": 3.5386148413643963,
    "seed": 662426
}