{
    "teacher_grad_norm_mean": 0.007766850292682648,
    "teacher_grad_norm_std": 0.0020154782105237246,
    "teacher_logit_mean": 1.4731602668762207,
    "teacher_logit_std": 0.8508995771408081,
    "teacher_lipschitz_mean": 7.3881449699401855,
    "teacher_lipschitz_std": 3.2821240425109863,
    "teacher_robustness/noise_0.0_mean": -94.87642626837082,
    "teacher_robustness/noise_0.0_std": 29.78924267718257,
    "student_1_grad_norm_mean": 0.008222239091992378,
    "student_1_grad_norm_std": 0.0013003965141251683,
    "student_1_logit_mean": 1.416106939315796,
    "student_1_logit_std": 0.7311192154884338,
    "student_1_lipschitz_mean": 5.98281192779541,
    "student_1_lipschitz_std": 2.7383391857147217,
    "student_1_robustness/noise_0.0_mean": -146.99673809938582,
    "student_1_robustness/noise_0.0_std": 35.19826012575437,
    "student_2_grad_norm_mean": 0.004796192981302738,
    "student_2_grad_norm_std": 0.0006505053024739027,
    "student_2_logit_mean": 1.5148223638534546,
    "student_2_logit_std": 0.23611359298229218,
    "student_2_lipschitz_mean": 2.105774402618408,
    "student_2_lipschitz_std": 1.0086627006530762,
    "student_2_robustness/noise_0.0_mean": -268.1544856287245,
    "student_2_robustness/noise_0.0_std": 38.78956477306728,
    "student_3_grad_norm_mean": 0.0027794239576905966,
    "student_3_grad_norm_std": 0.00037742077256552875,
    "student_3_logit_mean": 1.697930932044983,
    "student_3_logit_std": 0.16729222238063812,
    "student_3_lipschitz_mean": 0.8755848407745361,
    "student_3_lipschitz_std": 0.5884968638420105,
    "student_3_robustness/noise_0.0_mean": -923.7402637421685,
    "student_3_robustness/noise_0.0_std": 686.473325085672,
    "student_4_grad_norm_mean": 0.007092667743563652,
    "student_4_grad_norm_std": 0.001655872561968863,
    "student_4_logit_mean": 1.4873684644699097,
    "student_4_logit_std": 0.39295944571495056,
    "student_4_lipschitz_mean": 6.827481269836426,
    "student_4_lipschitz_std": 3.1422057151794434,
    "student_4_robustness/noise_0.0_mean": -99.74964103589363,
    "student_4_robustness/noise_0.0_std": 28.70969647220642,
    "student_5_grad_norm_mean": 0.008379768580198288,
    "student_5_grad_norm_std": 0.0018737809732556343,
    "student_5_logit_mean": 1.3047630786895752,
    "student_5_logit_std": 0.4264063537120819,
    "student_5_lipschitz_mean": 7.446287155151367,
    "student_5_lipschitz_std": 3.277902364730835,
    "student_5_robustness/noise_0.0_mean": -99.6759417540677,
    "student_5_robustness/noise_0.0_std": 35.4184832027271,
    "student_6_grad_norm_mean": 0.009350749664008617,
    "student_6_grad_norm_std": 0.0016802080208435655,
    "student_6_logit_mean": 1.300335168838501,
    "student_6_logit_std": 0.24927781522274017,
    "student_6_lipschitz_mean": 7.534068584442139,
    "student_6_lipschitz_std": 3.3984649181365967,
    "student_6_robustness/noise_0.0_mean": -130.05265979552934,
    "student_6_robustness/noise_0.0_std": 29.28187484069263,
    "student_7_grad_norm_mean": 0.0068448795937001705,
    "student_7_grad_norm_std": 0.001714963000267744,
    "student_7_logit_mean": 1.3053370714187622,
    "student_7_logit_std": 0.36805257201194763,
    "student_7_lipschitz_mean": 6.903853416442871,
    "student_7_lipschitz_std": 3.1458513736724854,
    "student_7_robustness/noise_0.0_mean": -99.3858884736197,
    "student_7_robustness/noise_0.0_std": 32.17753028980116,
    "student_8_grad_norm_mean": 0.007685796823352575,
    "student_8_grad_norm_std": 0.0020158132538199425,
    "student_8_logit_mean": 1.2440519332885742,
    "student_8_logit_std": 0.4078710377216339,
    "student_8_lipschitz_mean": 7.282220363616943,
    "student_8_lipschitz_std": 3.2328007221221924,
    "student_8_robustness/noise_0.0_mean": -102.22682016358111,
    "student_8_robustness/noise_0.0_std": 36.10214774197758,
    "student_9_grad_norm_mean": 0.008509956300258636,
    "student_9_grad_norm_std": 0.002330703428015113,
    "student_9_logit_mean": 1.408224105834961,
    "student_9_logit_std": 0.5854496955871582,
    "student_9_lipschitz_mean": 7.7535810470581055,
    "student_9_lipschitz_std": 3.6348226070404053,
    "student_9_robustness/noise_0.0_mean": -93.22247683478936,
    "student_9_robustness/noise_0.0_std": 25.173560042227674,
    "student_10_grad_norm_mean": 0.0075219180434942245,
    "student_10_grad_norm_std": 0.001785601139999926,
    "student_10_logit_mean": 1.2908095121383667,
    "student_10_logit_std": 0.26633962988853455,
    "student_10_lipschitz_mean": 7.2425947189331055,
    "student_10_lipschitz_std": 3.227637529373169,
    "student_10_robustness/noise_0.0_mean": -97.86154576194821,
    "student_10_robustness/noise_0.0_std": 29.08126291974067,
    "student_11_grad_norm_mean": 0.007518455386161804,
    "student_11_grad_norm_std": 0.001814339542761445,
    "student_11_logit_mean": 1.3109301328659058,
    "student_11_logit_std": 0.38180962204933167,
    "student_11_lipschitz_mean": 7.2051239013671875,
    "student_11_lipschitz_std": 3.16452693939209,
    "student_11_robustness/noise_0.0_mean": -99.36797696330156,
    "student_11_robustness/noise_0.0_std": 29.419894528053543,
    "student_12_grad_norm_mean": 0.007939277216792107,
    "student_12_grad_norm_std": 0.0021448638290166855,
    "student_12_logit_mean": 1.1880260705947876,
    "student_12_logit_std": 0.46735021471977234,
    "student_12_lipschitz_mean": 7.385943412780762,
    "student_12_lipschitz_std": 3.2669272422790527,
    "student_12_robustness/noise_0.0_mean": -96.03706065793685,
    "student_12_robustness/noise_0.0_std": 30.229352665715194,
    "seed": 336898
}