{
    "teacher_grad_norm_mean": 0.001074601081199944,
    "teacher_grad_norm_std": 0.0004200829425826669,
    "teacher_logit_mean": 1.6996368169784546,
    "teacher_logit_std": 0.8249638676643372,
    "teacher_lipschitz_mean": 1.1232490539550781,
    "teacher_lipschitz_std": 0.5819553136825562,
    "teacher_robustness/noise_0.0_mean": 913.2918338237963,
    "teacher_robustness/noise_0.0_std": 67.7366342811844,
    "student_1_grad_norm_mean": 0.0008574466337449849,
    "student_1_grad_norm_std": 0.0002693194255698472,
    "student_1_logit_mean": 1.5581920146942139,
    "student_1_logit_std": 0.7362258434295654,
    "student_1_lipschitz_mean": 0.8135703802108765,
    "student_1_lipschitz_std": 0.42257118225097656,
    "student_1_robustness/noise_0.0_mean": 957.8501294945476,
    "student_1_robustness/noise_0.0_std": 17.84087132875688,
    "student_2_grad_norm_mean": 0.0006484609912149608,
    "student_2_grad_norm_std": 0.00026715887361206114,
    "student_2_logit_mean": 1.4520282745361328,
    "student_2_logit_std": 0.6588988304138184,
    "student_2_lipschitz_mean": 0.595125675201416,
    "student_2_lipschitz_std": 0.35290542244911194,
    "student_2_robustness/noise_0.0_mean": 646.1091201092145,
    "student_2_robustness/noise_0.0_std": 13.215928573108874,
    "student_3_grad_norm_mean": 0.0004126750282011926,
    "student_3_grad_norm_std": 0.0002677481679711491,
    "student_3_logit_mean": 1.2005077600479126,
    "student_3_logit_std": 0.4328904151916504,
    "student_3_lipschitz_mean": 0.384604275226593,
    "student_3_lipschitz_std": 0.277003675699234,
    "student_3_robustness/noise_0.0_mean": 348.34184574602114,
    "student_3_robustness/noise_0.0_std": 13.596739192907034,
    "student_4_grad_norm_mean": 0.0009485583868809044,
    "student_4_grad_norm_std": 0.00036357383942231536,
    "student_4_logit_mean": 1.5986071825027466,
    "student_4_logit_std": 0.8259866237640381,
    "student_4_lipschitz_mean": 0.9621860980987549,
    "student_4_lipschitz_std": 0.48892873525619507,
    "student_4_robustness/noise_0.0_mean": 976.5597598134667,
    "student_4_robustness/noise_0.0_std": 74.29767499972507,
    "student_5_grad_norm_mean": 0.0009053462417796254,
    "student_5_grad_norm_std": 0.0003584129153750837,
    "student_5_logit_mean": 1.5888432264328003,
    "student_5_logit_std": 0.8011152744293213,
    "student_5_lipschitz_mean": 0.9073538780212402,
    "student_5_lipschitz_std": 0.456810861825943,
    "student_5_robustness/noise_0.0_mean": 949.3551840357812,
    "student_5_robustness/noise_0.0_std": 61.87574525076679,
    "student_6_grad_norm_mean": 0.0008054664358496666,
    "student_6_grad_norm_std": 0.0003473667602520436,
    "student_6_logit_mean": 1.540212631225586,
    "student_6_logit_std": 0.7348169684410095,
    "student_6_lipschitz_mean": 0.7716521620750427,
    "student_6_lipschitz_std": 0.44453272223472595,
    "student_6_robustness/noise_0.0_mean": 689.0942441435516,
    "student_6_robustness/noise_0.0_std": 40.274494225392566,
    "student_7_grad_norm_mean": 0.0010119053767994046,
    "student_7_grad_norm_std": 0.0003926196077372879,
    "student_7_logit_mean": 1.6497399806976318,
    "student_7_logit_std": 0.8391301035881042,
    "student_7_lipschitz_mean": 1.039849877357483,
    "student_7_lipschitz_std": 0.5289446115493774,
    "student_7_robustness/noise_0.0_mean": 882.6275162338907,
    "student_7_robustness/noise_0.0_std": 62.68721583856294,
    "student_8_grad_norm_mean": 0.001008746912702918,
    "student_8_grad_norm_std": 0.0003926100907847285,
    "student_8_logit_mean": 1.630045771598816,
    "student_8_logit_std": 0.8052006363868713,
    "student_8_lipschitz_mean": 1.0117077827453613,
    "student_8_lipschitz_std": 0.5105255246162415,
    "student_8_robustness/noise_0.0_mean": 943.9437876374716,
    "student_8_robustness/noise_0.0_std": 58.701994632807185,
    "student_9_grad_norm_mean": 0.0008523735450580716,
    "student_9_grad_norm_std": 0.00038970672176219523,
    "student_9_logit_mean": 1.5745903253555298,
    "student_9_logit_std": 0.7978888750076294,
    "student_9_lipschitz_mean": 0.8724286556243896,
    "student_9_lipschitz_std": 0.5202285647392273,
    "student_9_robustness/noise_0.0_mean": 1000.7887882579317,
    "student_9_robustness/noise_0.0_std": 42.1953825868554,
    "student_10_grad_norm_mean": 0.001031019608490169,
    "student_10_grad_norm_std": 0.00041773210978135467,
    "student_10_logit_mean": 1.623683214187622,
    "student_10_logit_std": 0.8409890532493591,
    "student_10_lipschitz_mean": 1.0669503211975098,
    "student_10_lipschitz_std": 0.5594319105148315,
    "student_10_robustness/noise_0.0_mean": 898.2619589127323,
    "student_10_robustness/noise_0.0_std": 70.77365158980581,
    "student_11_grad_norm_mean": 0.001029341365210712,
    "student_11_grad_norm_std": 0.00041620898991823196,
    "student_11_logit_mean": 1.6099622249603271,
    "student_11_logit_std": 0.8314040899276733,
    "student_11_lipschitz_mean": 1.009612798690796,
    "student_11_lipschitz_std": 0.5098291635513306,
    "student_11_robustness/noise_0.0_mean": 885.2028155954048,
    "student_11_robustness/noise_0.0_std": 58.30318422270422,
    "student_12_grad_norm_mean": 0.0009748950251378119,
    "student_12_grad_norm_std": 0.0004340430605225265,
    "student_12_logit_mean": 1.6771397590637207,
    "student_12_logit_std": 0.785834789276123,
    "student_12_lipschitz_mean": 0.9935551881790161,
    "student_12_lipschitz_std": 0.5137152075767517,
    "student_12_robustness/noise_0.0_mean": 909.0532092756522,
    "student_12_robustness/noise_0.0_std": 62.638110469773366,
    "seed": 702568
}