{
    "teacher_grad_norm_mean": 0.0015895290998741984,
    "teacher_grad_norm_std": 0.000471552339149639,
    "teacher_logit_mean": 5.837721824645996,
    "teacher_logit_std": 1.4524697065353394,
    "teacher_lipschitz_mean": 0.8291373252868652,
    "teacher_lipschitz_std": 0.3235502243041992,
    "teacher_robustness/noise_0.0_mean": -12.103031871879736,
    "teacher_robustness/noise_0.0_std": 10.026436919343123,
    "student_1_grad_norm_mean": 0.0007463804795406759,
    "student_1_grad_norm_std": 0.0002716148446779698,
    "student_1_logit_mean": 5.205702304840088,
    "student_1_logit_std": 0.9626415371894836,
    "student_1_lipschitz_mean": 0.4864223599433899,
    "student_1_lipschitz_std": 0.22031572461128235,
    "student_1_robustness/noise_0.0_mean": -13.379735694415139,
    "student_1_robustness/noise_0.0_std": 12.80894941777469,
    "student_2_grad_norm_mean": 0.00047509820433333516,
    "student_2_grad_norm_std": 0.0002830041048582643,
    "student_2_logit_mean": 3.499936103820801,
    "student_2_logit_std": 0.7064026594161987,
    "student_2_lipschitz_mean": 0.2856293320655823,
    "student_2_lipschitz_std": 0.1796228438615799,
    "student_2_robustness/noise_0.0_mean": -10.63818734090386,
    "student_2_robustness/noise_0.0_std": 11.205231606935177,
    "student_3_grad_norm_mean": 0.0002965372405014932,
    "student_3_grad_norm_std": 0.00018682426889427006,
    "student_3_logit_mean": 2.154731512069702,
    "student_3_logit_std": 0.39667171239852905,
    "student_3_lipschitz_mean": 0.15928411483764648,
    "student_3_lipschitz_std": 0.11323190480470657,
    "student_3_robustness/noise_0.0_mean": -5.2608714635413865,
    "student_3_robustness/noise_0.0_std": 60.22057294112124,
    "student_4_grad_norm_mean": 0.0011933355126529932,
    "student_4_grad_norm_std": 0.0004213175270706415,
    "student_4_logit_mean": 5.547704696655273,
    "student_4_logit_std": 1.311767578125,
    "student_4_lipschitz_mean": 0.6698502898216248,
    "student_4_lipschitz_std": 0.265120267868042,
    "student_4_robustness/noise_0.0_mean": -11.652687861429945,
    "student_4_robustness/noise_0.0_std": 7.699523087062084,
    "student_5_grad_norm_mean": 0.0009648519335314631,
    "student_5_grad_norm_std": 0.0004652930947486311,
    "student_5_logit_mean": 5.408337593078613,
    "student_5_logit_std": 1.0862089395523071,
    "student_5_lipschitz_mean": 0.6099221706390381,
    "student_5_lipschitz_std": 0.27303242683410645,
    "student_5_robustness/noise_0.0_mean": -11.050255999853716,
    "student_5_robustness/noise_0.0_std": 12.067404363155902,
    "student_6_grad_norm_mean": 0.0006840363494120538,
    "student_6_grad_norm_std": 0.000330416951328516,
    "student_6_logit_mean": 4.50239372253418,
    "student_6_logit_std": 0.8905506134033203,
    "student_6_lipschitz_mean": 0.44596800208091736,
    "student_6_lipschitz_std": 0.24383409321308136,
    "student_6_robustness/noise_0.0_mean": -42.25718466204167,
    "student_6_robustness/noise_0.0_std": 208.85558805041552,
    "student_7_grad_norm_mean": 0.0013088464038446546,
    "student_7_grad_norm_std": 0.0003903257893398404,
    "student_7_logit_mean": 5.602697372436523,
    "student_7_logit_std": 1.4213441610336304,
    "student_7_lipschitz_mean": 0.6962993741035461,
    "student_7_lipschitz_std": 0.26246294379234314,
    "student_7_robustness/noise_0.0_mean": -11.401989253664567,
    "student_7_robustness/noise_0.0_std": 7.521737622113664,
    "student_8_grad_norm_mean": 0.0011295966105535626,
    "student_8_grad_norm_std": 0.0003840631106868386,
    "student_8_logit_mean": 5.600678443908691,
    "student_8_logit_std": 1.2308592796325684,
    "student_8_lipschitz_mean": 0.6630967259407043,
    "student_8_lipschitz_std": 0.26722994446754456,
    "student_8_robustness/noise_0.0_mean": -29.840142640799623,
    "student_8_robustness/noise_0.0_std": 179.197114254153,
    "student_9_grad_norm_mean": 0.0009517581202089787,
    "student_9_grad_norm_std": 0.00036113307578489184,
    "student_9_logit_mean": 5.2392144203186035,
    "student_9_logit_std": 1.0212153196334839,
    "student_9_lipschitz_mean": 0.6230029463768005,
    "student_9_lipschitz_std": 0.29485052824020386,
    "student_9_robustness/noise_0.0_mean": -28.222826216714928,
    "student_9_robustness/noise_0.0_std": 170.45320176194966,
    "student_10_grad_norm_mean": 0.0013067638501524925,
    "student_10_grad_norm_std": 0.00040719719254411757,
    "student_10_logit_mean": 5.49777889251709,
    "student_10_logit_std": 1.4667922258377075,
    "student_10_lipschitz_mean": 0.7014339566230774,
    "student_10_lipschitz_std": 0.27172863483428955,
    "student_10_robustness/noise_0.0_mean": -10.303484802969457,
    "student_10_robustness/noise_0.0_std": 7.62786733475532,
    "student_11_grad_norm_mean": 0.0012776351068168879,
    "student_11_grad_norm_std": 0.0003708448202814907,
    "student_11_logit_mean": 5.665633678436279,
    "student_11_logit_std": 1.3428723812103271,
    "student_11_lipschitz_mean": 0.6948313117027283,
    "student_11_lipschitz_std": 0.2684110701084137,
    "student_11_robustness/noise_0.0_mean": -10.658587240369947,
    "student_11_robustness/noise_0.0_std": 10.234745922404956,
    "student_12_grad_norm_mean": 0.0011130546918138862,
    "student_12_grad_norm_std": 0.0003421239089220762,
    "student_12_logit_mean": 5.499859809875488,
    "student_12_logit_std": 1.2161563634872437,
    "student_12_lipschitz_mean": 0.6645603179931641,
    "student_12_lipschitz_std": 0.2678084671497345,
    "student_12_robustness/noise_0.0_mean": -12.541329602681824,
    "student_12_robustness/noise_0.0_std": 10.625798647877357,
    "seed": 906233
}