{
    "teacher_grad_norm_mean": 4.072973752045073e-06,
    "teacher_grad_norm_std": 5.126568680680066e-07,
    "teacher_logit_mean": 0.004798748530447483,
    "teacher_logit_std": 0.00278060813434422,
    "teacher_lipschitz_mean": 0.0029123013373464346,
    "teacher_lipschitz_std": 0.001327034318819642,
    "teacher_robustness/noise_0.0_mean": 220.59402143907315,
    "teacher_robustness/noise_0.0_std": 69.89851598163044,
    "teacher_robustness/noise_0.01_mean": 213.35006287811854,
    "teacher_robustness/noise_0.01_std": 59.17316520111512,
    "teacher_robustness/noise_0.05_mean": 221.55337686362154,
    "teacher_robustness/noise_0.05_std": 47.43322898370726,
    "teacher_robustness/noise_0.1_mean": 192.9071819243797,
    "teacher_robustness/noise_0.1_std": 50.60772810636552,
    "teacher_robustness/noise_0.2_mean": 203.66590781028327,
    "teacher_robustness/noise_0.2_std": 62.8442324120803,
    "teacher_robustness/noise_0.5_mean": 191.6687000579889,
    "teacher_robustness/noise_0.5_std": 69.89627702635303,
    "teacher_robustness/noise_1.0_mean": 154.81811434489353,
    "teacher_robustness/noise_1.0_std": 44.09510312396857,
    "student_0_grad_norm_mean": 1.8435919173498405e-06,
    "student_0_grad_norm_std": 1.8070929286295723e-07,
    "student_0_logit_mean": 0.004282023292034864,
    "student_0_logit_std": 0.0005935694789513946,
    "student_0_lipschitz_mean": 0.0019773440435528755,
    "student_0_lipschitz_std": 0.000833521131426096,
    "student_0_robustness/noise_0.0_mean": 163.1350151817491,
    "student_0_robustness/noise_0.0_std": 34.824396621744796,
    "student_0_robustness/noise_0.01_mean": 145.94996623791218,
    "student_0_robustness/noise_0.01_std": 21.081498017121664,
    "student_0_robustness/noise_0.05_mean": 141.054234730374,
    "student_0_robustness/noise_0.05_std": 24.809166394943233,
    "student_0_robustness/noise_0.1_mean": 150.78607562399958,
    "student_0_robustness/noise_0.1_std": 60.92457356313677,
    "student_0_robustness/noise_0.2_mean": 131.88804764136313,
    "student_0_robustness/noise_0.2_std": 20.3994504651017,
    "student_0_robustness/noise_0.5_mean": 138.64606506526582,
    "student_0_robustness/noise_0.5_std": 25.126566412788538,
    "student_0_robustness/noise_1.0_mean": 129.45058559744712,
    "student_0_robustness/noise_1.0_std": 19.895065250637835,
    "student_1_grad_norm_mean": 2.8755773655575467e-06,
    "student_1_grad_norm_std": 7.069292564665375e-07,
    "student_1_logit_mean": 0.004299710039049387,
    "student_1_logit_std": 0.0014623325550928712,
    "student_1_lipschitz_mean": 0.0029504969716072083,
    "student_1_lipschitz_std": 0.0013064839877188206,
    "student_1_robustness/noise_0.0_mean": 214.79202289355345,
    "student_1_robustness/noise_0.0_std": 51.43307282844072,
    "student_1_robustness/noise_0.01_mean": 227.83396082386352,
    "student_1_robustness/noise_0.01_std": 58.54481626606904,
    "student_1_robustness/noise_0.05_mean": 200.93847519357814,
    "student_1_robustness/noise_0.05_std": 47.77913986148896,
    "student_1_robustness/noise_0.1_mean": 218.01846231220333,
    "student_1_robustness/noise_0.1_std": 50.57111421944915,
    "student_1_robustness/noise_0.2_mean": 204.42084174870112,
    "student_1_robustness/noise_0.2_std": 41.40615719439426,
    "student_1_robustness/noise_0.5_mean": 216.56518528636667,
    "student_1_robustness/noise_0.5_std": 68.48813942149907,
    "student_1_robustness/noise_1.0_mean": 202.77486269311254,
    "student_1_robustness/noise_1.0_std": 67.36683776782608,
    "student_2_grad_norm_mean": 3.169854380757897e-06,
    "student_2_grad_norm_std": 9.193570917886973e-07,
    "student_2_logit_mean": 0.0031994821038097143,
    "student_2_logit_std": 0.002113571623340249,
    "student_2_lipschitz_mean": 0.002627738518640399,
    "student_2_lipschitz_std": 0.0013042803620919585,
    "student_2_robustness/noise_0.0_mean": 124.00356349811152,
    "student_2_robustness/noise_0.0_std": 17.881199293114236,
    "student_2_robustness/noise_0.01_mean": 122.79805323117235,
    "student_2_robustness/noise_0.01_std": 18.552580416599064,
    "student_2_robustness/noise_0.05_mean": 121.51480854218455,
    "student_2_robustness/noise_0.05_std": 24.11871448774506,
    "student_2_robustness/noise_0.1_mean": 123.39256126366709,
    "student_2_robustness/noise_0.1_std": 16.373866962946135,
    "student_2_robustness/noise_0.2_mean": 121.68156677474299,
    "student_2_robustness/noise_0.2_std": 14.462124470727371,
    "student_2_robustness/noise_0.5_mean": 128.24112739077475,
    "student_2_robustness/noise_0.5_std": 22.433102852883795,
    "student_2_robustness/noise_1.0_mean": 127.6343505983094,
    "student_2_robustness/noise_1.0_std": 58.91279542930336,
    "student_3_grad_norm_mean": 3.594450618038536e-06,
    "student_3_grad_norm_std": 1.0368088396717212e-06,
    "student_3_logit_mean": 0.0045054759830236435,
    "student_3_logit_std": 0.002131992718204856,
    "student_3_lipschitz_mean": 0.002883272711187601,
    "student_3_lipschitz_std": 0.0015132531989365816,
    "student_3_robustness/noise_0.0_mean": 139.57401308224448,
    "student_3_robustness/noise_0.0_std": 45.384687831811085,
    "student_3_robustness/noise_0.01_mean": 154.497512280717,
    "student_3_robustness/noise_0.01_std": 62.919816533146076,
    "student_3_robustness/noise_0.05_mean": 177.28875078082098,
    "student_3_robustness/noise_0.05_std": 79.29425424227823,
    "student_3_robustness/noise_0.1_mean": 163.2634360147685,
    "student_3_robustness/noise_0.1_std": 55.933977344899155,
    "student_3_robustness/noise_0.2_mean": 192.88680789236332,
    "student_3_robustness/noise_0.2_std": 89.68013738747801,
    "student_3_robustness/noise_0.5_mean": 169.87356967123426,
    "student_3_robustness/noise_0.5_std": 67.54976695905623,
    "student_3_robustness/noise_1.0_mean": 140.78716882658296,
    "student_3_robustness/noise_1.0_std": 30.256934211456603,
    "seed": 0
}