{
    "teacher_grad_norm_mean": 0.0003503811894915998,
    "teacher_grad_norm_std": 8.65639085532166e-05,
    "teacher_logit_mean": 0.848342776298523,
    "teacher_logit_std": 0.2775628864765167,
    "teacher_lipschitz_mean": 0.19012275338172913,
    "teacher_lipschitz_std": 0.0675772875547409,
    "teacher_robustness/noise_0.0_mean": 1015.0366267094878,
    "teacher_robustness/noise_0.0_std": 389.984196491525,
    "student_1_grad_norm_mean": 0.00020975609368178993,
    "student_1_grad_norm_std": 6.316189683275297e-05,
    "student_1_logit_mean": 0.6538455486297607,
    "student_1_logit_std": 0.18926121294498444,
    "student_1_lipschitz_mean": 0.1195773333311081,
    "student_1_lipschitz_std": 0.04436017945408821,
    "student_1_robustness/noise_0.0_mean": 1507.7131473007985,
    "student_1_robustness/noise_0.0_std": 188.14512219312206,
    "student_2_grad_norm_mean": 0.00018332478066440672,
    "student_2_grad_norm_std": 6.186048995004967e-05,
    "student_2_logit_mean": 0.6281457543373108,
    "student_2_logit_std": 0.16676107048988342,
    "student_2_lipschitz_mean": 0.11320625990629196,
    "student_2_lipschitz_std": 0.04385429620742798,
    "student_2_robustness/noise_0.0_mean": 1550.5387164515137,
    "student_2_robustness/noise_0.0_std": 142.06745780517633,
    "student_3_grad_norm_mean": 0.0001498329802416265,
    "student_3_grad_norm_std": 5.878144656890072e-05,
    "student_3_logit_mean": 0.5681321620941162,
    "student_3_logit_std": 0.14154058694839478,
    "student_3_lipschitz_mean": 0.09332691878080368,
    "student_3_lipschitz_std": 0.04155496507883072,
    "student_3_robustness/noise_0.0_mean": 1519.671378613582,
    "student_3_robustness/noise_0.0_std": 131.64959122126845,
    "student_4_grad_norm_mean": 0.00027420453261584044,
    "student_4_grad_norm_std": 6.559180474141613e-05,
    "student_4_logit_mean": 0.7122018337249756,
    "student_4_logit_std": 0.22565390169620514,
    "student_4_lipschitz_mean": 0.14976347982883453,
    "student_4_lipschitz_std": 0.05331325903534889,
    "student_4_robustness/noise_0.0_mean": 1327.5304417791015,
    "student_4_robustness/noise_0.0_std": 312.53222037377867,
    "student_5_grad_norm_mean": 0.00024625385412946343,
    "student_5_grad_norm_std": 7.382449257420376e-05,
    "student_5_logit_mean": 0.67044597864151,
    "student_5_logit_std": 0.20774169266223907,
    "student_5_lipschitz_mean": 0.1371355652809143,
    "student_5_lipschitz_std": 0.052680853754282,
    "student_5_robustness/noise_0.0_mean": 1391.3166743900717,
    "student_5_robustness/noise_0.0_std": 296.4219069763297,
    "student_6_grad_norm_mean": 0.00018175490549765527,
    "student_6_grad_norm_std": 7.515327160945162e-05,
    "student_6_logit_mean": 0.6822290420532227,
    "student_6_logit_std": 0.17365163564682007,
    "student_6_lipschitz_mean": 0.11332175135612488,
    "student_6_lipschitz_std": 0.050178512930870056,
    "student_6_robustness/noise_0.0_mean": 1446.8705564924205,
    "student_6_robustness/noise_0.0_std": 213.61278582380217,
    "student_7_grad_norm_mean": 0.00029029391589574516,
    "student_7_grad_norm_std": 7.203000859590247e-05,
    "student_7_logit_mean": 0.747821569442749,
    "student_7_logit_std": 0.23039576411247253,
    "student_7_lipschitz_mean": 0.1564847230911255,
    "student_7_lipschitz_std": 0.05630001425743103,
    "student_7_robustness/noise_0.0_mean": 1170.956369151971,
    "student_7_robustness/noise_0.0_std": 381.99393801903113,
    "student_8_grad_norm_mean": 0.00026164771406911314,
    "student_8_grad_norm_std": 7.167967123677954e-05,
    "student_8_logit_mean": 0.7059770226478577,
    "student_8_logit_std": 0.226280078291893,
    "student_8_lipschitz_mean": 0.14427819848060608,
    "student_8_lipschitz_std": 0.05538398399949074,
    "student_8_robustness/noise_0.0_mean": 1392.6251369248334,
    "student_8_robustness/noise_0.0_std": 258.59788830180213,
    "student_9_grad_norm_mean": 0.0002132172230631113,
    "student_9_grad_norm_std": 7.157240906963125e-05,
    "student_9_logit_mean": 0.7102940082550049,
    "student_9_logit_std": 0.22219200432300568,
    "student_9_lipschitz_mean": 0.12345407903194427,
    "student_9_lipschitz_std": 0.048781126737594604,
    "student_9_robustness/noise_0.0_mean": 1452.82953260702,
    "student_9_robustness/noise_0.0_std": 237.6409814493047,
    "student_10_grad_norm_mean": 0.0002793452877085656,
    "student_10_grad_norm_std": 6.813005165895447e-05,
    "student_10_logit_mean": 0.9274947643280029,
    "student_10_logit_std": 0.359977126121521,
    "student_10_lipschitz_mean": 0.15303446352481842,
    "student_10_lipschitz_std": 0.05329575762152672,
    "student_10_robustness/noise_0.0_mean": 1127.6808696926337,
    "student_10_robustness/noise_0.0_std": 399.7860219712817,
    "student_11_grad_norm_mean": 0.00026683963369578123,
    "student_11_grad_norm_std": 6.875563849462196e-05,
    "student_11_logit_mean": 0.7525308132171631,
    "student_11_logit_std": 0.23653334379196167,
    "student_11_lipschitz_mean": 0.14265161752700806,
    "student_11_lipschitz_std": 0.052356354892253876,
    "student_11_robustness/noise_0.0_mean": 1248.516396450364,
    "student_11_robustness/noise_0.0_std": 392.3282978806282,
    "student_12_grad_norm_mean": 0.0002425138372927904,
    "student_12_grad_norm_std": 6.87118517816998e-05,
    "student_12_logit_mean": 0.6739311218261719,
    "student_12_logit_std": 0.22609496116638184,
    "student_12_lipschitz_mean": 0.13097813725471497,
    "student_12_lipschitz_std": 0.04928799718618393,
    "student_12_robustness/noise_0.0_mean": 1395.1082591046525,
    "student_12_robustness/noise_0.0_std": 329.91755422722383,
    "seed": 782628
}