{
    "teacher_grad_norm_mean": 0.006166350096464157,
    "teacher_grad_norm_std": 0.001993045210838318,
    "teacher_logit_mean": 0.703180193901062,
    "teacher_logit_std": 0.6836041808128357,
    "teacher_lipschitz_mean": 5.339926719665527,
    "teacher_lipschitz_std": 3.854102611541748,
    "teacher_robustness/noise_0.0_mean": 496.6,
    "teacher_robustness/noise_0.0_std": 12.727922061357855,
    "student_1_grad_norm_mean": 0.0045373402535915375,
    "student_1_grad_norm_std": 0.0009207554394379258,
    "student_1_logit_mean": 0.5386767387390137,
    "student_1_logit_std": 0.47481268644332886,
    "student_1_lipschitz_mean": 3.994311809539795,
    "student_1_lipschitz_std": 2.586435317993164,
    "student_1_robustness/noise_0.0_mean": 476.6,
    "student_1_robustness/noise_0.0_std": 52.123315320497404,
    "student_2_grad_norm_mean": 0.003381874179467559,
    "student_2_grad_norm_std": 0.0003777013916987926,
    "student_2_logit_mean": 0.5605905055999756,
    "student_2_logit_std": 0.4428296387195587,
    "student_2_lipschitz_mean": 2.9194178581237793,
    "student_2_lipschitz_std": 1.8903675079345703,
    "student_2_robustness/noise_0.0_mean": 479.19,
    "student_2_robustness/noise_0.0_std": 44.514648150917694,
    "student_3_grad_norm_mean": 0.0018663415685296059,
    "student_3_grad_norm_std": 0.00024947396013885736,
    "student_3_logit_mean": 0.5469119548797607,
    "student_3_logit_std": 0.3307802379131317,
    "student_3_lipschitz_mean": 1.644940972328186,
    "student_3_lipschitz_std": 1.0624184608459473,
    "student_3_robustness/noise_0.0_mean": 294.52,
    "student_3_robustness/noise_0.0_std": 187.29909129517955,
    "student_4_grad_norm_mean": 0.0057817972265183926,
    "student_4_grad_norm_std": 0.0012248586863279343,
    "student_4_logit_mean": 0.6930538415908813,
    "student_4_logit_std": 0.6073281764984131,
    "student_4_lipschitz_mean": 4.96441125869751,
    "student_4_lipschitz_std": 3.382957935333252,
    "student_4_robustness/noise_0.0_mean": 490.38,
    "student_4_robustness/noise_0.0_std": 33.095854725327754,
    "student_5_grad_norm_mean": 0.004751723259687424,
    "student_5_grad_norm_std": 0.0015530232340097427,
    "student_5_logit_mean": 0.5488520264625549,
    "student_5_logit_std": 0.5203855633735657,
    "student_5_lipschitz_mean": 4.170116424560547,
    "student_5_lipschitz_std": 3.01920485496521,
    "student_5_robustness/noise_0.0_mean": 490.98,
    "student_5_robustness/noise_0.0_std": 26.45977324165875,
    "student_6_grad_norm_mean": 0.005064227618277073,
    "student_6_grad_norm_std": 0.0014300185721367598,
    "student_6_logit_mean": 0.594565749168396,
    "student_6_logit_std": 0.5211450457572937,
    "student_6_lipschitz_mean": 4.402301788330078,
    "student_6_lipschitz_std": 2.9959635734558105,
    "student_6_robustness/noise_0.0_mean": 478.09,
    "student_6_robustness/noise_0.0_std": 46.446118244692954,
    "student_7_grad_norm_mean": 0.0057335468009114265,
    "student_7_grad_norm_std": 0.0020598231349140406,
    "student_7_logit_mean": 0.6884453296661377,
    "student_7_logit_std": 0.6571465134620667,
    "student_7_lipschitz_mean": 5.065806865692139,
    "student_7_lipschitz_std": 3.8333921432495117,
    "student_7_robustness/noise_0.0_mean": 493.54,
    "student_7_robustness/noise_0.0_std": 19.377006992825287,
    "student_8_grad_norm_mean": 0.005878491792827845,
    "student_8_grad_norm_std": 0.001621091621927917,
    "student_8_logit_mean": 0.6974675059318542,
    "student_8_logit_std": 0.6472207307815552,
    "student_8_lipschitz_mean": 5.26625394821167,
    "student_8_lipschitz_std": 3.641563892364502,
    "student_8_robustness/noise_0.0_mean": 494.15,
    "student_8_robustness/noise_0.0_std": 17.891548284036233,
    "student_9_grad_norm_mean": 0.006510119419544935,
    "student_9_grad_norm_std": 0.0011823017848655581,
    "student_9_logit_mean": 0.756557285785675,
    "student_9_logit_std": 0.6679542660713196,
    "student_9_lipschitz_mean": 5.502503395080566,
    "student_9_lipschitz_std": 3.761657953262329,
    "student_9_robustness/noise_0.0_mean": 491.02,
    "student_9_robustness/noise_0.0_std": 24.409825890407333,
    "student_10_grad_norm_mean": 0.006850819103419781,
    "student_10_grad_norm_std": 0.0019728275947272778,
    "student_10_logit_mean": 0.7969253063201904,
    "student_10_logit_std": 0.734494686126709,
    "student_10_lipschitz_mean": 6.010601997375488,
    "student_10_lipschitz_std": 4.3069305419921875,
    "student_10_robustness/noise_0.0_mean": 495.72,
    "student_10_robustness/noise_0.0_std": 14.390330086554652,
    "student_11_grad_norm_mean": 0.006519603542983532,
    "student_11_grad_norm_std": 0.0021390861365944147,
    "student_11_logit_mean": 0.7423474788665771,
    "student_11_logit_std": 0.7149908542633057,
    "student_11_lipschitz_mean": 5.814422130584717,
    "student_11_lipschitz_std": 4.140093803405762,
    "student_11_robustness/noise_0.0_mean": 496.42,
    "student_11_robustness/noise_0.0_std": 13.842817632259695,
    "student_12_grad_norm_mean": 0.005892773158848286,
    "student_12_grad_norm_std": 0.0020021027885377407,
    "student_12_logit_mean": 0.6906047463417053,
    "student_12_logit_std": 0.649341344833374,
    "student_12_lipschitz_mean": 5.069245338439941,
    "student_12_lipschitz_std": 3.7073864936828613,
    "student_12_robustness/noise_0.0_mean": 495.48,
    "student_12_robustness/noise_0.0_std": 16.090668102971986,
    "seed": 3
}