{
    "teacher_grad_norm_mean": 0.0006637905607931316,
    "teacher_grad_norm_std": 0.00019602400425355881,
    "teacher_logit_mean": 1.5645910501480103,
    "teacher_logit_std": 0.5907607674598694,
    "teacher_lipschitz_mean": 0.3527070879936218,
    "teacher_lipschitz_std": 0.13015654683113098,
    "teacher_robustness/noise_0.0_mean": 18.92630949932663,
    "teacher_robustness/noise_0.0_std": 25.659870761772307,
    "student_1_grad_norm_mean": 0.0004339258885011077,
    "student_1_grad_norm_std": 0.00014722923515364528,
    "student_1_logit_mean": 1.289130449295044,
    "student_1_logit_std": 0.4699624180793762,
    "student_1_lipschitz_mean": 0.24477817118167877,
    "student_1_lipschitz_std": 0.09976687282323837,
    "student_1_robustness/noise_0.0_mean": 72.20985554949341,
    "student_1_robustness/noise_0.0_std": 121.45264068170333,
    "student_2_grad_norm_mean": 0.0003375236119609326,
    "student_2_grad_norm_std": 0.00013144286640454084,
    "student_2_logit_mean": 1.1857104301452637,
    "student_2_logit_std": 0.31673333048820496,
    "student_2_lipschitz_mean": 0.21173778176307678,
    "student_2_lipschitz_std": 0.09424902498722076,
    "student_2_robustness/noise_0.0_mean": 125.54726295795089,
    "student_2_robustness/noise_0.0_std": 167.7495438942132,
    "student_3_grad_norm_mean": 0.00023327187227550894,
    "student_3_grad_norm_std": 0.0001049376223818399,
    "student_3_logit_mean": 1.0170388221740723,
    "student_3_logit_std": 0.226934552192688,
    "student_3_lipschitz_mean": 0.13970795273780823,
    "student_3_lipschitz_std": 0.07276474684476852,
    "student_3_robustness/noise_0.0_mean": 147.60504484360956,
    "student_3_robustness/noise_0.0_std": 100.16957213666385,
    "student_4_grad_norm_mean": 0.0004858603933826089,
    "student_4_grad_norm_std": 0.0001442805805709213,
    "student_4_logit_mean": 1.4290192127227783,
    "student_4_logit_std": 0.5783945918083191,
    "student_4_lipschitz_mean": 0.2666877806186676,
    "student_4_lipschitz_std": 0.10248039662837982,
    "student_4_robustness/noise_0.0_mean": 27.927198185754605,
    "student_4_robustness/noise_0.0_std": 40.96666631351591,
    "student_5_grad_norm_mean": 0.00047847157111391425,
    "student_5_grad_norm_std": 0.0001672224752837792,
    "student_5_logit_mean": 1.3100651502609253,
    "student_5_logit_std": 0.5235540270805359,
    "student_5_lipschitz_mean": 0.27163204550743103,
    "student_5_lipschitz_std": 0.10937269032001495,
    "student_5_robustness/noise_0.0_mean": 35.40420789166951,
    "student_5_robustness/noise_0.0_std": 41.67580290788301,
    "student_6_grad_norm_mean": 0.000414390058722347,
    "student_6_grad_norm_std": 0.0001605155412107706,
    "student_6_logit_mean": 1.2690504789352417,
    "student_6_logit_std": 0.4293771982192993,
    "student_6_lipschitz_mean": 0.25251391530036926,
    "student_6_lipschitz_std": 0.11164212971925735,
    "student_6_robustness/noise_0.0_mean": 134.89233656214304,
    "student_6_robustness/noise_0.0_std": 182.05800020588856,
    "student_7_grad_norm_mean": 0.0005245262873359025,
    "student_7_grad_norm_std": 0.00014472607290372252,
    "student_7_logit_mean": 1.4823557138442993,
    "student_7_logit_std": 0.614595890045166,
    "student_7_lipschitz_mean": 0.28062695264816284,
    "student_7_lipschitz_std": 0.10121235996484756,
    "student_7_robustness/noise_0.0_mean": 37.89570417867734,
    "student_7_robustness/noise_0.0_std": 61.53539805590518,
    "student_8_grad_norm_mean": 0.000510911806486547,
    "student_8_grad_norm_std": 0.00015330500900745392,
    "student_8_logit_mean": 1.2761003971099854,
    "student_8_logit_std": 0.5274384617805481,
    "student_8_lipschitz_mean": 0.27471986413002014,
    "student_8_lipschitz_std": 0.10447244346141815,
    "student_8_robustness/noise_0.0_mean": 33.69043462941342,
    "student_8_robustness/noise_0.0_std": 27.86300152676482,
    "student_9_grad_norm_mean": 0.0004390199901536107,
    "student_9_grad_norm_std": 0.00015518692089244723,
    "student_9_logit_mean": 1.4388535022735596,
    "student_9_logit_std": 0.5215652585029602,
    "student_9_lipschitz_mean": 0.25937435030937195,
    "student_9_lipschitz_std": 0.10448276996612549,
    "student_9_robustness/noise_0.0_mean": 37.986176319736856,
    "student_9_robustness/noise_0.0_std": 33.68380640976796,
    "student_10_grad_norm_mean": 0.0005509546026587486,
    "student_10_grad_norm_std": 0.00014198328426573426,
    "student_10_logit_mean": 1.4988584518432617,
    "student_10_logit_std": 0.5947059392929077,
    "student_10_lipschitz_mean": 0.2912951409816742,
    "student_10_lipschitz_std": 0.10316077619791031,
    "student_10_robustness/noise_0.0_mean": 47.30900678779542,
    "student_10_robustness/noise_0.0_std": 57.985947308905374,
    "student_11_grad_norm_mean": 0.0005310510168783367,
    "student_11_grad_norm_std": 0.00014912293408997357,
    "student_11_logit_mean": 1.3977898359298706,
    "student_11_logit_std": 0.5986965298652649,
    "student_11_lipschitz_mean": 0.27930936217308044,
    "student_11_lipschitz_std": 0.10323882848024368,
    "student_11_robustness/noise_0.0_mean": 31.0907896112633,
    "student_11_robustness/noise_0.0_std": 33.399720126302505,
    "student_12_grad_norm_mean": 0.00046219659270718694,
    "student_12_grad_norm_std": 0.00012808629253413528,
    "student_12_logit_mean": 1.4018090963363647,
    "student_12_logit_std": 0.5796972513198853,
    "student_12_lipschitz_mean": 0.25620466470718384,
    "student_12_lipschitz_std": 0.0990080013871193,
    "student_12_robustness/noise_0.0_mean": 39.61135390296672,
    "student_12_robustness/noise_0.0_std": 71.13371477660658,
    "seed": 0
}