{
    "teacher_grad_norm_mean": 0.0009374599903821945,
    "teacher_grad_norm_std": 0.0003464646579232067,
    "teacher_logit_mean": 6.102688789367676,
    "teacher_logit_std": 1.1722056865692139,
    "teacher_lipschitz_mean": 1.015249252319336,
    "teacher_lipschitz_std": 0.42709505558013916,
    "teacher_robustness/noise_0.0_mean": 924.1036337389725,
    "teacher_robustness/noise_0.0_std": 141.3034834314953,
    "student_1_grad_norm_mean": 0.0005869652377441525,
    "student_1_grad_norm_std": 0.0002843182592187077,
    "student_1_logit_mean": 5.825763702392578,
    "student_1_logit_std": 1.0916938781738281,
    "student_1_lipschitz_mean": 0.5625931620597839,
    "student_1_lipschitz_std": 0.30419811606407166,
    "student_1_robustness/noise_0.0_mean": -45.08015681197291,
    "student_1_robustness/noise_0.0_std": 54.38866375430485,
    "student_2_grad_norm_mean": 0.00012316710490267724,
    "student_2_grad_norm_std": 0.00025523058138787746,
    "student_2_logit_mean": 4.783377647399902,
    "student_2_logit_std": 0.8263196349143982,
    "student_2_lipschitz_mean": 0.16151875257492065,
    "student_2_lipschitz_std": 0.19807279109954834,
    "student_2_robustness/noise_0.0_mean": -236.17591590702006,
    "student_2_robustness/noise_0.0_std": 561.0071902648673,
    "student_3_grad_norm_mean": 0.0001150304451584816,
    "student_3_grad_norm_std": 0.00014416460180655122,
    "student_3_logit_mean": 2.6521997451782227,
    "student_3_logit_std": 0.5626396536827087,
    "student_3_lipschitz_mean": 0.09964549541473389,
    "student_3_lipschitz_std": 0.11676918715238571,
    "student_3_robustness/noise_0.0_mean": -556.8072746900998,
    "student_3_robustness/noise_0.0_std": 40.27917275457363,
    "student_4_grad_norm_mean": 0.0008570642676204443,
    "student_4_grad_norm_std": 0.0003264370607212186,
    "student_4_logit_mean": 5.933668613433838,
    "student_4_logit_std": 1.2010762691497803,
    "student_4_lipschitz_mean": 0.8862507939338684,
    "student_4_lipschitz_std": 0.3932957947254181,
    "student_4_robustness/noise_0.0_mean": 870.9856365637335,
    "student_4_robustness/noise_0.0_std": 163.914057922755,
    "student_5_grad_norm_mean": 0.0007448396645486355,
    "student_5_grad_norm_std": 0.00033465068554505706,
    "student_5_logit_mean": 5.921328067779541,
    "student_5_logit_std": 1.1097290515899658,
    "student_5_lipschitz_mean": 0.734788715839386,
    "student_5_lipschitz_std": 0.3806026577949524,
    "student_5_robustness/noise_0.0_mean": 704.8711786010579,
    "student_5_robustness/noise_0.0_std": 217.90233264628554,
    "student_6_grad_norm_mean": 0.00045302935177460313,
    "student_6_grad_norm_std": 0.00037230856833048165,
    "student_6_logit_mean": 5.479510307312012,
    "student_6_logit_std": 1.1678231954574585,
    "student_6_lipschitz_mean": 0.4297429025173187,
    "student_6_lipschitz_std": 0.33945074677467346,
    "student_6_robustness/noise_0.0_mean": 108.21038571336578,
    "student_6_robustness/noise_0.0_std": 429.72172131178723,
    "student_7_grad_norm_mean": 0.0008881572866812348,
    "student_7_grad_norm_std": 0.00031689228489995003,
    "student_7_logit_mean": 6.0299153327941895,
    "student_7_logit_std": 1.1402578353881836,
    "student_7_lipschitz_mean": 0.9238402247428894,
    "student_7_lipschitz_std": 0.4303138554096222,
    "student_7_robustness/noise_0.0_mean": 913.4200099323514,
    "student_7_robustness/noise_0.0_std": 65.8597518790129,
    "student_8_grad_norm_mean": 0.0008608054486103356,
    "student_8_grad_norm_std": 0.00035267099156044424,
    "student_8_logit_mean": 6.034404277801514,
    "student_8_logit_std": 1.108030915260315,
    "student_8_lipschitz_mean": 0.8698234558105469,
    "student_8_lipschitz_std": 0.41216546297073364,
    "student_8_robustness/noise_0.0_mean": 929.7369956641996,
    "student_8_robustness/noise_0.0_std": 92.8558134248245,
    "student_9_grad_norm_mean": 0.0007377933943644166,
    "student_9_grad_norm_std": 0.0003544637584127486,
    "student_9_logit_mean": 5.84058952331543,
    "student_9_logit_std": 1.20272696018219,
    "student_9_lipschitz_mean": 0.7712016701698303,
    "student_9_lipschitz_std": 0.4413986802101135,
    "student_9_robustness/noise_0.0_mean": 494.2852235429524,
    "student_9_robustness/noise_0.0_std": 377.08320517252974,
    "student_10_grad_norm_mean": 0.0009191443677991629,
    "student_10_grad_norm_std": 0.00033378973603248596,
    "student_10_logit_mean": 6.019321441650391,
    "student_10_logit_std": 1.1682279109954834,
    "student_10_lipschitz_mean": 0.9493599534034729,
    "student_10_lipschitz_std": 0.40021079778671265,
    "student_10_robustness/noise_0.0_mean": 945.3168398938847,
    "student_10_robustness/noise_0.0_std": 65.04046921593222,
    "student_11_grad_norm_mean": 0.0008502558921463788,
    "student_11_grad_norm_std": 0.00032937672222033143,
    "student_11_logit_mean": 5.937994003295898,
    "student_11_logit_std": 1.2298861742019653,
    "student_11_lipschitz_mean": 0.9138809442520142,
    "student_11_lipschitz_std": 0.4178580641746521,
    "student_11_robustness/noise_0.0_mean": 877.7819758987463,
    "student_11_robustness/noise_0.0_std": 261.54485620404927,
    "student_12_grad_norm_mean": 0.0008344210218638182,
    "student_12_grad_norm_std": 0.0003567136882338673,
    "student_12_logit_mean": 5.9164557456970215,
    "student_12_logit_std": 1.1018345355987549,
    "student_12_lipschitz_mean": 0.8627126216888428,
    "student_12_lipschitz_std": 0.42679619789123535,
    "student_12_robustness/noise_0.0_mean": 774.0861969575569,
    "student_12_robustness/noise_0.0_std": 317.08427627725854,
    "seed": 436430
}