{
    "teacher_grad_norm_mean": 0.003358817659318447,
    "teacher_grad_norm_std": 0.0014831451699137688,
    "teacher_logit_mean": 0.5974867343902588,
    "teacher_logit_std": 0.6293197274208069,
    "teacher_lipschitz_mean": 2.1486856937408447,
    "teacher_lipschitz_std": 1.0218048095703125,
    "teacher_robustness/noise_0.0_mean": -414.3856407907508,
    "teacher_robustness/noise_0.0_std": 245.8268085158568,
    "student_1_grad_norm_mean": 0.0034184008836746216,
    "student_1_grad_norm_std": 0.0010718798730522394,
    "student_1_logit_mean": 0.626691997051239,
    "student_1_logit_std": 0.5957484841346741,
    "student_1_lipschitz_mean": 1.981614351272583,
    "student_1_lipschitz_std": 0.9552569389343262,
    "student_1_robustness/noise_0.0_mean": -427.43752987406066,
    "student_1_robustness/noise_0.0_std": 188.13510371468578,
    "student_2_grad_norm_mean": 0.0019023916684091091,
    "student_2_grad_norm_std": 0.000803803966846317,
    "student_2_logit_mean": 0.6926201581954956,
    "student_2_logit_std": 0.3955271244049072,
    "student_2_lipschitz_mean": 1.3157118558883667,
    "student_2_lipschitz_std": 0.8054534196853638,
    "student_2_robustness/noise_0.0_mean": -876.5166125897549,
    "student_2_robustness/noise_0.0_std": 695.05407533706,
    "student_3_grad_norm_mean": 0.0008719552424736321,
    "student_3_grad_norm_std": 0.0004361456085462123,
    "student_3_logit_mean": 1.2034757137298584,
    "student_3_logit_std": 0.15186993777751923,
    "student_3_lipschitz_mean": 0.816067636013031,
    "student_3_lipschitz_std": 0.5796448588371277,
    "student_3_robustness/noise_0.0_mean": -918.2521641799897,
    "student_3_robustness/noise_0.0_std": 678.2611440233912,
    "student_4_grad_norm_mean": 0.0032180463895201683,
    "student_4_grad_norm_std": 0.0010886467061936855,
    "student_4_logit_mean": 0.6215858459472656,
    "student_4_logit_std": 0.5756881833076477,
    "student_4_lipschitz_mean": 1.6671459674835205,
    "student_4_lipschitz_std": 0.9915860891342163,
    "student_4_robustness/noise_0.0_mean": -394.12082555646913,
    "student_4_robustness/noise_0.0_std": 169.53356665122675,
    "student_5_grad_norm_mean": 0.0031990204006433487,
    "student_5_grad_norm_std": 0.0013174507766962051,
    "student_5_logit_mean": 0.6112985610961914,
    "student_5_logit_std": 0.6769670844078064,
    "student_5_lipschitz_mean": 2.03011417388916,
    "student_5_lipschitz_std": 0.995136022567749,
    "student_5_robustness/noise_0.0_mean": -393.3121585513742,
    "student_5_robustness/noise_0.0_std": 145.45352493360642,
    "student_6_grad_norm_mean": 0.0036315128672868013,
    "student_6_grad_norm_std": 0.0008360463543795049,
    "student_6_logit_mean": 0.34090614318847656,
    "student_6_logit_std": 0.4265333414077759,
    "student_6_lipschitz_mean": 1.9040164947509766,
    "student_6_lipschitz_std": 0.9622156620025635,
    "student_6_robustness/noise_0.0_mean": -406.79081820822006,
    "student_6_robustness/noise_0.0_std": 146.43546857417078,
    "student_7_grad_norm_mean": 0.003565856721252203,
    "student_7_grad_norm_std": 0.0010496783070266247,
    "student_7_logit_mean": 0.2940787076950073,
    "student_7_logit_std": 0.33042019605636597,
    "student_7_lipschitz_mean": 1.8602269887924194,
    "student_7_lipschitz_std": 0.9928984642028809,
    "student_7_robustness/noise_0.0_mean": -431.1052184655771,
    "student_7_robustness/noise_0.0_std": 241.32154000454042,
    "student_8_grad_norm_mean": 0.0026320465840399265,
    "student_8_grad_norm_std": 0.0010592383332550526,
    "student_8_logit_mean": 0.2706490159034729,
    "student_8_logit_std": 0.34706613421440125,
    "student_8_lipschitz_mean": 1.8404983282089233,
    "student_8_lipschitz_std": 0.982572615146637,
    "student_8_robustness/noise_0.0_mean": -479.3367767398538,
    "student_8_robustness/noise_0.0_std": 347.9549674255189,
    "student_9_grad_norm_mean": 0.002652255119755864,
    "student_9_grad_norm_std": 0.0008423040853813291,
    "student_9_logit_mean": 0.5533359050750732,
    "student_9_logit_std": 0.5351921916007996,
    "student_9_lipschitz_mean": 1.3960052728652954,
    "student_9_lipschitz_std": 0.8004032969474792,
    "student_9_robustness/noise_0.0_mean": -576.5221167143121,
    "student_9_robustness/noise_0.0_std": 419.48745729785674,
    "student_10_grad_norm_mean": 0.0029298400040715933,
    "student_10_grad_norm_std": 0.0012121835025027394,
    "student_10_logit_mean": 0.28050267696380615,
    "student_10_logit_std": 0.3833485543727875,
    "student_10_lipschitz_mean": 1.962540626525879,
    "student_10_lipschitz_std": 1.0213570594787598,
    "student_10_robustness/noise_0.0_mean": -422.3667406311708,
    "student_10_robustness/noise_0.0_std": 190.65993628102882,
    "student_11_grad_norm_mean": 0.003479165956377983,
    "student_11_grad_norm_std": 0.0012196206953376532,
    "student_11_logit_mean": 0.42152678966522217,
    "student_11_logit_std": 0.5871424674987793,
    "student_11_lipschitz_mean": 1.9940310716629028,
    "student_11_lipschitz_std": 1.02031672000885,
    "student_11_robustness/noise_0.0_mean": -469.70298654187917,
    "student_11_robustness/noise_0.0_std": 217.56471745539417,
    "student_12_grad_norm_mean": 0.003303484059870243,
    "student_12_grad_norm_std": 0.0012559543829411268,
    "student_12_logit_mean": 0.3293197751045227,
    "student_12_logit_std": 0.34582167863845825,
    "student_12_lipschitz_mean": 1.9802452325820923,
    "student_12_lipschitz_std": 0.9741684198379517,
    "student_12_robustness/noise_0.0_mean": -387.76839592654295,
    "student_12_robustness/noise_0.0_std": 172.09826921682264,
    "seed": 682822
}