{
    "teacher_grad_norm_mean": 0.0009206887916661799,
    "teacher_grad_norm_std": 0.000398583390051499,
    "teacher_logit_mean": 1.9589722156524658,
    "teacher_logit_std": 0.66144859790802,
    "teacher_lipschitz_mean": 1.0394951105117798,
    "teacher_lipschitz_std": 0.5545367002487183,
    "teacher_robustness/noise_0.0_mean": 3253.232773292161,
    "teacher_robustness/noise_0.0_std": 10.89743817136442,
    "student_1_grad_norm_mean": 0.0006483958568423986,
    "student_1_grad_norm_std": 0.0003230225411243737,
    "student_1_logit_mean": 1.907444715499878,
    "student_1_logit_std": 0.656162440776825,
    "student_1_lipschitz_mean": 0.6879720091819763,
    "student_1_lipschitz_std": 0.3838290274143219,
    "student_1_robustness/noise_0.0_mean": 2517.6684295070877,
    "student_1_robustness/noise_0.0_std": 321.314630136352,
    "student_2_grad_norm_mean": 0.0004282211302779615,
    "student_2_grad_norm_std": 0.00024828987079672515,
    "student_2_logit_mean": 1.82587730884552,
    "student_2_logit_std": 0.6208158731460571,
    "student_2_lipschitz_mean": 0.44223180413246155,
    "student_2_lipschitz_std": 0.30464085936546326,
    "student_2_robustness/noise_0.0_mean": 1233.5956742731714,
    "student_2_robustness/noise_0.0_std": 207.66806078978505,
    "student_3_grad_norm_mean": 0.00023523143318016082,
    "student_3_grad_norm_std": 0.0001431010168744251,
    "student_3_logit_mean": 1.3727904558181763,
    "student_3_logit_std": 0.45163363218307495,
    "student_3_lipschitz_mean": 0.24847441911697388,
    "student_3_lipschitz_std": 0.19313909113407135,
    "student_3_robustness/noise_0.0_mean": 1007.0440908684218,
    "student_3_robustness/noise_0.0_std": 357.4645118223217,
    "student_4_grad_norm_mean": 0.0007801538449712098,
    "student_4_grad_norm_std": 0.00032509901211597025,
    "student_4_logit_mean": 1.9508694410324097,
    "student_4_logit_std": 0.6517891883850098,
    "student_4_lipschitz_mean": 0.9219094514846802,
    "student_4_lipschitz_std": 0.49995970726013184,
    "student_4_robustness/noise_0.0_mean": 2840.7470282475488,
    "student_4_robustness/noise_0.0_std": 443.4872371792767,
    "student_5_grad_norm_mean": 0.0007168197189457715,
    "student_5_grad_norm_std": 0.0003117379383184016,
    "student_5_logit_mean": 1.9473876953125,
    "student_5_logit_std": 0.6487039923667908,
    "student_5_lipschitz_mean": 0.8297306299209595,
    "student_5_lipschitz_std": 0.4500524401664734,
    "student_5_robustness/noise_0.0_mean": 2465.5806575179386,
    "student_5_robustness/noise_0.0_std": 526.651542889957,
    "student_6_grad_norm_mean": 0.0005518937250599265,
    "student_6_grad_norm_std": 0.0003203060769010335,
    "student_6_logit_mean": 1.929865837097168,
    "student_6_logit_std": 0.6376740336418152,
    "student_6_lipschitz_mean": 0.6659353971481323,
    "student_6_lipschitz_std": 0.4048407971858978,
    "student_6_robustness/noise_0.0_mean": 1300.5869338166704,
    "student_6_robustness/noise_0.0_std": 84.68966108021512,
    "student_7_grad_norm_mean": 0.000867896422278136,
    "student_7_grad_norm_std": 0.0003741586988326162,
    "student_7_logit_mean": 1.9564406871795654,
    "student_7_logit_std": 0.6634734869003296,
    "student_7_lipschitz_mean": 0.9651591181755066,
    "student_7_lipschitz_std": 0.516334056854248,
    "student_7_robustness/noise_0.0_mean": 2757.390517538033,
    "student_7_robustness/noise_0.0_std": 1033.0252536799705,
    "student_8_grad_norm_mean": 0.0007944402168504894,
    "student_8_grad_norm_std": 0.0003130626864731312,
    "student_8_logit_mean": 1.9514034986495972,
    "student_8_logit_std": 0.6660244464874268,
    "student_8_lipschitz_mean": 0.9393686056137085,
    "student_8_lipschitz_std": 0.5014037489891052,
    "student_8_robustness/noise_0.0_mean": 3261.295947458152,
    "student_8_robustness/noise_0.0_std": 10.451387840363711,
    "student_9_grad_norm_mean": 0.0007134429179131985,
    "student_9_grad_norm_std": 0.00036243905196897686,
    "student_9_logit_mean": 1.9569478034973145,
    "student_9_logit_std": 0.6499204635620117,
    "student_9_lipschitz_mean": 0.8485310077667236,
    "student_9_lipschitz_std": 0.49603894352912903,
    "student_9_robustness/noise_0.0_mean": 2809.4378737511825,
    "student_9_robustness/noise_0.0_std": 680.7584971321095,
    "student_10_grad_norm_mean": 0.0008993072551675141,
    "student_10_grad_norm_std": 0.00038703737664036453,
    "student_10_logit_mean": 1.9505155086517334,
    "student_10_logit_std": 0.6710503101348877,
    "student_10_lipschitz_mean": 1.0095640420913696,
    "student_10_lipschitz_std": 0.5410082340240479,
    "student_10_robustness/noise_0.0_mean": 3256.4860861189895,
    "student_10_robustness/noise_0.0_std": 13.395802718963235,
    "student_11_grad_norm_mean": 0.0008684961358085275,
    "student_11_grad_norm_std": 0.0003686145646497607,
    "student_11_logit_mean": 1.9570236206054688,
    "student_11_logit_std": 0.6548288464546204,
    "student_11_lipschitz_mean": 0.9735210537910461,
    "student_11_lipschitz_std": 0.5415735244750977,
    "student_11_robustness/noise_0.0_mean": 2868.8243286796846,
    "student_11_robustness/noise_0.0_std": 910.0330060054066,
    "student_12_grad_norm_mean": 0.0007894670707173645,
    "student_12_grad_norm_std": 0.00035371482954360545,
    "student_12_logit_mean": 1.957579493522644,
    "student_12_logit_std": 0.6552593111991882,
    "student_12_lipschitz_mean": 0.9392443895339966,
    "student_12_lipschitz_std": 0.5156187415122986,
    "student_12_robustness/noise_0.0_mean": 1736.9621818318258,
    "student_12_robustness/noise_0.0_std": 612.2646715322531,
    "seed": 503302
}