{
    "teacher_grad_norm_mean": 0.0010620745597407222,
    "teacher_grad_norm_std": 0.0003229430876672268,
    "teacher_logit_mean": 4.284711837768555,
    "teacher_logit_std": 1.3050869703292847,
    "teacher_lipschitz_mean": 1.2093497514724731,
    "teacher_lipschitz_std": 0.49483755230903625,
    "teacher_robustness/noise_0.0_mean": 482.2806589047294,
    "teacher_robustness/noise_0.0_std": 191.60110713186188,
    "student_1_grad_norm_mean": 0.000599326507654041,
    "student_1_grad_norm_std": 0.00020478734222706407,
    "student_1_logit_mean": 3.767241954803467,
    "student_1_logit_std": 1.0093448162078857,
    "student_1_lipschitz_mean": 0.8032029867172241,
    "student_1_lipschitz_std": 0.3260806202888489,
    "student_1_robustness/noise_0.0_mean": -401.3604866227942,
    "student_1_robustness/noise_0.0_std": 2.915862069649445,
    "student_2_grad_norm_mean": 0.0004820602189283818,
    "student_2_grad_norm_std": 0.0002397531206952408,
    "student_2_logit_mean": 3.0757038593292236,
    "student_2_logit_std": 0.7802814245223999,
    "student_2_lipschitz_mean": 0.5982723832130432,
    "student_2_lipschitz_std": 0.3526001274585724,
    "student_2_robustness/noise_0.0_mean": -478.50542702994113,
    "student_2_robustness/noise_0.0_std": 1.279456398776097,
    "student_3_grad_norm_mean": 0.0003048353537451476,
    "student_3_grad_norm_std": 0.0001884327648440376,
    "student_3_logit_mean": 1.8454487323760986,
    "student_3_logit_std": 0.5566526055335999,
    "student_3_lipschitz_mean": 0.2943367063999176,
    "student_3_lipschitz_std": 0.1987190991640091,
    "student_3_robustness/noise_0.0_mean": -140.4661876394676,
    "student_3_robustness/noise_0.0_std": 2.522015828377764,
    "student_4_grad_norm_mean": 0.0007430665427818894,
    "student_4_grad_norm_std": 0.00020642556773964316,
    "student_4_logit_mean": 3.6328227519989014,
    "student_4_logit_std": 1.017461895942688,
    "student_4_lipschitz_mean": 0.96552973985672,
    "student_4_lipschitz_std": 0.3562934994697571,
    "student_4_robustness/noise_0.0_mean": 272.33900027699434,
    "student_4_robustness/noise_0.0_std": 235.03175391987443,
    "student_5_grad_norm_mean": 0.0006825224263593554,
    "student_5_grad_norm_std": 0.00024665379896759987,
    "student_5_logit_mean": 3.960055351257324,
    "student_5_logit_std": 1.1196932792663574,
    "student_5_lipschitz_mean": 0.8745898008346558,
    "student_5_lipschitz_std": 0.38316649198532104,
    "student_5_robustness/noise_0.0_mean": 296.0674401145911,
    "student_5_robustness/noise_0.0_std": 234.58629318293922,
    "student_6_grad_norm_mean": 0.0005245765205472708,
    "student_6_grad_norm_std": 0.00025498223840259016,
    "student_6_logit_mean": 3.6303319931030273,
    "student_6_logit_std": 0.8283047080039978,
    "student_6_lipschitz_mean": 0.7864976525306702,
    "student_6_lipschitz_std": 0.40803346037864685,
    "student_6_robustness/noise_0.0_mean": -67.37023651284771,
    "student_6_robustness/noise_0.0_std": 331.9734427252485,
    "student_7_grad_norm_mean": 0.0009106110082939267,
    "student_7_grad_norm_std": 0.0002756824833340943,
    "student_7_logit_mean": 4.262121200561523,
    "student_7_logit_std": 1.2920631170272827,
    "student_7_lipschitz_mean": 1.0418286323547363,
    "student_7_lipschitz_std": 0.4211941361427307,
    "student_7_robustness/noise_0.0_mean": 373.4328822644383,
    "student_7_robustness/noise_0.0_std": 211.4198271711594,
    "student_8_grad_norm_mean": 0.000697751238476485,
    "student_8_grad_norm_std": 0.0002529138291720301,
    "student_8_logit_mean": 4.0603485107421875,
    "student_8_logit_std": 0.9805353283882141,
    "student_8_lipschitz_mean": 0.9206196069717407,
    "student_8_lipschitz_std": 0.3835655450820923,
    "student_8_robustness/noise_0.0_mean": 338.27574743923554,
    "student_8_robustness/noise_0.0_std": 314.04988108230896,
    "student_9_grad_norm_mean": 0.0006718345102854073,
    "student_9_grad_norm_std": 0.0002311777207069099,
    "student_9_logit_mean": 3.0415945053100586,
    "student_9_logit_std": 1.1497145891189575,
    "student_9_lipschitz_mean": 0.9804973006248474,
    "student_9_lipschitz_std": 0.4259285628795624,
    "student_9_robustness/noise_0.0_mean": 254.29603132540007,
    "student_9_robustness/noise_0.0_std": 178.9121809047944,
    "student_10_grad_norm_mean": 0.0009762971312738955,
    "student_10_grad_norm_std": 0.0002941845159512013,
    "student_10_logit_mean": 4.2752366065979,
    "student_10_logit_std": 1.2552534341812134,
    "student_10_lipschitz_mean": 1.1333650350570679,
    "student_10_lipschitz_std": 0.43944159150123596,
    "student_10_robustness/noise_0.0_mean": 315.5532217573115,
    "student_10_robustness/noise_0.0_std": 322.91394477011653,
    "student_11_grad_norm_mean": 0.0009043007157742977,
    "student_11_grad_norm_std": 0.0002539771667215973,
    "student_11_logit_mean": 4.215794563293457,
    "student_11_logit_std": 1.2497135400772095,
    "student_11_lipschitz_mean": 1.0506457090377808,
    "student_11_lipschitz_std": 0.4153302311897278,
    "student_11_robustness/noise_0.0_mean": 122.85139356891274,
    "student_11_robustness/noise_0.0_std": 356.09546493814736,
    "student_12_grad_norm_mean": 0.0007312782108783722,
    "student_12_grad_norm_std": 0.00023637259437236935,
    "student_12_logit_mean": 4.240586280822754,
    "student_12_logit_std": 1.0249723196029663,
    "student_12_lipschitz_mean": 0.9428398609161377,
    "student_12_lipschitz_std": 0.38817837834358215,
    "student_12_robustness/noise_0.0_mean": 314.7339926044175,
    "student_12_robustness/noise_0.0_std": 252.066887976339,
    "seed": 790008
}