{
    "teacher_grad_norm_mean": 0.00494221830740571,
    "teacher_grad_norm_std": 0.0014336776221171021,
    "teacher_logit_mean": 0.7876849174499512,
    "teacher_logit_std": 0.36058124899864197,
    "teacher_lipschitz_mean": 4.246180534362793,
    "teacher_lipschitz_std": 1.995301604270935,
    "teacher_robustness/noise_0.0_mean": -281.59077366971655,
    "teacher_robustness/noise_0.0_std": 51.677262471947856,
    "student_1_grad_norm_mean": 0.005150646436959505,
    "student_1_grad_norm_std": 0.0007421173504553735,
    "student_1_logit_mean": 1.003358244895935,
    "student_1_logit_std": 0.29107800126075745,
    "student_1_lipschitz_mean": 3.8451340198516846,
    "student_1_lipschitz_std": 1.8109275102615356,
    "student_1_robustness/noise_0.0_mean": -730.0287746244281,
    "student_1_robustness/noise_0.0_std": 255.48565591760402,
    "student_2_grad_norm_mean": 0.00261423597112298,
    "student_2_grad_norm_std": 0.00028317474061623216,
    "student_2_logit_mean": 1.9100457429885864,
    "student_2_logit_std": 0.1545865833759308,
    "student_2_lipschitz_mean": 1.6185327768325806,
    "student_2_lipschitz_std": 0.8419756293296814,
    "student_2_robustness/noise_0.0_mean": -568.1916439050564,
    "student_2_robustness/noise_0.0_std": 159.81358536185576,
    "student_3_grad_norm_mean": 0.0023170658387243748,
    "student_3_grad_norm_std": 0.0003438454295974225,
    "student_3_logit_mean": 1.589131236076355,
    "student_3_logit_std": 0.1546071171760559,
    "student_3_lipschitz_mean": 0.8381988406181335,
    "student_3_lipschitz_std": 0.5341752171516418,
    "student_3_robustness/noise_0.0_mean": -847.8369797520635,
    "student_3_robustness/noise_0.0_std": 168.43324999118687,
    "student_4_grad_norm_mean": 0.004735823720693588,
    "student_4_grad_norm_std": 0.0011199646396562457,
    "student_4_logit_mean": 1.3073348999023438,
    "student_4_logit_std": 0.4545269310474396,
    "student_4_lipschitz_mean": 4.029918670654297,
    "student_4_lipschitz_std": 1.8827338218688965,
    "student_4_robustness/noise_0.0_mean": -278.8432140781266,
    "student_4_robustness/noise_0.0_std": 43.76075026845305,
    "student_5_grad_norm_mean": 0.004953271243721247,
    "student_5_grad_norm_std": 0.0011517561506479979,
    "student_5_logit_mean": 1.0156843662261963,
    "student_5_logit_std": 0.30164602398872375,
    "student_5_lipschitz_mean": 4.156722068786621,
    "student_5_lipschitz_std": 2.007542848587036,
    "student_5_robustness/noise_0.0_mean": -254.9269178925758,
    "student_5_robustness/noise_0.0_std": 50.799368677971984,
    "student_6_grad_norm_mean": 0.003796187462285161,
    "student_6_grad_norm_std": 0.0009157303138636053,
    "student_6_logit_mean": 1.0720549821853638,
    "student_6_logit_std": 0.3571743667125702,
    "student_6_lipschitz_mean": 3.6049060821533203,
    "student_6_lipschitz_std": 1.8281910419464111,
    "student_6_robustness/noise_0.0_mean": -372.4356835405152,
    "student_6_robustness/noise_0.0_std": 73.68313621912849,
    "student_7_grad_norm_mean": 0.00485320296138525,
    "student_7_grad_norm_std": 0.0010403419146314263,
    "student_7_logit_mean": 1.1937974691390991,
    "student_7_logit_std": 0.34885889291763306,
    "student_7_lipschitz_mean": 4.256471157073975,
    "student_7_lipschitz_std": 1.9906079769134521,
    "student_7_robustness/noise_0.0_mean": -351.35688265016705,
    "student_7_robustness/noise_0.0_std": 99.08354555363998,
    "student_8_grad_norm_mean": 0.0041681029833853245,
    "student_8_grad_norm_std": 0.0012054725084453821,
    "student_8_logit_mean": 0.9827455878257751,
    "student_8_logit_std": 0.28981930017471313,
    "student_8_lipschitz_mean": 3.9701316356658936,
    "student_8_lipschitz_std": 1.9217169284820557,
    "student_8_robustness/noise_0.0_mean": -241.58441356238282,
    "student_8_robustness/noise_0.0_std": 35.48028249063752,
    "student_9_grad_norm_mean": 0.0027226784732192755,
    "student_9_grad_norm_std": 0.0010647597955539823,
    "student_9_logit_mean": 1.1841139793395996,
    "student_9_logit_std": 0.45435041189193726,
    "student_9_lipschitz_mean": 3.6314573287963867,
    "student_9_lipschitz_std": 1.7737385034561157,
    "student_9_robustness/noise_0.0_mean": -220.86394204439773,
    "student_9_robustness/noise_0.0_std": 28.722717472905078,
    "student_10_grad_norm_mean": 0.004429882392287254,
    "student_10_grad_norm_std": 0.0010305691976100206,
    "student_10_logit_mean": 1.2756739854812622,
    "student_10_logit_std": 0.43801379203796387,
    "student_10_lipschitz_mean": 3.999876022338867,
    "student_10_lipschitz_std": 1.9031751155853271,
    "student_10_robustness/noise_0.0_mean": -282.54926372868584,
    "student_10_robustness/noise_0.0_std": 43.80790003507417,
    "student_11_grad_norm_mean": 0.004293262027204037,
    "student_11_grad_norm_std": 0.0010928905103355646,
    "student_11_logit_mean": 1.3432207107543945,
    "student_11_logit_std": 0.2238597869873047,
    "student_11_lipschitz_mean": 3.8727481365203857,
    "student_11_lipschitz_std": 1.822062611579895,
    "student_11_robustness/noise_0.0_mean": -312.4218117196515,
    "student_11_robustness/noise_0.0_std": 52.34288745763138,
    "student_12_grad_norm_mean": 0.004083470441401005,
    "student_12_grad_norm_std": 0.0009887914638966322,
    "student_12_logit_mean": 1.0729385614395142,
    "student_12_logit_std": 0.08848098665475845,
    "student_12_lipschitz_mean": 3.8261146545410156,
    "student_12_lipschitz_std": 1.7806018590927124,
    "student_12_robustness/noise_0.0_mean": -250.02943668471315,
    "student_12_robustness/noise_0.0_std": 30.498113665765388,
    "seed": 559448
}