{
    "teacher_grad_norm_mean": 0.0018535603303462267,
    "teacher_grad_norm_std": 0.0005649930681101978,
    "teacher_logit_mean": 6.165365219116211,
    "teacher_logit_std": 1.973084568977356,
    "teacher_lipschitz_mean": 0.9363926649093628,
    "teacher_lipschitz_std": 0.36793169379234314,
    "teacher_robustness/noise_0.0_mean": -11.281797790413986,
    "teacher_robustness/noise_0.0_std": 7.548442979904013,
    "student_1_grad_norm_mean": 0.001076370244845748,
    "student_1_grad_norm_std": 0.000438519986346364,
    "student_1_logit_mean": 5.28048038482666,
    "student_1_logit_std": 1.9421647787094116,
    "student_1_lipschitz_mean": 0.42319536209106445,
    "student_1_lipschitz_std": 0.22634494304656982,
    "student_1_robustness/noise_0.0_mean": -11.790454852309516,
    "student_1_robustness/noise_0.0_std": 6.348487649075544,
    "student_2_grad_norm_mean": 0.0009951622923836112,
    "student_2_grad_norm_std": 0.0005286845262162387,
    "student_2_logit_mean": 4.3389811515808105,
    "student_2_logit_std": 1.7593822479248047,
    "student_2_lipschitz_mean": 0.25530123710632324,
    "student_2_lipschitz_std": 0.2091701626777649,
    "student_2_robustness/noise_0.0_mean": -12.729698670734875,
    "student_2_robustness/noise_0.0_std": 6.740798152846816,
    "student_3_grad_norm_mean": 0.0008214331464841962,
    "student_3_grad_norm_std": 0.0005805358523502946,
    "student_3_logit_mean": 2.853080987930298,
    "student_3_logit_std": 1.2956644296646118,
    "student_3_lipschitz_mean": 0.1534576117992401,
    "student_3_lipschitz_std": 0.17123660445213318,
    "student_3_robustness/noise_0.0_mean": -12.232643630777373,
    "student_3_robustness/noise_0.0_std": 11.6926001419053,
    "student_4_grad_norm_mean": 0.0013602905673906207,
    "student_4_grad_norm_std": 0.00043759241816587746,
    "student_4_logit_mean": 5.9694695472717285,
    "student_4_logit_std": 1.9858170747756958,
    "student_4_lipschitz_mean": 0.6881794929504395,
    "student_4_lipschitz_std": 0.2733254134654999,
    "student_4_robustness/noise_0.0_mean": -13.488668904566158,
    "student_4_robustness/noise_0.0_std": 8.389255583340669,
    "student_5_grad_norm_mean": 0.0012353378115221858,
    "student_5_grad_norm_std": 0.00046263309195637703,
    "student_5_logit_mean": 5.65397310256958,
    "student_5_logit_std": 1.9760173559188843,
    "student_5_lipschitz_mean": 0.5656354427337646,
    "student_5_lipschitz_std": 0.2791842818260193,
    "student_5_robustness/noise_0.0_mean": -13.69166032065593,
    "student_5_robustness/noise_0.0_std": 9.960206648762442,
    "student_6_grad_norm_mean": 0.0011139701819047332,
    "student_6_grad_norm_std": 0.0005737381288781762,
    "student_6_logit_mean": 5.020017623901367,
    "student_6_logit_std": 1.7977871894836426,
    "student_6_lipschitz_mean": 0.39971840381622314,
    "student_6_lipschitz_std": 0.27411457896232605,
    "student_6_robustness/noise_0.0_mean": -12.916339062761415,
    "student_6_robustness/noise_0.0_std": 8.757368772240735,
    "student_7_grad_norm_mean": 0.0013162745162844658,
    "student_7_grad_norm_std": 0.0004738546267617494,
    "student_7_logit_mean": 5.783910751342773,
    "student_7_logit_std": 1.7072936296463013,
    "student_7_lipschitz_mean": 0.6983646154403687,
    "student_7_lipschitz_std": 0.2919453978538513,
    "student_7_robustness/noise_0.0_mean": -12.866902255626455,
    "student_7_robustness/noise_0.0_std": 10.244162586071663,
    "student_8_grad_norm_mean": 0.0014569655759260058,
    "student_8_grad_norm_std": 0.0004757210845127702,
    "student_8_logit_mean": 6.01761531829834,
    "student_8_logit_std": 1.9568431377410889,
    "student_8_lipschitz_mean": 0.7091302871704102,
    "student_8_lipschitz_std": 0.2982156574726105,
    "student_8_robustness/noise_0.0_mean": -14.455822475132955,
    "student_8_robustness/noise_0.0_std": 20.55042414571134,
    "student_9_grad_norm_mean": 0.0012019004207104445,
    "student_9_grad_norm_std": 0.0005352040752768517,
    "student_9_logit_mean": 5.219290733337402,
    "student_9_logit_std": 1.710446834564209,
    "student_9_lipschitz_mean": 0.5936116576194763,
    "student_9_lipschitz_std": 0.31527307629585266,
    "student_9_robustness/noise_0.0_mean": -12.371044317600486,
    "student_9_robustness/noise_0.0_std": 8.93891986893039,
    "student_10_grad_norm_mean": 0.0016133540775626898,
    "student_10_grad_norm_std": 0.0004895580932497978,
    "student_10_logit_mean": 6.118581771850586,
    "student_10_logit_std": 1.9419974088668823,
    "student_10_lipschitz_mean": 0.7908697724342346,
    "student_10_lipschitz_std": 0.2998529374599457,
    "student_10_robustness/noise_0.0_mean": -15.418435542511737,
    "student_10_robustness/noise_0.0_std": 18.125849275053156,
    "student_11_grad_norm_mean": 0.001506697153672576,
    "student_11_grad_norm_std": 0.000489645404741168,
    "student_11_logit_mean": 5.970743179321289,
    "student_11_logit_std": 1.9915771484375,
    "student_11_lipschitz_mean": 0.752103865146637,
    "student_11_lipschitz_std": 0.3008171319961548,
    "student_11_robustness/noise_0.0_mean": -13.49383651950837,
    "student_11_robustness/noise_0.0_std": 9.061356340367249,
    "student_12_grad_norm_mean": 0.001396599574945867,
    "student_12_grad_norm_std": 0.0004633720964193344,
    "student_12_logit_mean": 5.885489463806152,
    "student_12_logit_std": 1.9780101776123047,
    "student_12_lipschitz_mean": 0.685310959815979,
    "student_12_lipschitz_std": 0.29284048080444336,
    "student_12_robustness/noise_0.0_mean": -30.14440436027155,
    "student_12_robustness/noise_0.0_std": 182.21408138294834,
    "seed": 723692
}