{
    "teacher_grad_norm_mean": 0.0060146586038172245,
    "teacher_grad_norm_std": 0.001978604355826974,
    "teacher_logit_mean": 0.8491266369819641,
    "teacher_logit_std": 0.7968963980674744,
    "teacher_lipschitz_mean": 5.432656288146973,
    "teacher_lipschitz_std": 3.937326431274414,
    "teacher_robustness/noise_0.0_mean": 500.0,
    "teacher_robustness/noise_0.0_std": 0.0,
    "student_1_grad_norm_mean": 0.004912391770631075,
    "student_1_grad_norm_std": 0.0005225734203122556,
    "student_1_logit_mean": 0.6699509620666504,
    "student_1_logit_std": 0.6136624813079834,
    "student_1_lipschitz_mean": 4.3207502365112305,
    "student_1_lipschitz_std": 2.691861629486084,
    "student_1_robustness/noise_0.0_mean": 500.0,
    "student_1_robustness/noise_0.0_std": 0.0,
    "student_2_grad_norm_mean": 0.003797012148424983,
    "student_2_grad_norm_std": 0.00037143254303373396,
    "student_2_logit_mean": 0.6966982483863831,
    "student_2_logit_std": 0.6534332633018494,
    "student_2_lipschitz_mean": 3.387714385986328,
    "student_2_lipschitz_std": 2.0881903171539307,
    "student_2_robustness/noise_0.0_mean": 497.52,
    "student_2_robustness/noise_0.0_std": 17.40659645077118,
    "student_3_grad_norm_mean": 0.0024148591328412294,
    "student_3_grad_norm_std": 0.00034103760845027864,
    "student_3_logit_mean": 0.6455510854721069,
    "student_3_logit_std": 0.610030472278595,
    "student_3_lipschitz_mean": 2.129655361175537,
    "student_3_lipschitz_std": 1.3672398328781128,
    "student_3_robustness/noise_0.0_mean": 427.87,
    "student_3_robustness/noise_0.0_std": 133.635822667427,
    "student_4_grad_norm_mean": 0.005262522958219051,
    "student_4_grad_norm_std": 0.0009694438776932657,
    "student_4_logit_mean": 0.7390464544296265,
    "student_4_logit_std": 0.6991091370582581,
    "student_4_lipschitz_mean": 4.766515731811523,
    "student_4_lipschitz_std": 3.016944408416748,
    "student_4_robustness/noise_0.0_mean": 500.0,
    "student_4_robustness/noise_0.0_std": 0.0,
    "student_5_grad_norm_mean": 0.0050348746590316296,
    "student_5_grad_norm_std": 0.000813052523881197,
    "student_5_logit_mean": 0.6941769123077393,
    "student_5_logit_std": 0.6559642553329468,
    "student_5_lipschitz_mean": 4.530036926269531,
    "student_5_lipschitz_std": 2.921354055404663,
    "student_5_robustness/noise_0.0_mean": 500.0,
    "student_5_robustness/noise_0.0_std": 0.0,
    "student_6_grad_norm_mean": 0.005329483188688755,
    "student_6_grad_norm_std": 0.0006289880257099867,
    "student_6_logit_mean": 0.732650876045227,
    "student_6_logit_std": 0.6831187009811401,
    "student_6_lipschitz_mean": 4.619055271148682,
    "student_6_lipschitz_std": 3.024719715118408,
    "student_6_robustness/noise_0.0_mean": 500.0,
    "student_6_robustness/noise_0.0_std": 0.0,
    "student_7_grad_norm_mean": 0.005981000140309334,
    "student_7_grad_norm_std": 0.0020195667166262865,
    "student_7_logit_mean": 0.8386391997337341,
    "student_7_logit_std": 0.7883152365684509,
    "student_7_lipschitz_mean": 5.360807418823242,
    "student_7_lipschitz_std": 3.866452217102051,
    "student_7_robustness/noise_0.0_mean": 500.0,
    "student_7_robustness/noise_0.0_std": 0.0,
    "student_8_grad_norm_mean": 0.005200498271733522,
    "student_8_grad_norm_std": 0.0015541561879217625,
    "student_8_logit_mean": 0.7319954633712769,
    "student_8_logit_std": 0.6834200024604797,
    "student_8_lipschitz_mean": 4.692955493927002,
    "student_8_lipschitz_std": 3.2861924171447754,
    "student_8_robustness/noise_0.0_mean": 500.0,
    "student_8_robustness/noise_0.0_std": 0.0,
    "student_9_grad_norm_mean": 0.005725509021431208,
    "student_9_grad_norm_std": 0.0012006565229967237,
    "student_9_logit_mean": 0.809669017791748,
    "student_9_logit_std": 0.7704050540924072,
    "student_9_lipschitz_mean": 4.958474636077881,
    "student_9_lipschitz_std": 3.322511672973633,
    "student_9_robustness/noise_0.0_mean": 500.0,
    "student_9_robustness/noise_0.0_std": 0.0,
    "student_10_grad_norm_mean": 0.0062928711995482445,
    "student_10_grad_norm_std": 0.0021059310529381037,
    "student_10_logit_mean": 0.870474636554718,
    "student_10_logit_std": 0.8129047751426697,
    "student_10_lipschitz_mean": 5.533575534820557,
    "student_10_lipschitz_std": 4.085289001464844,
    "student_10_robustness/noise_0.0_mean": 500.0,
    "student_10_robustness/noise_0.0_std": 0.0,
    "student_11_grad_norm_mean": 0.006281464360654354,
    "student_11_grad_norm_std": 0.0021859125699847937,
    "student_11_logit_mean": 0.8706862926483154,
    "student_11_logit_std": 0.8229035139083862,
    "student_11_lipschitz_mean": 5.529022216796875,
    "student_11_lipschitz_std": 3.993396282196045,
    "student_11_robustness/noise_0.0_mean": 500.0,
    "student_11_robustness/noise_0.0_std": 0.0,
    "student_12_grad_norm_mean": 0.006250329315662384,
    "student_12_grad_norm_std": 0.0021991536486893892,
    "student_12_logit_mean": 0.8729297518730164,
    "student_12_logit_std": 0.8256804943084717,
    "student_12_lipschitz_mean": 5.52625846862793,
    "student_12_lipschitz_std": 4.143497943878174,
    "student_12_robustness/noise_0.0_mean": 500.0,
    "student_12_robustness/noise_0.0_std": 0.0,
    "seed": 0
}