{
    "teacher_grad_norm_mean": 0.0006970290560275316,
    "teacher_grad_norm_std": 0.00020738833700306714,
    "teacher_logit_mean": 1.2959903478622437,
    "teacher_logit_std": 0.8677456974983215,
    "teacher_lipschitz_mean": 0.751968264579773,
    "teacher_lipschitz_std": 0.3478008210659027,
    "teacher_robustness/noise_0.0_mean": 972.3121501980146,
    "teacher_robustness/noise_0.0_std": 24.03471483237679,
    "teacher_robustness/noise_0.01_mean": 962.5030505283872,
    "teacher_robustness/noise_0.01_std": 10.199914646751182,
    "teacher_robustness/noise_0.05_mean": 972.8803912914296,
    "teacher_robustness/noise_0.05_std": 58.532464362773496,
    "teacher_robustness/noise_0.1_mean": 970.9984600473365,
    "teacher_robustness/noise_0.1_std": 43.44862428264998,
    "teacher_robustness/noise_0.2_mean": 964.6211160272875,
    "teacher_robustness/noise_0.2_std": 37.29180549098942,
    "teacher_robustness/noise_0.5_mean": 870.2025066957633,
    "teacher_robustness/noise_0.5_std": 131.43690609563055,
    "teacher_robustness/noise_1.0_mean": 468.300001852286,
    "teacher_robustness/noise_1.0_std": 137.6271665676332,
    "student_1_grad_norm_mean": 0.000618130317889154,
    "student_1_grad_norm_std": 0.00018560682656243443,
    "student_1_logit_mean": 1.270804524421692,
    "student_1_logit_std": 0.7805554270744324,
    "student_1_lipschitz_mean": 0.6626759767532349,
    "student_1_lipschitz_std": 0.29337969422340393,
    "student_1_robustness/noise_0.0_mean": 993.0337083562897,
    "student_1_robustness/noise_0.0_std": 86.54872417522624,
    "student_1_robustness/noise_0.01_mean": 982.7558584598797,
    "student_1_robustness/noise_0.01_std": 75.49469300205052,
    "student_1_robustness/noise_0.05_mean": 1010.0872642954197,
    "student_1_robustness/noise_0.05_std": 77.74374077862319,
    "student_1_robustness/noise_0.1_mean": 979.6155240426117,
    "student_1_robustness/noise_0.1_std": 47.931936379924174,
    "student_1_robustness/noise_0.2_mean": 867.8112419581742,
    "student_1_robustness/noise_0.2_std": 97.41798525730358,
    "student_1_robustness/noise_0.5_mean": 733.0119347351228,
    "student_1_robustness/noise_0.5_std": 146.17453344160845,
    "student_1_robustness/noise_1.0_mean": 477.1984405176149,
    "student_1_robustness/noise_1.0_std": 111.84917930139594,
    "student_2_grad_norm_mean": 0.0006306844297796488,
    "student_2_grad_norm_std": 0.0002478940295986831,
    "student_2_logit_mean": 1.2814494371414185,
    "student_2_logit_std": 0.6495844125747681,
    "student_2_lipschitz_mean": 0.6866798400878906,
    "student_2_lipschitz_std": 0.33460238575935364,
    "student_2_robustness/noise_0.0_mean": 968.9016957321832,
    "student_2_robustness/noise_0.0_std": 3.8698846474126163,
    "student_2_robustness/noise_0.01_mean": 968.6485205994546,
    "student_2_robustness/noise_0.01_std": 2.6183854064776675,
    "student_2_robustness/noise_0.05_mean": 952.4005534354332,
    "student_2_robustness/noise_0.05_std": 27.478634728859177,
    "student_2_robustness/noise_0.1_mean": 897.7407687026334,
    "student_2_robustness/noise_0.1_std": 85.46762974599899,
    "student_2_robustness/noise_0.2_mean": 840.9205181215442,
    "student_2_robustness/noise_0.2_std": 110.5316627000531,
    "student_2_robustness/noise_0.5_mean": 749.3883772768672,
    "student_2_robustness/noise_0.5_std": 101.03869743751937,
    "student_2_robustness/noise_1.0_mean": 485.96393790231093,
    "student_2_robustness/noise_1.0_std": 120.16361273650023,
    "student_3_grad_norm_mean": 0.0005085865850560367,
    "student_3_grad_norm_std": 0.00020146094902884215,
    "student_3_logit_mean": 0.9688425660133362,
    "student_3_logit_std": 0.4682271480560303,
    "student_3_lipschitz_mean": 0.474160373210907,
    "student_3_lipschitz_std": 0.2616884708404541,
    "student_3_robustness/noise_0.0_mean": 869.5908417093846,
    "student_3_robustness/noise_0.0_std": 2.546684098061889,
    "student_3_robustness/noise_0.01_mean": 870.9787626112213,
    "student_3_robustness/noise_0.01_std": 4.126484926029324,
    "student_3_robustness/noise_0.05_mean": 866.7607179922136,
    "student_3_robustness/noise_0.05_std": 8.507692442462332,
    "student_3_robustness/noise_0.1_mean": 868.631715671693,
    "student_3_robustness/noise_0.1_std": 16.938424225514307,
    "student_3_robustness/noise_0.2_mean": 829.5218774229263,
    "student_3_robustness/noise_0.2_std": 53.937418388080246,
    "student_3_robustness/noise_0.5_mean": 612.6977140804078,
    "student_3_robustness/noise_0.5_std": 87.50872528126725,
    "student_3_robustness/noise_1.0_mean": 360.83953069581975,
    "student_3_robustness/noise_1.0_std": 75.4793089613393,
    "student_4_grad_norm_mean": 0.0006712578469887376,
    "student_4_grad_norm_std": 0.00016425398644059896,
    "student_4_logit_mean": 1.3009018898010254,
    "student_4_logit_std": 0.7602707743644714,
    "student_4_lipschitz_mean": 0.6992769241333008,
    "student_4_lipschitz_std": 0.29149898886680603,
    "student_4_robustness/noise_0.0_mean": 976.9161762804202,
    "student_4_robustness/noise_0.0_std": 8.419881792625684,
    "student_4_robustness/noise_0.01_mean": 973.2542642871764,
    "student_4_robustness/noise_0.01_std": 4.610882781142608,
    "student_4_robustness/noise_0.05_mean": 966.3366368404857,
    "student_4_robustness/noise_0.05_std": 12.804299618858169,
    "student_4_robustness/noise_0.1_mean": 959.1083453268926,
    "student_4_robustness/noise_0.1_std": 6.522961133787247,
    "student_4_robustness/noise_0.2_mean": 927.964194612217,
    "student_4_robustness/noise_0.2_std": 80.31243111458555,
    "student_4_robustness/noise_0.5_mean": 705.4469539723725,
    "student_4_robustness/noise_0.5_std": 81.20045528730815,
    "student_4_robustness/noise_1.0_mean": 469.42345003824437,
    "student_4_robustness/noise_1.0_std": 128.10218589826442,
    "student_5_grad_norm_mean": 0.0006543740746565163,
    "student_5_grad_norm_std": 0.00019682690617628396,
    "student_5_logit_mean": 1.401355504989624,
    "student_5_logit_std": 0.7140675783157349,
    "student_5_lipschitz_mean": 0.6990091800689697,
    "student_5_lipschitz_std": 0.298038512468338,
    "student_5_robustness/noise_0.0_mean": 863.4349302894652,
    "student_5_robustness/noise_0.0_std": 33.01032765535447,
    "student_5_robustness/noise_0.01_mean": 867.7860499419403,
    "student_5_robustness/noise_0.01_std": 36.973122761421905,
    "student_5_robustness/noise_0.05_mean": 850.0398352356715,
    "student_5_robustness/noise_0.05_std": 70.87094674216644,
    "student_5_robustness/noise_0.1_mean": 840.9557423141941,
    "student_5_robustness/noise_0.1_std": 82.79178671894677,
    "student_5_robustness/noise_0.2_mean": 816.9390761257362,
    "student_5_robustness/noise_0.2_std": 100.92812176066198,
    "student_5_robustness/noise_0.5_mean": 743.251090756564,
    "student_5_robustness/noise_0.5_std": 105.70078223419735,
    "student_5_robustness/noise_1.0_mean": 502.44385063272495,
    "student_5_robustness/noise_1.0_std": 127.63211744272544,
    "student_6_grad_norm_mean": 0.0006255769985727966,
    "student_6_grad_norm_std": 0.00024527651839889586,
    "student_6_logit_mean": 1.413982629776001,
    "student_6_logit_std": 0.680131733417511,
    "student_6_lipschitz_mean": 0.7051375508308411,
    "student_6_lipschitz_std": 0.3310231566429138,
    "student_6_robustness/noise_0.0_mean": 748.1837383602253,
    "student_6_robustness/noise_0.0_std": 30.373313007521972,
    "student_6_robustness/noise_0.01_mean": 748.4632708545964,
    "student_6_robustness/noise_0.01_std": 33.622464693722875,
    "student_6_robustness/noise_0.05_mean": 746.133835482513,
    "student_6_robustness/noise_0.05_std": 46.005622822438596,
    "student_6_robustness/noise_0.1_mean": 769.2709779214439,
    "student_6_robustness/noise_0.1_std": 70.09168511492996,
    "student_6_robustness/noise_0.2_mean": 808.7809751710295,
    "student_6_robustness/noise_0.2_std": 90.87653293254324,