{
    "teacher_grad_norm_mean": 0.001673026941716671,
    "teacher_grad_norm_std": 0.0004764180339407176,
    "teacher_logit_mean": 6.091418266296387,
    "teacher_logit_std": 1.7386634349822998,
    "teacher_lipschitz_mean": 0.9148675203323364,
    "teacher_lipschitz_std": 0.35960012674331665,
    "teacher_robustness/noise_0.0_mean": -25.568048261501634,
    "teacher_robustness/noise_0.0_std": 119.63247382676536,
    "student_1_grad_norm_mean": 0.0011106474557891488,
    "student_1_grad_norm_std": 0.0003367426688782871,
    "student_1_logit_mean": 5.716141700744629,
    "student_1_logit_std": 1.6011078357696533,
    "student_1_lipschitz_mean": 0.6140198111534119,
    "student_1_lipschitz_std": 0.21518391370773315,
    "student_1_robustness/noise_0.0_mean": -10.83049822241283,
    "student_1_robustness/noise_0.0_std": 11.333169354402708,
    "student_2_grad_norm_mean": 0.0009514815174043179,
    "student_2_grad_norm_std": 0.0002901833795476705,
    "student_2_logit_mean": 5.574527263641357,
    "student_2_logit_std": 1.419819951057434,
    "student_2_lipschitz_mean": 0.6011567711830139,
    "student_2_lipschitz_std": 0.22645112872123718,
    "student_2_robustness/noise_0.0_mean": -11.740311898205018,
    "student_2_robustness/noise_0.0_std": 11.864029548244432,
    "student_3_grad_norm_mean": 0.0006890551885589957,
    "student_3_grad_norm_std": 0.00027243216754868627,
    "student_3_logit_mean": 5.004024505615234,
    "student_3_logit_std": 1.0017852783203125,
    "student_3_lipschitz_mean": 0.4962681233882904,
    "student_3_lipschitz_std": 0.22739531099796295,
    "student_3_robustness/noise_0.0_mean": -30.341776004840344,
    "student_3_robustness/noise_0.0_std": 175.3620406443598,
    "student_4_grad_norm_mean": 0.0012448960915207863,
    "student_4_grad_norm_std": 0.00032325959182344377,
    "student_4_logit_mean": 5.778726577758789,
    "student_4_logit_std": 1.723663091659546,
    "student_4_lipschitz_mean": 0.681703507900238,
    "student_4_lipschitz_std": 0.25011491775512695,
    "student_4_robustness/noise_0.0_mean": -14.355198732315444,
    "student_4_robustness/noise_0.0_std": 19.05571764643601,
    "student_5_grad_norm_mean": 0.0011511269258335233,
    "student_5_grad_norm_std": 0.00032804449438117445,
    "student_5_logit_mean": 5.650444507598877,
    "student_5_logit_std": 1.5811498165130615,
    "student_5_lipschitz_mean": 0.6442701816558838,
    "student_5_lipschitz_std": 0.23570649325847626,
    "student_5_robustness/noise_0.0_mean": -26.872029527829874,
    "student_5_robustness/noise_0.0_std": 169.92355139197304,
    "student_6_grad_norm_mean": 0.0010653166100382805,
    "student_6_grad_norm_std": 0.0003467212663963437,
    "student_6_logit_mean": 5.572422504425049,
    "student_6_logit_std": 1.4489072561264038,
    "student_6_lipschitz_mean": 0.63349449634552,
    "student_6_lipschitz_std": 0.24463962018489838,
    "student_6_robustness/noise_0.0_mean": -12.316967935902623,
    "student_6_robustness/noise_0.0_std": 10.148872894651397,
    "student_7_grad_norm_mean": 0.0013682921417057514,
    "student_7_grad_norm_std": 0.00033903412986546755,
    "student_7_logit_mean": 5.985196113586426,
    "student_7_logit_std": 1.7477506399154663,
    "student_7_lipschitz_mean": 0.7486541867256165,
    "student_7_lipschitz_std": 0.2749815285205841,
    "student_7_robustness/noise_0.0_mean": -9.788161662810298,
    "student_7_robustness/noise_0.0_std": 10.907046455902329,
    "student_8_grad_norm_mean": 0.0012558700982481241,
    "student_8_grad_norm_std": 0.00031830903026275337,
    "student_8_logit_mean": 5.7845258712768555,
    "student_8_logit_std": 1.5793063640594482,
    "student_8_lipschitz_mean": 0.6882284879684448,
    "student_8_lipschitz_std": 0.24136391282081604,
    "student_8_robustness/noise_0.0_mean": -29.22200144114519,
    "student_8_robustness/noise_0.0_std": 182.51773422171036,
    "student_9_grad_norm_mean": 0.001230038469657302,
    "student_9_grad_norm_std": 0.00036213020212017,
    "student_9_logit_mean": 5.726323127746582,
    "student_9_logit_std": 1.55561363697052,
    "student_9_lipschitz_mean": 0.6910167336463928,
    "student_9_lipschitz_std": 0.2537447214126587,
    "student_9_robustness/noise_0.0_mean": -17.897752534871078,
    "student_9_robustness/noise_0.0_std": 42.08622623361101,
    "student_10_grad_norm_mean": 0.0013830012176185846,
    "student_10_grad_norm_std": 0.0003580175689421594,
    "student_10_logit_mean": 6.015536308288574,
    "student_10_logit_std": 1.7429333925247192,
    "student_10_lipschitz_mean": 0.7645735144615173,
    "student_10_lipschitz_std": 0.28325241804122925,
    "student_10_robustness/noise_0.0_mean": -28.98270223592167,
    "student_10_robustness/noise_0.0_std": 184.44335851238446,
    "student_11_grad_norm_mean": 0.0014305459335446358,
    "student_11_grad_norm_std": 0.0003480117884464562,
    "student_11_logit_mean": 6.019023895263672,
    "student_11_logit_std": 1.6846261024475098,
    "student_11_lipschitz_mean": 0.7872070670127869,
    "student_11_lipschitz_std": 0.28375470638275146,
    "student_11_robustness/noise_0.0_mean": -28.53616326638041,
    "student_11_robustness/noise_0.0_std": 186.4358551814174,
    "student_12_grad_norm_mean": 0.0012676641345024109,
    "student_12_grad_norm_std": 0.00034295322257094085,
    "student_12_logit_mean": 5.728175163269043,
    "student_12_logit_std": 1.5569993257522583,
    "student_12_lipschitz_mean": 0.7114773392677307,
    "student_12_lipschitz_std": 0.25961047410964966,
    "student_12_robustness/noise_0.0_mean": -20.35715925573682,
    "student_12_robustness/noise_0.0_std": 85.25492434968237,
    "seed": 792869
}