{
    "teacher_grad_norm_mean": 0.0071696024388074875,
    "teacher_grad_norm_std": 0.0018568078521639109,
    "teacher_logit_mean": 0.8919528126716614,
    "teacher_logit_std": 0.8456954956054688,
    "teacher_lipschitz_mean": 5.257134437561035,
    "teacher_lipschitz_std": 2.4857337474823,
    "teacher_robustness/noise_0.0_mean": 28.141839905819012,
    "teacher_robustness/noise_0.0_std": 97.19752675219746,
    "student_1_grad_norm_mean": 0.007519317790865898,
    "student_1_grad_norm_std": 0.0013716734247282147,
    "student_1_logit_mean": 0.8417249917984009,
    "student_1_logit_std": 0.7835192084312439,
    "student_1_lipschitz_mean": 4.698794841766357,
    "student_1_lipschitz_std": 2.3252222537994385,
    "student_1_robustness/noise_0.0_mean": -25.49757052610317,
    "student_1_robustness/noise_0.0_std": 71.08361171990394,
    "student_2_grad_norm_mean": 0.005623749922960997,
    "student_2_grad_norm_std": 0.0019109444692730904,
    "student_2_logit_mean": 1.0233261585235596,
    "student_2_logit_std": 0.6976650357246399,
    "student_2_lipschitz_mean": 3.2125563621520996,
    "student_2_lipschitz_std": 1.939530849456787,
    "student_2_robustness/noise_0.0_mean": -563.7978150329045,
    "student_2_robustness/noise_0.0_std": 116.2715432649908,
    "student_3_grad_norm_mean": 0.0023407842963933945,
    "student_3_grad_norm_std": 0.0007175875944085419,
    "student_3_logit_mean": 1.22388756275177,
    "student_3_logit_std": 0.19567394256591797,
    "student_3_lipschitz_mean": 1.2368932962417603,
    "student_3_lipschitz_std": 0.6648682951927185,
    "student_3_robustness/noise_0.0_mean": -989.6095687615717,
    "student_3_robustness/noise_0.0_std": 796.7540163732424,
    "student_4_grad_norm_mean": 0.0074690235778689384,
    "student_4_grad_norm_std": 0.002059749560430646,
    "student_4_logit_mean": 0.8397097587585449,
    "student_4_logit_std": 0.8236821293830872,
    "student_4_lipschitz_mean": 5.142017841339111,
    "student_4_lipschitz_std": 2.5129315853118896,
    "student_4_robustness/noise_0.0_mean": 49.57322080864562,
    "student_4_robustness/noise_0.0_std": 90.2226453510272,
    "student_5_grad_norm_mean": 0.007141871377825737,
    "student_5_grad_norm_std": 0.0016395940911024809,
    "student_5_logit_mean": 1.1611950397491455,
    "student_5_logit_std": 0.6389117240905762,
    "student_5_lipschitz_mean": 5.179939270019531,
    "student_5_lipschitz_std": 2.501300811767578,
    "student_5_robustness/noise_0.0_mean": 49.301919503901665,
    "student_5_robustness/noise_0.0_std": 86.95191319171302,
    "student_6_grad_norm_mean": 0.008939076215028763,
    "student_6_grad_norm_std": 0.003003091085702181,
    "student_6_logit_mean": 1.1457915306091309,
    "student_6_logit_std": 1.1327522993087769,
    "student_6_lipschitz_mean": 5.048761367797852,
    "student_6_lipschitz_std": 2.83225417137146,
    "student_6_robustness/noise_0.0_mean": 36.31637776589501,
    "student_6_robustness/noise_0.0_std": 96.42098940851771,
    "student_7_grad_norm_mean": 0.007739802822470665,
    "student_7_grad_norm_std": 0.0020997615065425634,
    "student_7_logit_mean": 0.6204362511634827,
    "student_7_logit_std": 0.5789847373962402,
    "student_7_lipschitz_mean": 5.387760639190674,
    "student_7_lipschitz_std": 2.4773335456848145,
    "student_7_robustness/noise_0.0_mean": 29.139094839515202,
    "student_7_robustness/noise_0.0_std": 96.42294854410781,
    "student_8_grad_norm_mean": 0.007613444700837135,
    "student_8_grad_norm_std": 0.002267490141093731,
    "student_8_logit_mean": 1.0256106853485107,
    "student_8_logit_std": 1.135825514793396,
    "student_8_lipschitz_mean": 4.971088409423828,
    "student_8_lipschitz_std": 2.4924514293670654,
    "student_8_robustness/noise_0.0_mean": 40.46574996362756,
    "student_8_robustness/noise_0.0_std": 97.00155328280897,
    "student_9_grad_norm_mean": 0.009471691213548183,
    "student_9_grad_norm_std": 0.0029114289209246635,
    "student_9_logit_mean": 0.7011659145355225,
    "student_9_logit_std": 0.9398102164268494,
    "student_9_lipschitz_mean": 5.748737335205078,
    "student_9_lipschitz_std": 2.8938639163970947,
    "student_9_robustness/noise_0.0_mean": 70.56499149187046,
    "student_9_robustness/noise_0.0_std": 92.42597691691333,
    "student_10_grad_norm_mean": 0.008863791823387146,
    "student_10_grad_norm_std": 0.002327278722077608,
    "student_10_logit_mean": 0.4054745137691498,
    "student_10_logit_std": 0.2758015990257263,
    "student_10_lipschitz_mean": 5.469938278198242,
    "student_10_lipschitz_std": 2.545846700668335,
    "student_10_robustness/noise_0.0_mean": 42.29102287599355,
    "student_10_robustness/noise_0.0_std": 96.22198222369921,
    "student_11_grad_norm_mean": 0.008581964299082756,
    "student_11_grad_norm_std": 0.0021055450197309256,
    "student_11_logit_mean": 0.731560468673706,
    "student_11_logit_std": 0.5999888777732849,
    "student_11_lipschitz_mean": 5.361471652984619,
    "student_11_lipschitz_std": 2.5383963584899902,
    "student_11_robustness/noise_0.0_mean": 36.87962322038774,
    "student_11_robustness/noise_0.0_std": 96.16529235171396,
    "student_12_grad_norm_mean": 0.00783163495361805,
    "student_12_grad_norm_std": 0.002105180872604251,
    "student_12_logit_mean": 0.724988579750061,
    "student_12_logit_std": 0.5013166069984436,
    "student_12_lipschitz_mean": 5.487817764282227,
    "student_12_lipschitz_std": 2.6129953861236572,
    "student_12_robustness/noise_0.0_mean": 58.79392551145599,
    "student_12_robustness/noise_0.0_std": 89.56655099728121,
    "seed": 268169
}